{
  "type": "FeatureCollection",
  "features": [
    {
      "type": "Feature",
      "geometry": {
        "type": "MultiPolygon",
        "coordinates": [
          [
            [
              [-117.3209509263148, 32.68985174916058],
              [-117.30925092220302, 32.656405746108234],
              [-117.30735992181756, 32.65404174598788],
              [-117.29773991913547, 32.6420117451464],
              [-117.2975499191647, 32.641773745357995],
              [-117.29398691867685, 32.63859174504447],
              [-117.28584991684954, 32.631322743906324],
              [-117.28261691607463, 32.62843974429037],
              [-117.27882591508285, 32.62505774419219],
              [-117.27692791412638, 32.62347874454204],
              [-117.27597491389935, 32.62313974415134],
              [-117.2741119140013, 32.622225744164076],
              [-117.27367591398318, 32.62204974444093],
              [-117.27260391303213, 32.62161674410919],
              [-117.271257913343, 32.620704744187904],
              [-117.2688009123448, 32.619419744441046],
              [-117.26733291245696, 32.618911744280965],
              [-117.26502991234284, 32.61816474421047],
              [-117.26312491171367, 32.617654743942836],
              [-117.2607829112415, 32.61687474365577],
              [-117.25679191023319, 32.615906743946525],
              [-117.25657290995007, 32.615853744138626],
              [-117.25510391023732, 32.61547874415905],
              [-117.2520059091816, 32.61486474358192],
              [-117.25088090942545, 32.614860744621716],
              [-117.24679790835562, 32.61485874476319],
              [-117.2458889085095, 32.61499374457009],
              [-117.240671908361, 32.61577074521875],
              [-117.23352490657065, 32.61668274546472],
              [-117.2311479059384, 32.617531746185165],
              [-117.22841990567683, 32.618506746082915],
              [-117.22656590599959, 32.619500746276316],
              [-117.22591490499805, 32.61984874606956],
              [-117.22396390523643, 32.62089374589551],
              [-117.22331390495809, 32.62124274656284],
              [-117.22315590477434, 32.62090374678339],
              [-117.22268190512142, 32.6198887462983],
              [-117.22252490476258, 32.61955074618634],
              [-117.21930190313506, 32.61264174513224],
              [-117.21820790423932, 32.6102967454494],
              [-117.21412390154799, 32.594785743613365],
              [-117.21334590122312, 32.5906197435019],
              [-117.21249090090538, 32.586039742734904],
              [-117.21208390119962, 32.583861742640586],
              [-117.21194790075718, 32.58312874261679],
              [-117.21003689848357, 32.57288774174954],
              [-117.21003689848357, 32.57230974090509],
              [-117.21003689758528, 32.5546387398148],
              [-117.20706389620301, 32.53962073771931],
              [-117.20500689523789, 32.52922873681765],
              [-117.20496789487983, 32.529032736700124],
              [-117.2049288954201, 32.528836736912375],
              [-117.18915689280412, 32.52990073711185],
              [-117.14184388443094, 32.533095739977455],
              [-117.1260738823631, 32.53416074092358],
              [-117.12579888200351, 32.53416074092358],
              [-117.12497388182297, 32.534160741680886],
              [-117.12486788241607, 32.534160741680886],
              [-117.1247008820115, 32.534179741155775],
              [-117.12433388159037, 32.53422474097216],
              [-117.12357488153211, 32.53431574098637],
              [-117.12019888064202, 32.53472374151473],
              [-117.11907388088585, 32.53486074172197],
              [-117.11889488078572, 32.534875741549534],
              [-117.11558588074111, 32.53516974175393],
              [-117.10512187851023, 32.536098741630866],
              [-117.1016348781904, 32.536409742041634],
              [-117.09947787766613, 32.536601741786754],
              [-117.09465787717768, 32.53702874291975],
              [-117.08635387584413, 32.537766743792666],
              [-117.07372587341628, 32.53888874386896],
              [-117.06674987222848, 32.53950874395479],
              [-117.06592787242103, 32.53955374488765],
              [-117.06346387175012, 32.53969074454267],
              [-117.06264287176755, 32.539737745404324],
              [-117.06263687191976, 32.539737745404324],
              [-117.06262187185114, 32.53973874503568],
              [-117.0626168718283, 32.539739745424335],
              [-117.06257887219344, 32.539739745424335],
              [-117.06246487149231, 32.539739745424335],
              [-117.06242787168239, 32.53974174468697],
              [-117.05833587039174, 32.540045744931525],
              [-117.04606086903969, 32.540955745555664],
              [-117.04196986847224, 32.54126174622014],
              [-117.04150986816472, 32.5412817468361],
              [-117.04012986814041, 32.541341745627975],
              [-117.03966986783288, 32.541361745468826],
              [-117.0389748673487, 32.541422746091705],
              [-117.03689286716752, 32.54161074652177],
              [-117.03619886740657, 32.54167374619519],
              [-117.03511286711016, 32.54177074615884],
              [-117.03185486622084, 32.54206374614663],
              [-117.03076986664765, 32.542161746050596],
              [-117.03071886659399, 32.542161746050596],
              [-117.03056786608295, 32.542161746050596],
              [-117.03051786675256, 32.542161746050596],
              [-117.03032186603568, 32.542161746050596],
              [-117.02973586622973, 32.542161746050596],
              [-117.02956986565006, 32.542161746050596],
              [-117.02955486558146, 32.54218574639718],
              [-117.02954086623606, 32.54220674641115],
              [-117.029501865878, 32.54226974718098],
              [-117.02948886635754, 32.54229174677822],
              [-117.02948086596162, 32.54230374655631],
              [-117.0294588662203, 32.54233974663816],
              [-117.02945186564932, 32.54235274752664],
              [-117.02944386615168, 32.542362746577744],
              [-117.02942086568716, 32.54239974699495],
              [-117.02941386601445, 32.542411747515835],
              [-117.02940686634176, 32.54242174656034],
              [-117.02938586642537, 32.54245574663541],
              [-117.02938586642537, 32.54245674623651],
              [-117.0293738658315, 32.54245774659489],
              [-117.02928986616591, 32.5424667467906],
              [-117.02903986681898, 32.542495746573614],
              [-117.02895686607997, 32.542506746723895],
              [-117.02859986570459, 32.54254574703928],
              [-117.02846986600825, 32.542561746697764],
              [-117.02752686582697, 32.54263274704101],
              [-117.0271698663499, 32.54266174752769],
              [-117.02699786502414, 32.54261874735106],
              [-117.02648486591144, 32.542489747454894],
              [-117.02637086521032, 32.54246174727099],
              [-117.02631286548399, 32.5424667475479],
              [-117.02334386519803, 32.54274574710889],
              [-117.0144368634418, 32.54358174781714],
              [-117.01146886387903, 32.54386174804252],
              [-117.00862886256617, 32.54414174815198],
              [-117.00010886132254, 32.54498074896882],
              [-116.99726886090797, 32.54526174818737],
              [-116.99530886002722, 32.54544174858018],
              [-116.98942885918161, 32.54598674918864],
              [-116.98746985902407, 32.54616974983616],
              [-116.98245685819174, 32.54656674986335],
              [-116.96972085580892, 32.54757675093296],
              [-116.96742085516954, 32.54775775001247],
              [-116.9671528553809, 32.547780750078545],
              [-116.96240985488535, 32.54816675034113],
              [-116.95779185406323, 32.5486357510534],
              [-116.94604985191532, 32.549830752117494],
              [-116.94393085192421, 32.5499267520798],
              [-116.93998085092379, 32.55010775247871],
              [-116.93929485155877, 32.55013975212636],
              [-116.93909685119205, 32.5501837520019],
              [-116.93900385040733, 32.55020475241676],
              [-116.93850485064003, 32.550317752040684],
              [-116.93830785099654, 32.55036275209927],
              [-116.93625885042731, 32.550442752484216],
              [-116.93011484909273, 32.5506817529446],
              [-116.92806684924675, 32.55076275255388],
              [-116.92600684880688, 32.5509427532748],
              [-116.91982684748727, 32.55148275327194],
              [-116.9177668470474, 32.55166275330621],
              [-116.91440684694919, 32.55196275382318],
              [-116.90432684575617, 32.55286275465819],
              [-116.90096684475965, 32.553162754192996],
              [-116.89933984396482, 32.55331875425144],
              [-116.89446184285168, 32.55378875477841],
              [-116.89283584367843, 32.55394775519698],
              [-116.88944584254466, 32.554274754958165],
              [-116.87927484111505, 32.555255756179115],
              [-116.87588584070451, 32.555583755929604],
              [-116.87506584054688, 32.55566375620396],
              [-116.87318583913374, 32.55585275579289],
              [-116.87133583965448, 32.55603775642715],
              [-116.8576898376006, 32.55741075684899],
              [-116.857165837719, 32.55746375715224],
              [-116.85313383670278, 32.5577867569809],
              [-116.85298283619174, 32.55779875771627],
              [-116.84831283549109, 32.55817075700371],
              [-116.84716583599361, 32.55826375809891],
              [-116.84119183453832, 32.55876175812265],
              [-116.83385483277718, 32.559372758748566],
              [-116.82903583211359, 32.559774758748745],
              [-116.82803883330226, 32.55985675864445],
              [-116.82504883220159, 32.56010575912405],
              [-116.82436483158807, 32.5601637586409],
              [-116.82405283141853, 32.56018375883116],
              [-116.82368983209368, 32.560205759338096],
              [-116.82260083142421, 32.56027575995159],
              [-116.82223883192425, 32.56030175880272],
              [-116.8215238313486, 32.56034775931425],
              [-116.81938083016973, 32.56048676010761],
              [-116.81866683031728, 32.56053475932388],
              [-116.81666483050209, 32.5606647599431],
              [-116.81411582944234, 32.56087276023921],
              [-116.81095982955863, 32.56113376046013],
              [-116.80570582870189, 32.561565759966776],
              [-116.80047182793662, 32.56199576014065],
              [-116.7959238265364, 32.562369760471945],
              [-116.79476482734333, 32.56246476051426],
              [-116.79384782710132, 32.562544760711006],
              [-116.78762282557587, 32.563091761450764],
              [-116.78730982558142, 32.563119762013436],
              [-116.78566382452001, 32.563264761542804],
              [-116.7855478250674, 32.563274762049915],
              [-116.78550382558477, 32.56327776167187],
              [-116.7853718253403, 32.563288761546694],
              [-116.7853288256826, 32.56329276205149],
              [-116.78281982480583, 32.56350176167874],
              [-116.78224382504565, 32.56354976231051],
              [-116.77973582399382, 32.563772761517434],
              [-116.76746382211647, 32.56486476264066],
              [-116.76295882217059, 32.565220762757264],
              [-116.75736382083197, 32.565664762709446],
              [-116.75701481995421, 32.565693763325584],
              [-116.75596782001584, 32.56578276304328],
              [-116.7556198198613, 32.56581376381736],
              [-116.75405981991194, 32.565946763891056],
              [-116.74630081837643, 32.5666097641515],
              [-116.74566381941517, 32.56666476374064],
              [-116.74318881797531, 32.56686276440485],
              [-116.73580581708171, 32.56745376429302],
              [-116.7356638167915, 32.567464764412875],
              [-116.71726281364818, 32.56886576589778],
              [-116.70875181172704, 32.56957076587944],
              [-116.70588081135038, 32.569807766767774],
              [-116.69344880963945, 32.57083776678769],
              [-116.69263481022789, 32.57090476730903],
              [-116.69019580967137, 32.57110676709769],
              [-116.68938280828807, 32.57117476745638],
              [-116.68588580882079, 32.57147276701743],
              [-116.68408580777363, 32.571630767104544],
              [-116.67700480700385, 32.57224976811357],
              [-116.6659798059797, 32.573215768641774],
              [-116.65668580371087, 32.574029769267106],
              [-116.64838980277321, 32.57469976957831],
              [-116.64232980110421, 32.575188770021526],
              [-116.63986580133161, 32.57538577080271],
              [-116.63189579901056, 32.5760307712237],
              [-116.62748279912618, 32.57638677092907],
              [-116.62715479816482, 32.576383771745455],
              [-116.62617079887393, 32.576376771126725],
              [-116.62599379842364, 32.576376771126725],
              [-116.62590779820988, 32.576376771126725],
              [-116.62586179817914, 32.57633177124552],
              [-116.62398479803738, 32.57651877124316],
              [-116.6183537976121, 32.57708077189672],
              [-116.6174537970885, 32.57717077164182],
              [-116.6164757967471, 32.577252771532855],
              [-116.60807479532916, 32.57795277238735],
              [-116.60753179518095, 32.57799977289346],
              [-116.60397679508905, 32.57829677176928],
              [-116.59682479417414, 32.578888772720866],
              [-116.59213979250656, 32.579275773097024],
              [-116.59028079190813, 32.57942977327703],
              [-116.58287479144833, 32.58005777365123],
              [-116.5744757896802, 32.580771774355],
              [-116.57232978992492, 32.5809527738441],
              [-116.56843778865083, 32.58128377403904],
              [-116.56589478833719, 32.5815087751753],
              [-116.56375078823174, 32.58169977465722],
              [-116.5591437872803, 32.582106774855056],
              [-116.55914278745539, 32.582106774855056],
              [-116.54532578479898, 32.58333577569509],
              [-116.54071978457075, 32.58374577648633],
              [-116.54065478427343, 32.58375177663168],
              [-116.53968678397779, 32.58380377661299],
              [-116.53658678327221, 32.58397577621993],
              [-116.53570978231485, 32.58402477714334],
              [-116.53555478250414, 32.58403877642907],
              [-116.53551578304442, 32.58404177687042],
              [-116.53539978269345, 32.58405277646954],
              [-116.53536178305862, 32.58405677680509],
              [-116.53133678261347, 32.58436277658897],
              [-116.52133478123825, 32.58512577739037],
              [-116.51926578057756, 32.58529677836457],
              [-116.51524477943202, 32.58563077729046],
              [-116.51522177986578, 32.58563277780153],
              [-116.5108437792432, 32.58599577860956],
              [-116.50326577745766, 32.58662277929527],
              [-116.50086077633794, 32.58682277876643],
              [-116.49919577680662, 32.58681677882664],
              [-116.48713077551682, 32.58783877917942],
              [-116.46733177190752, 32.58952678140165],
              [-116.45825376954873, 32.59030178155933],
              [-116.45535576940789, 32.59053578116872],
              [-116.4397727669378, 32.59179978235155],
              [-116.43970076696777, 32.591804782906436],
              [-116.43948776743076, 32.59182678246858],
              [-116.43941676638734, 32.591834782445645],
              [-116.43543776597292, 32.592231782490764],
              [-116.43530176553048, 32.592242782598525],
              [-116.43170776508052, 32.592538782927015],
              [-116.42840276523387, 32.59281178316611],
              [-116.42092676355557, 32.593441783978804],
              [-116.41733376382884, 32.59374478339421],
              [-116.4166087632074, 32.59380478343423],
              [-116.41443576278965, 32.5939887839622],
              [-116.41371176199314, 32.59404978437883],
              [-116.41142276212274, 32.59421878390173],
              [-116.40926376105035, 32.594376784018316],
              [-116.40553276123137, 32.59465178426577],
              [-116.39738176005866, 32.59525578494563],
              [-116.3963007597851, 32.59533278534365],
              [-116.3959217596684, 32.59535878538449],
              [-116.39147475944884, 32.5956787849199],
              [-116.39115075868543, 32.59575878500362],
              [-116.39018175856488, 32.59600378514675],
              [-116.39010275892215, 32.59602478467375],
              [-116.38985275867691, 32.596043784674016],
              [-116.38563075768991, 32.59635778548937],
              [-116.37958075606663, 32.59680878544142],
              [-116.37914075674891, 32.596844785601505],
              [-116.37894775640505, 32.59686178592439],
              [-116.37586175594323, 32.59714078586512],
              [-116.3727837558773, 32.59734578632855],
              [-116.35791475236134, 32.598346787211334],
              [-116.3542787520786, 32.59863778688045],
              [-116.35098975212549, 32.59890278811307],
              [-116.34811575137573, 32.59913478775768],
              [-116.33992475002007, 32.599791787996516],
              [-116.33335574853805, 32.60032178890562],
              [-116.31637874579994, 32.60175978947126],
              [-116.31535774580084, 32.60183978942277],
              [-116.30716674444518, 32.602482790070994],
              [-116.30595474465036, 32.60257679030752],
              [-116.3037687438138, 32.60274879096801],
              [-116.30231874346931, 32.602861790993416],
              [-116.30110674277617, 32.602956790516004],
              [-116.29682274276323, 32.60329479121091],
              [-116.28397374040247, 32.60431079179174],
              [-116.28072773920876, 32.60456779178239],
              [-116.27969074021445, 32.604647791496525],
              [-116.27793674009632, 32.60478279156148],
              [-116.27267673849349, 32.605186792390334],
              [-116.27092373820025, 32.60532379322796],
              [-116.27026573842434, 32.60541079213209],
              [-116.27009673836993, 32.60542479186082],
              [-116.2612057356089, 32.60616879256917],
              [-116.2589237354112, 32.60637179351506],
              [-116.25086273465017, 32.60709079390634],
              [-116.2441507339513, 32.60763579377992],
              [-116.22669073044116, 32.609056794706255],
              [-116.22290872967022, 32.60936479537093],
              [-116.21104572804678, 32.610330796225554],
              [-116.21090272793167, 32.610330796225554],
              [-116.21053872788359, 32.610330796225554],
              [-116.2094487273892, 32.61033679686099],
              [-116.20908572716604, 32.61033979566517],
              [-116.2080037279659, 32.61041579560538],
              [-116.2047607271452, 32.61064879681224],
              [-116.20367972597336, 32.61072779603808],
              [-116.20314072692142, 32.6107667962049],
              [-116.20250972601131, 32.610820797106356],
              [-116.19900272560001, 32.611123796768176],
              [-116.19783472528779, 32.61122579677579],
              [-116.19571172509875, 32.61139479643627],
              [-116.1893457240063, 32.611903797212115],
              [-116.18722372364215, 32.612073797445156],
              [-116.18692272424158, 32.61209479698865],
              [-116.18602072406817, 32.61215779710292],
              [-116.1857207235942, 32.61218079730174],
              [-116.18262872328458, 32.61239979830676],
              [-116.17335172073416, 32.61305979833475],
              [-116.17026072114776, 32.613279799028675],
              [-116.16942972111946, 32.61333679863188],
              [-116.16693672013622, 32.61351379915973],
              [-116.16617571952983, 32.613569799048726],
              [-116.16610671993286, 32.61357479838854],
              [-116.16436971953317, 32.61370779949038],
              [-116.15915971905734, 32.61410779889988],
              [-116.1574237184826, 32.6142437993968],
              [-116.1471687164891, 32.61503379993426],
              [-116.12585971315914, 32.61667780077704],
              [-116.1164437124882, 32.61779480143913],
              [-116.11543871148432, 32.61791480179831],
              [-116.10619170996945, 32.618596802588115],
              [-116.10566270916662, 32.618635802354206],
              [-116.10407570945308, 32.618751802799665],
              [-116.10354770937347, 32.61879280226893],
              [-116.10339670976074, 32.618803802141784],
              [-116.09797470867451, 32.61920080297678],
              [-116.09726070792375, 32.619253802316564],
              [-116.0953847076069, 32.61939180307712],
              [-116.08126670554995, 32.62053780344454],
              [-116.07575770442507, 32.62098580350424],
              [-116.07569770504891, 32.62098980370409],
              [-116.07380970503648, 32.621106804363606],
              [-116.06739370371534, 32.621610804001435],
              [-116.06621270298436, 32.62170480534632],
              [-116.06155870217722, 32.62210380511862],
              [-116.05160170010957, 32.622940805540985],
              [-116.04663169893497, 32.62335780590294],
              [-116.04249169886207, 32.62359780667834],
              [-116.03566569836039, 32.62399580612971],
              [-116.0341876975285, 32.624174806419994],
              [-116.03406469750482, 32.62418980644494],
              [-116.03301769666814, 32.624278807096225],
              [-116.02834469649278, 32.624610807078845],
              [-116.023791695968, 32.624927806687836],
              [-116.02280369558085, 32.62499680726062],
              [-116.0220196954082, 32.62506780741068],
              [-116.00085769239138, 32.6266198090769],
              [-115.99261469025885, 32.627326809038294],
              [-115.98223068929225, 32.62822180915893],
              [-115.98205468866682, 32.62823681001875],
              [-115.97371668699807, 32.628855810423545],
              [-115.96836968625493, 32.629252811312746],
              [-115.96737468529675, 32.629324810502155],
              [-115.92280667870021, 32.632634813261305],
              [-115.90795067650136, 32.63373881477544],
              [-115.90729267492878, 32.633792814681016],
              [-115.90531867560094, 32.63395881382226],
              [-115.90466167475162, 32.63401481378213],
              [-115.89239767327018, 32.635040815353165],
              [-115.87585367017715, 32.63642881636532],
              [-115.8555856669378, 32.63785181804773],
              [-115.84330966396418, 32.63871481749651],
              [-115.81843166029864, 32.64046281988127],
              [-115.8130436595476, 32.64084681973079],
              [-115.8020066570313, 32.64163781997369],
              [-115.75084864813799, 32.64546282295026],
              [-115.72227864321489, 32.647679825753215],
              [-115.69202963851677, 32.65002982661183],
              [-115.6860706371301, 32.65049182675441],
              [-115.66819563441656, 32.65187882788062],
              [-115.66237463312214, 32.65233282919265],
              [-115.66223763285481, 32.652341828947165],
              [-115.63647962875717, 32.654163830590306],
              [-115.62584362609884, 32.65491683107619],
              [-115.55924261537585, 32.66009683529657],
              [-115.53349861152192, 32.66209983654496],
              [-115.52009260876926, 32.66312183751539],
              [-115.51606860725067, 32.663428837626604],
              [-115.51578660811668, 32.66344983797503],
              [-115.51469260742434, 32.66353483832658],
              [-115.51409560774776, 32.66358083726426],
              [-115.5139296071681, 32.66359583824437],
              [-115.51339660706562, 32.66363283777748],
              [-115.51211960697347, 32.66372083799538],
              [-115.51077960713214, 32.663813837684614],
              [-115.5095016063168, 32.66390283823989],
              [-115.50902060699113, 32.66393683836911],
              [-115.50821660672702, 32.66399383822317],
              [-115.50732960662225, 32.66405783861294],
              [-115.50718460595895, 32.66406783770077],
              [-115.5069696058738, 32.66408383835646],
              [-115.50675060559068, 32.664098838495875],
              [-115.50660660654896, 32.66410983809241],
              [-115.50564560592599, 32.664178838692955],
              [-115.50554360581874, 32.66418583774256],
              [-115.50547460622177, 32.66419183854802],
              [-115.50444260635204, 32.664275838438755],
              [-115.50314960546805, 32.66438083838021],
              [-115.50235660597288, 32.664444838492855],
              [-115.50212260562115, 32.66446583860255],
              [-115.50138460458095, 32.66450483879317],
              [-115.50129360524268, 32.66450983906847],
              [-115.5008716054683, 32.66454883848363],
              [-115.500838604958, 32.66455283824815],
              [-115.49960260487376, 32.66464083831642],
              [-115.49955760466788, 32.66464483883308],
              [-115.49918060420104, 32.6646728386635],
              [-115.4971346040049, 32.66481883920366],
              [-115.49708760504753, 32.66482183920702],
              [-115.49674460401755, 32.66484683822331],
              [-115.49654060470135, 32.664862839495775],
              [-115.49636560479915, 32.6648768389998],
              [-115.49604160403574, 32.66490183951314],
              [-115.49600960424871, 32.66490383825315],
              [-115.49591660436228, 32.66491083875848],
              [-115.49588560350183, 32.66491383875882],
              [-115.49584460349394, 32.66491483926305],
              [-115.49572260419353, 32.6649258387591],
              [-115.49568260401055, 32.664929838506794],
              [-115.49548460454214, 32.66493883926182],
              [-115.4948916041652, 32.66496783874751],
              [-115.4946946036234, 32.66497983949683],
              [-115.49383560310771, 32.665035838938984],
              [-115.49125960408044, 32.66520883955973],
              [-115.49040160338961, 32.66526683910278],
              [-115.48949360336842, 32.66532983959386],
              [-115.48677060312974, 32.665522839765345],
              [-115.48586360203515, 32.66558783880065],
              [-115.48454560193511, 32.66567983983256],
              [-115.48059560093469, 32.66595883930025],
              [-115.47927860155791, 32.66605284017701],
              [-115.47812560131433, 32.666138840055815],
              [-115.47732260087511, 32.66619783948515],
              [-115.47491460117901, 32.666377840515544],
              [-115.47411260056472, 32.66643884000522],
              [-115.473618599922, 32.66647484014321],
              [-115.4723246001114, 32.66657083993615],
              [-115.46696259840131, 32.66697084048403],
              [-115.46517559867125, 32.667104841344816],
              [-115.4497925962177, 32.66814784179646],
              [-115.43713059345471, 32.66900784240923],
              [-115.40364358795877, 32.671277844645125],
              [-115.3882605855052, 32.67232284486828],
              [-115.38781758581443, 32.67235184573858],
              [-115.38648758512052, 32.67244184501583],
              [-115.38604558525466, 32.67247284517435],
              [-115.38144158467625, 32.672784845488245],
              [-115.37583158237074, 32.673165845935245],
              [-115.36763458206559, 32.67376284633309],
              [-115.36303358096191, 32.67410084653246],
              [-115.35774858014302, 32.67448584673637],
              [-115.3418955773362, 32.675648847270836],
              [-115.33661157634224, 32.676035848368116],
              [-115.3363995757318, 32.67605084801348],
              [-115.33576757589513, 32.67609584844669],
              [-115.33555657600793, 32.676112848839715],
              [-115.2646515642822, 32.68130185303542],
              [-115.25082456158006, 32.68231385357401],
              [-115.12581953954093, 32.690869860481385],
              [-115.0518835267066, 32.696079865501005],
              [-115.00081351767686, 32.699680867872075],
              [-114.98095751416616, 32.70094486876278],
              [-114.96883551117831, 32.70171687057423],
              [-114.95591650939569, 32.702539871456516],
              [-114.93247650548079, 32.70408387179724],
              [-114.92035750286598, 32.70488287217297],
              [-114.90924050088208, 32.70561587356758],
              [-114.88644449649938, 32.707223874802395],
              [-114.87580749491447, 32.70797487550234],
              [-114.78471147904399, 32.71432788054849],
              [-114.75080047322551, 32.71669288294169],
              [-114.74800347157034, 32.7168608828907],
              [-114.73961347002304, 32.71736888352855],
              [-114.73681746998945, 32.71753888354515],
              [-114.73545346985865, 32.71762088331283],
              [-114.73136346911615, 32.717868884252866],
              [-114.73000046881029, 32.71795188362722],
              [-114.72970546835919, 32.71798688349499],
              [-114.72882046880252, 32.718096884069844],
              [-114.72852646907465, 32.718133884452556],
              [-114.72821446890514, 32.71814588410352],
              [-114.72727946822143, 32.71818388361759],
              [-114.72701546773247, 32.71819488411034],
              [-114.72696846877511, 32.71819888449534],
              [-114.7268824685614, 32.718205883846],
              [-114.72662746829327, 32.71823188445244],
              [-114.72654246880278, 32.71824088361408],
              [-114.72647646868053, 32.718245883903755],
              [-114.72628046796362, 32.71826788411688],
              [-114.72621546766632, 32.718274884217855],
              [-114.72617746803145, 32.718278884599265],
              [-114.72499146817593, 32.71836388415869],
              [-114.72132046683475, 32.71863088420399],
              [-114.72030046755887, 32.718705885168326],
              [-114.7200974671693, 32.71872488480811],
              [-114.72000646693272, 32.718732884774546],
              [-114.71973446694615, 32.71875788457053],
              [-114.71964446653445, 32.718767884335826],
              [-114.71946146713468, 32.71903388478526],
              [-114.71920246666858, 32.71943088418497],
              [-114.71898846730664, 32.719873885013406],
              [-114.71869846687841, 32.72030888457274],
              [-114.71845446648095, 32.72062888530025],
              [-114.71819546691319, 32.720918884802394],
              [-114.71796646658433, 32.721146884379436],
              [-114.71788946659143, 32.72137688538413],
              [-114.71770646719163, 32.7215518854226],
              [-114.71767646705442, 32.721658885017796],
              [-114.71755446685567, 32.722184885328254],
              [-114.71744746672553, 32.72268088531884],
              [-114.71731046735653, 32.723146885490245],
              [-114.71712746616008, 32.72364288542],
              [-114.71697446689755, 32.72392488544495],
              [-114.71683746663017, 32.724252885515064],
              [-114.7167604666373, 32.724534885877965],
              [-114.71662346636994, 32.724954885633366],
              [-114.7165014661712, 32.7252898859992],
              [-114.7163944669394, 32.72567188513538],
              [-114.71628746680929, 32.72607488639277],
              [-114.71616546750883, 32.72650288572045],
              [-114.7160284672415, 32.726983885721104],
              [-114.71592146711139, 32.727380886000944],
              [-114.71579946691264, 32.72776288600235],
              [-114.7156624666453, 32.72812088624292],
              [-114.71563146668316, 32.72821288632168],
              [-114.71534146715325, 32.728821886345955],
              [-114.71527846650574, 32.728949885587426],
              [-114.71508246668718, 32.72935688627008],
              [-114.71499746719667, 32.72952188644641],
              [-114.71482246729447, 32.72985988636235],
              [-114.71453346669117, 32.7303948861026],
              [-114.71419746713048, 32.73083688710302],
              [-114.71384646750121, 32.73128688626326],
              [-114.71354146700438, 32.7316608865908],
              [-114.7133884668435, 32.7319048872518],
              [-114.713220466614, 32.7321028873592],
              [-114.71291546611715, 32.73241588681886],
              [-114.71264046665588, 32.73268288710439],
              [-114.71222846692723, 32.73298088689461],
              [-114.71189346719147, 32.733231887403086],
              [-114.71143546653374, 32.733507887399085],
              [-114.71109946607477, 32.733697886833994],
              [-114.71088646653776, 32.733804886965885],
              [-114.71062646714509, 32.7339408867221],
              [-114.71032146574993, 32.73420888745681],
              [-114.710107466388, 32.73442188739554],
              [-114.70981846578468, 32.73466688702192],
              [-114.70957346646058, 32.73488788740569],
              [-114.70939046616249, 32.735116887249184],
              [-114.70920746586438, 32.73533888774348],
              [-114.70908546656398, 32.735460886901485],
              [-114.70887246612864, 32.73585688750203],
              [-114.70865846676674, 32.736154887259275],
              [-114.70839846647571, 32.736635887318755],
              [-114.70813946600964, 32.73712988761853],
              [-114.70791046657907, 32.73757288740323],
              [-114.70755946605149, 32.73827488766261],
              [-114.70740746661383, 32.7388318879488],
              [-114.70707146615486, 32.73948788826125],
              [-114.7067514655894, 32.73995288780983],
              [-114.70643046609736, 32.740418887612456],
              [-114.7061254656005, 32.740990888163644],
              [-114.7057284659405, 32.741584887813886],
              [-114.70539346620473, 32.74192188843459],
              [-114.70502646578362, 32.74234888835013],
              [-114.7044774657876, 32.74302788823784],
              [-114.70405046599035, 32.74348588857047],
              [-114.70368446629244, 32.74386688868814],
              [-114.70331746497303, 32.744286888780216],
              [-114.70302746544311, 32.74464388953069],
              [-114.7029514652751, 32.74479788913132],
              [-114.7028444660433, 32.7448888890106],
              [-114.70261546571447, 32.74511088933908],
              [-114.70223446594795, 32.74541488900725],
              [-114.70192946634943, 32.745552889135666],
              [-114.70159346589045, 32.745636889536186],
              [-114.70116646609318, 32.74566788920531],
              [-114.7007544654662, 32.745621888741894],
              [-114.70029646480852, 32.74543888927489],
              [-114.69988446597817, 32.74531688942138],
              [-114.69951846448365, 32.74522488961956],
              [-114.69925846509096, 32.74510288947301],
              [-114.69915246478575, 32.74503488982666],
              [-114.69880146515649, 32.744850888790026],
              [-114.69838946452951, 32.74456188892825],
              [-114.69794646483874, 32.74426388932833],
              [-114.69741246401301, 32.743835889147995],
              [-114.69697046504545, 32.74344788926262],
              [-114.69657346448712, 32.74314988895902],
              [-114.69620746478921, 32.74288188942201],
              [-114.69581046423087, 32.7425628888687],
              [-114.69539846450222, 32.74224888838351],
              [-114.69489446381375, 32.74193688834069],
              [-114.69442146398575, 32.741684888525704],
              [-114.69397946322155, 32.74141788876263],
              [-114.69353646353076, 32.74115088895517],
              [-114.69306346370276, 32.740876889266154],
              [-114.69254546366889, 32.740570888402466],
              [-114.69214846311053, 32.74034888885161],
              [-114.69181246265155, 32.74015188858955],
              [-114.69152246312164, 32.73989888859615],
              [-114.69117146259406, 32.73967088937256],
              [-114.69097346312566, 32.739464888326246],
              [-114.6909334629427, 32.739425888390016],
              [-114.69072846290327, 32.739228888354326],
              [-114.69049946347272, 32.738991888083284],
              [-114.69025546307526, 32.738761888696956],
              [-114.68988946247904, 32.73846588870512],
              [-114.68962946218805, 32.7381758888522],
              [-114.68929346352569, 32.737931888734785],
              [-114.6890494622299, 32.73779388889289],
              [-114.68879046266215, 32.737679888928035],
              [-114.68853146309436, 32.7375958885822],
              [-114.68824146266614, 32.73753488859626],
              [-114.687874462245, 32.737465888772455],
              [-114.68753946250926, 32.737412888499186],
              [-114.68729546211178, 32.73739688889525],
              [-114.68699846201089, 32.73735088945116],
              [-114.6867244623745, 32.73737888839281],
              [-114.68550046198581, 32.73746088880503],
              [-114.68417546221308, 32.73752488942456],
              [-114.68330346217688, 32.73733088955401],
              [-114.68291346218956, 32.73725488869505],
              [-114.68275146180784, 32.73732588882343],
              [-114.68262546230946, 32.73735288883613],
              [-114.68174046185447, 32.737160888736085],
              [-114.6807494610943, 32.73698588911102],
              [-114.6801504608696, 32.73688588841537],
              [-114.68010846103681, 32.7368788890199],
              [-114.67936046084917, 32.736701889441555],
              [-114.67888746102113, 32.73661888863025],
              [-114.67864346062365, 32.73661888863025],
              [-114.67795646053541, 32.736450889637524],
              [-114.67710246094087, 32.736222888392966],
              [-114.67649146012228, 32.73603788909874],
              [-114.67571345979744, 32.73578688969157],
              [-114.67479846010355, 32.735550889047225],
              [-114.67400445988518, 32.73542088927704],
              [-114.67337945972119, 32.735229889264936],
              [-114.67272245887185, 32.735100889499975],
              [-114.67203645860849, 32.73495588875043],
              [-114.67134945941854, 32.73488688919684],
              [-114.67060145923091, 32.7348108892763],
              [-114.6699614589983, 32.734680889182414],
              [-114.66928945897868, 32.73454288959604],
              [-114.6687554590513, 32.734421889662464],
              [-114.66820645905531, 32.73432988919088],
              [-114.66773345832898, 32.73426188963547],
              [-114.66769845816887, 32.734255889005446],
              [-114.66750445889843, 32.73423088977651],
              [-114.66663445761374, 32.73413988883626],
              [-114.66593245745688, 32.734032889862206],
              [-114.6655054576596, 32.734001889167935],
              [-114.66509345882929, 32.733994889545905],
              [-114.66436145763684, 32.73394088898904],
              [-114.66356745831679, 32.73396388959409],
              [-114.66272845789257, 32.733956889969065],
              [-114.6619504575677, 32.73386488901751],
              [-114.6612944574416, 32.73396388959409],
              [-114.66066845655436, 32.73388788964216],
              [-114.66019545762467, 32.733833889776086],
              [-114.65953945660026, 32.733833889776086],
              [-114.65918745624772, 32.7338188900174],
              [-114.65885145758538, 32.733833889776086],
              [-114.65853145701995, 32.733794889642645],
              [-114.65827145672895, 32.733802889012594],
              [-114.65756945657206, 32.73374288994185],
              [-114.65670045690894, 32.73366688904582],
              [-114.6557844564918, 32.73361188931144],
              [-114.65489945603683, 32.73360589014901],
              [-114.65484645633339, 32.733602890189786],
              [-114.65425845597935, 32.73357489006188],
              [-114.65352645658352, 32.733444890432196],
              [-114.65264145612856, 32.73332188953266],
              [-114.65187845587232, 32.73317789016227],
              [-114.65103945544811, 32.733071889773825],
              [-114.65056945509481, 32.733036890537534],
              [-114.65036945597659, 32.73302288963013],
              [-114.65030645532909, 32.73301789016912],
              [-114.6495134549356, 32.732865890854164],
              [-114.64894845504608, 32.73276589006982],
              [-114.6483994550501, 32.73262889028666],
              [-114.64801745456036, 32.732529890494284],
              [-114.64612545434998, 32.732298890551185],
              [-114.64602145369459, 32.7322868897821],
              [-114.64536445374357, 32.73214389075752],
              [-114.64416845474058, 32.732043890674476],
              [-114.64266945309397, 32.73200389076102],
              [-114.64044945282052, 32.73185889026287],
              [-114.63971745342475, 32.731804890678994],
              [-114.6387714528704, 32.73174288999686],
              [-114.63806945271352, 32.731690890610324],
              [-114.63715345229642, 32.73157589063864],
              [-114.6363294519408, 32.73151489106653],
              [-114.63565845264438, 32.73143889053782],
              [-114.63550445265858, 32.7314238903761],
              [-114.63501745258687, 32.7313768903568],
              [-114.63460545195991, 32.731308890059935],
              [-114.63428545229279, 32.73122489126631],
              [-114.6341754526879, 32.73120589126727],
              [-114.6339784521461, 32.73117189030444],
              [-114.6333384519135, 32.731056890418806],
              [-114.632697451856, 32.73085089062081],
              [-114.6320854521108, 32.73064789040557],
              [-114.63143045180962, 32.730430890680495],
              [-114.63054545135464, 32.73022589071963],
              [-114.63040645143747, 32.73019289066711],
              [-114.6299664512214, 32.73008789103712],
              [-114.62931045109528, 32.729912890371374],
              [-114.62873045113716, 32.72984388993672],
              [-114.62831845051019, 32.729789890643524],
              [-114.6279224515734, 32.7297218906474],
              [-114.62731045092988, 32.72963089039367],
              [-114.62682245103323, 32.72956189049638],
              [-114.62673045097173, 32.72955389074583],
              [-114.62628845020754, 32.72951589078711],
              [-114.62465545046327, 32.72934689071502],
              [-114.62459445036389, 32.72934089050983],
              [-114.62454645068331, 32.72933589159802],
              [-114.62451345017304, 32.72933189095699],
              [-114.6242594497298, 32.72930289046038],
              [-114.62377045000828, 32.729203890752636],
              [-114.62316044991292, 32.72908089155789],
              [-114.62251944985539, 32.72907389079379],
              [-114.62186344972929, 32.72892889081953],
              [-114.62129844983976, 32.72883589093603],
              [-114.62102744967811, 32.72879189042912],
              [-114.62097845017263, 32.728783891365126],
              [-114.62068844974439, 32.72873089121909],
              [-114.62039644876803, 32.72865189121377],
              [-114.62039644876803, 32.72864889108783],
              [-114.62024544915528, 32.728630891085814],
              [-114.62004744878858, 32.728607891371745],
              [-114.6198034492894, 32.72856289096132],
              [-114.61962044899131, 32.72850889089219],
              [-114.6194284493707, 32.728484890599034],
              [-114.61838444980536, 32.728357891239035],
              [-114.61749044823124, 32.728247890474854],
              [-114.6173394486185, 32.728275891520404],
              [-114.61722444899077, 32.72829589118224],
              [-114.6167334487211, 32.72836289096134],
              [-114.61632744884024, 32.728416891118904],
              [-114.6159874490816, 32.72849389174881],
              [-114.61571644802163, 32.728462890639584],
              [-114.61568144875987, 32.72845889071503],
              [-114.61568544895782, 32.72852289099723],
              [-114.6156774485619, 32.72866689108621],
              [-114.61566544886632, 32.72885589122796],
              [-114.61566044794516, 32.72894289161432],
              [-114.61565044879774, 32.72903889149914],
              [-114.61565144862263, 32.7291018915799],
              [-114.61565244844752, 32.72912889106108],
              [-114.61566044794516, 32.729155891289835],
              [-114.61567644873698, 32.729204891292184],
              [-114.61568844843255, 32.72922189063896],
              [-114.61572144804452, 32.72926689147245],
              [-114.61573744793803, 32.729288891233544],
              [-114.61573444936161, 32.72929989111205],
              [-114.61573044916366, 32.729312891310194],
              [-114.61572744879061, 32.729343891368195],
              [-114.61573144898858, 32.729417891097356],
              [-114.6158814487764, 32.72958489147566],
              [-114.6158814487764, 32.72963789111404],
              [-114.6158814487764, 32.729721891403095],
              [-114.61580544860841, 32.72989689168815],
              [-114.61572944933874, 32.730034891666286],
              [-114.61566544886632, 32.73003889076442],
              [-114.61551244870546, 32.73004889153167],
              [-114.615528448599, 32.730307891667366],
              [-114.6154514486061, 32.730390890798866],
              [-114.61544944895627, 32.73057489146589],
              [-114.61547744854535, 32.73071189138321],
              [-114.61549144878907, 32.73090389177352],
              [-114.61551844945157, 32.73119489162395],
              [-114.61551544907852, 32.7314538914527],
              [-114.61544144945867, 32.73158889126054],
              [-114.61540744822514, 32.73165289156264],
              [-114.61530244864318, 32.73190389203223],
              [-114.61529244859742, 32.73198689194476],
              [-114.61528744857455, 32.73203589190229],
              [-114.61519544851305, 32.73220589116072],
              [-114.61512844946422, 32.7322958920593],
              [-114.61498244897604, 32.73247489232534],
              [-114.61493544912037, 32.73252989200563],
              [-114.61485944805408, 32.73267489141219],
              [-114.61484444888376, 32.7327658923368],
              [-114.6147974490281, 32.73285089168826],
              [-114.61479444865505, 32.73305489191692],
              [-114.61475844956836, 32.73336289161456],
              [-114.61478644825912, 32.73371789208031],
              [-114.61478444860933, 32.73394689190727],
              [-114.61479844885302, 32.73408089198846],
              [-114.61501544858798, 32.73434489264183],
              [-114.61512344944136, 32.73451989216307],
              [-114.61449544890431, 32.73451789195887],
              [-114.61401844887835, 32.734521892367226],
              [-114.6135084492404, 32.734527891468005],
              [-114.61312044890286, 32.73451989216307],
              [-114.61270844917424, 32.73451989216307],
              [-114.61266644844312, 32.734520892642955],
              [-114.58689544302838, 32.734850893975306],
              [-114.58577444347017, 32.734872893869536],
              [-114.58466844398058, 32.73489489300274],
              [-114.58317744272988, 32.73492389394699],
              [-114.58311444298067, 32.73492489366669],
              [-114.58181444332232, 32.73495089393174],
              [-114.58179544305574, 32.73495089393174],
              [-114.58177744351238, 32.7366118937476],
              [-114.58177744351238, 32.74020489403428],
              [-114.58174744337518, 32.74232489405036],
              [-114.57886344257969, 32.74235589487181],
              [-114.5734154424525, 32.74231789508204],
              [-114.57315044124033, 32.74231389502369],
              [-114.5730084409501, 32.74231089460202],
              [-114.56464343951716, 32.742278895638876],
              [-114.56451944056691, 32.742278895638876],
              [-114.56445844046755, 32.74955889706798],
              [-114.5521244377676, 32.74965089692726],
              [-114.5515254384412, 32.749654897411716],
              [-114.55024643869923, 32.749664897488806],
              [-114.54829443821441, 32.74964989737277],
              [-114.53923543612218, 32.74981689761547],
              [-114.53914343606068, 32.75004989733601],
              [-114.53905743584697, 32.75090889801821],
              [-114.53907843576337, 32.75359589854454],
              [-114.53910343677603, 32.75695389873338],
              [-114.53896443596055, 32.75695489820594],
              [-114.53879943700242, 32.75695689866187],
              [-114.53866843658285, 32.756958898362335],
              [-114.53845443632262, 32.756960898818186],
              [-114.53750043627066, 32.75697189830279],
              [-114.53642043672033, 32.756984898996805],
              [-114.5341314359516, 32.757012898567524],
              [-114.53395143512824, 32.75701489902216],
              [-114.53101443552762, 32.75704989866121],
              [-114.52753443398218, 32.75709089888996],
              [-114.52711043455797, 32.757095899266716],
              [-114.52686743398539, 32.757098899190375],
              [-114.52728143426218, 32.76042090024824],
              [-114.52761943526929, 32.763118899565896],
              [-114.52835143466508, 32.76665090069702],
              [-114.52845443549556, 32.76728090096476],
              [-114.52927543547813, 32.769488901042],
              [-114.53053643567674, 32.771575901411616],
              [-114.53184243608119, 32.77426890087348],
              [-114.53244343685405, 32.77692690180845],
              [-114.53243743700625, 32.778648901924974],
              [-114.531862437071, 32.78191090253581],
              [-114.531757437489, 32.78250790247453],
              [-114.53159843748034, 32.787264902634654],
              [-114.53168043749612, 32.79118990350696],
              [-114.53076643762712, 32.7934889039255],
              [-114.52964443734568, 32.79548190438228],
              [-114.52886043717307, 32.796311904063984],
              [-114.52528543698968, 32.79884590484982],
              [-114.5220424370673, 32.80167990556003],
              [-114.5203964360059, 32.803580905245674],
              [-114.5203744362646, 32.80438990595187],
              [-114.51976943619209, 32.80568090659606],
              [-114.5185154365645, 32.80706490643972],
              [-114.51665643596608, 32.80953290633124],
              [-114.51634943671773, 32.810080906559826],
              [-114.51540043579034, 32.81144390711942],
              [-114.51452043625655, 32.81236190729409],
              [-114.5132854359972, 32.81376290710379],
              [-114.51284543488285, 32.81418690792208],
              [-114.51204143551703, 32.81483790769949],
              [-114.511897435577, 32.81496590786464],
              [-114.51033843545254, 32.816492907740724],
              [-114.51029043487364, 32.8165209082148],
              [-114.50784043534476, 32.81737090778237],
              [-114.50728443567606, 32.81759390805782],
              [-114.50642543516035, 32.817936908062634],
              [-114.50162743441318, 32.82003390908832],
              [-114.50079243418692, 32.82039790911385],
              [-114.49855543329674, 32.82130690880991],
              [-114.49828143366035, 32.821438909746284],
              [-114.49683843298854, 32.82212390944264],
              [-114.49629543284033, 32.8223299094269],
              [-114.49559943342955, 32.82263290930515],
              [-114.49420443243831, 32.823238908980606],
              [-114.49412743244542, 32.82329190948557],
              [-114.4933454328209, 32.82397091012368],
              [-114.49327943269869, 32.82402690936867],
              [-114.4916044331216, 32.82545391043538],
              [-114.49146243283138, 32.825574910433126],
              [-114.49096643253884, 32.82600491047008],
              [-114.49070943262087, 32.826223910146915],
              [-114.49010243289855, 32.82674291038916],
              [-114.49007343258624, 32.826767910058116],
              [-114.48980843227237, 32.826994910172196],
              [-114.48925943227637, 32.82746291056818],
              [-114.48857443183793, 32.82804991079303],
              [-114.48821843218579, 32.82834891006416],
              [-114.48780643155882, 32.82869591076367],
              [-114.48279143197499, 32.83290891181295],
              [-114.48255743162326, 32.83310491118079],
              [-114.47590343065075, 32.83869791250106],
              [-114.46903643014119, 32.845107913666425],
              [-114.46898242971452, 32.845159913203446],
              [-114.46604243063916, 32.87060991693368],
              [-114.46572243097202, 32.87368591793142],
              [-114.46568943136008, 32.87407991727107],
              [-114.46563143073544, 32.87479591808772],
              [-114.46559943094837, 32.875299917938506],
              [-114.4655354313743, 32.87675791778158],
              [-114.4655154312828, 32.87796791782522],
              [-114.46551043215824, 32.87813291850608],
              [-114.4654874316937, 32.879233917820464],
              [-114.4654714318002, 32.8794329185457],
              [-114.4653884319595, 32.881696919048885],
              [-114.46537243206598, 32.882316918346774],
              [-114.4653234316622, 32.883087918397656],
              [-114.4651834319201, 32.885299918960435],
              [-114.4648114323744, 32.888102919459634],
              [-114.46473443148321, 32.8884349195002],
              [-114.46472543216069, 32.88846891994305],
              [-114.4645214319462, 32.88948991911033],
              [-114.4642954319904, 32.89083791976327],
              [-114.46418343273571, 32.89245892044442],
              [-114.46378743200225, 32.89549892014647],
              [-114.4633184323722, 32.89912092032944],
              [-114.46331343234934, 32.8992309209584],
              [-114.46326943286672, 32.90015392042125],
              [-114.46313843244715, 32.901888921100685],
              [-114.46299443340541, 32.90417192102682],
              [-114.46290143262068, 32.90580192185055],
              [-114.46294043297877, 32.90794892231586],
              [-114.46319343359707, 32.90921592231781],
              [-114.46347543362936, 32.91041092166132],
              [-114.4636614343005, 32.91168692258162],
              [-114.46398343361747, 32.912445922843965],
              [-114.46445943381855, 32.913132922710716],
              [-114.46552743457163, 32.91409592227576],
              [-114.46680543448868, 32.91518992217311],
              [-114.46786443502091, 32.916062923184484],
              [-114.46940143450576, 32.917123922847416],
              [-114.47200643564196, 32.91924592247494],
              [-114.47372443577507, 32.92059892288884],
              [-114.47546043634985, 32.92218392319145],
              [-114.47665143622827, 32.923632923334154],
              [-114.47796343737883, 32.925710923401006],
              [-114.47850443697891, 32.92701892424811],
              [-114.47901643716499, 32.9282959238094],
              [-114.47958243777772, 32.93024192426299],
              [-114.479904437993, 32.931178923727],
              [-114.48035943827767, 32.93235792440197],
              [-114.48079443847084, 32.93368292444488],
              [-114.4809314387382, 32.93525692405637],
              [-114.48093643876106, 32.93628092496418],
              [-114.48075143881314, 32.93703192470994],
              [-114.48023143912945, 32.93793292494371],
              [-114.47937343843867, 32.93922192524495],
              [-114.47846743806728, 32.94055992520342],
              [-114.47732243821962, 32.9419849252212],
              [-114.47599543789876, 32.943352926008316],
              [-114.47491843782316, 32.94436692587486],
              [-114.47405343835798, 32.9451549264469],
              [-114.47327343838332, 32.94614492643139],
              [-114.47258943776978, 32.94708692650886],
              [-114.4717034374899, 32.94813392708014],
              [-114.47077943847349, 32.94942892760311],
              [-114.47009343821014, 32.950782927266886],
              [-114.46922443764868, 32.95245992733278],
              [-114.46854743760616, 32.95392692785377],
              [-114.46807243723002, 32.95526492763887],
              [-114.46763543738702, 32.95666792807074],
              [-114.4674104372561, 32.95791692810536],
              [-114.46734843733184, 32.9589589282152],
              [-114.46728543848097, 32.96017692885865],
              [-114.46727943773486, 32.961595928874345],
              [-114.46732143846596, 32.96294392955511],
              [-114.46732643848884, 32.96406492874458],
              [-114.46737843836739, 32.96538892906629],
              [-114.46770643843044, 32.96701992970888],
              [-114.46812043870723, 32.96888492963264],
              [-114.46839043904399, 32.970749929370136],
              [-114.46861643810145, 32.971653929804056],
              [-114.46900643898712, 32.97224393017598],
              [-114.46950143945476, 32.97288293014121],
              [-114.46995943921415, 32.9734739306428],
              [-114.47052243945384, 32.97386293031172],
              [-114.47134543908624, 32.974211930387284],
              [-114.47261743915551, 32.974658930441066],
              [-114.4737564400537, 32.97489593045212],
              [-114.47518244010875, 32.97515892987564],
              [-114.47654344076481, 32.97517892973383],
              [-114.4773194405415, 32.97502793027787],
              [-114.4783944409673, 32.974610929436096],
              [-114.47948844076133, 32.97419392963975],
              [-114.48031444166509, 32.97375292901953],
              [-114.48084244084637, 32.97336692977273],
              [-114.48110344096227, 32.97291592898424],
              [-114.48118144078008, 32.9724239301563],
              [-114.48132644144334, 32.97206892940382],
              [-114.48188344093697, 32.971875929325854],
              [-114.48249744212859, 32.97175792952731],
              [-114.48347544067335, 32.97157492948313],
              [-114.48481744196114, 32.97134392929378],
              [-114.4862284419476, 32.97089692904188],
              [-114.48780144231574, 32.97022992887044],
              [-114.488636442542, 32.96995092840852],
              [-114.48953744289051, 32.969823928986884],
              [-114.49014044331318, 32.96988892885611],
              [-114.49094344285409, 32.97023992898137],
              [-114.49219544283186, 32.97102592858306],
              [-114.4929494437656, 32.971785928446344],
              [-114.49372944374026, 32.97312792856563],
              [-114.49422344348467, 32.974266928880624],
              [-114.49447844375281, 32.97516292924475],
              [-114.49477044383086, 32.97631692920149],
              [-114.49504444346725, 32.97743192971824],
              [-114.49544044420067, 32.97894192957799],
              [-114.49572344405789, 32.98007992953311],
              [-114.49595744440961, 32.98147792944812],
              [-114.4961444449057, 32.98279292997858],
              [-114.49651144442848, 32.98451293036137],
              [-114.49680944525264, 32.98653893101454],
              [-114.49694544569508, 32.98865393085509],
              [-114.49706344569584, 32.990210930392095],
              [-114.4973264454616, 32.99147793030752],
              [-114.49756244546313, 32.99255293061239],
              [-114.49804344568706, 32.994450931339856],
              [-114.49852244626119, 32.996984931375216],
              [-114.49942144695987, 33.000044932249324],
              [-114.49965444658837, 33.00209293194818],
              [-114.49980844657416, 33.003909932210476],
              [-114.50079344658825, 33.006322932453536],
              [-114.50123744790059, 33.00756093301478],
              [-114.50288144751552, 33.011158933022706],
              [-114.50466344812104, 33.01450693406422],
              [-114.50469344825827, 33.014556933633024],
              [-114.50470744850196, 33.014582934120746],
              [-114.50492744861, 33.0149539341897],
              [-114.50499244890734, 33.0150649334298],
              [-114.50613444928025, 33.01700293453449],
              [-114.50614044912803, 33.017013934175864],
              [-114.50637344875655, 33.01740793405303],
              [-114.50782845002223, 33.019512934571964],
              [-114.50793544925403, 33.01966693408117],
              [-114.50796744993941, 33.019712934126915],
              [-114.51135445070013, 33.023459934648415],
              [-114.51491145134017, 33.02652893469593],
              [-114.51646545144175, 33.02762193454116],
              [-114.51665045138965, 33.027750934019295],
              [-114.51790545174049, 33.02861693506827],
              [-114.52014145190746, 33.0299889352145],
              [-114.52358945366586, 33.030964934762004],
              [-114.52756645443046, 33.03173593440772],
              [-114.53109445475819, 33.03239793448407],
              [-114.53847045597907, 33.033426934244595],
              [-114.54314245722784, 33.03376493390886],
              [-114.54994445833839, 33.03382793389227],
              [-114.55320045867953, 33.03397893364537],
              [-114.55760845943938, 33.03490493413749],
              [-114.5608614603058, 33.03528993370704],
              [-114.56481146130622, 33.035081933264365],
              [-114.56920746147216, 33.03616093267511],
              [-114.57166446247037, 33.0366289325209],
              [-114.5751724627066, 33.03654593278105],
              [-114.57746046365041, 33.035653932547135],
              [-114.57761646328603, 33.035602932796095],
              [-114.57829846335142, 33.03537993232709],
              [-114.57906546380562, 33.03480493244828],
              [-114.57938146417312, 33.03456793217888],
              [-114.58141546377541, 33.032549931549354],
              [-114.58304046402209, 33.030153931745744],
              [-114.58477646459684, 33.02823493174438],
              [-114.58560946427497, 33.02775193119455],
              [-114.58580446426865, 33.02763893098016],
              [-114.58699346449724, 33.026948931066386],
              [-114.5880894648394, 33.026667930997725],
              [-114.5882144654112, 33.02663593136462],
              [-114.58978946542916, 33.02623293021278],
              [-114.59473646613924, 33.02585293053177],
              [-114.59589746677875, 33.02569293077056],
              [-114.59612046636153, 33.0256619309951],
              [-114.5981044666334, 33.0253889308007],
              [-114.59883646692748, 33.02539492982919],
              [-114.59888246695826, 33.02539593004379],
              [-114.6010254672388, 33.02541492960034],
              [-114.60123946749903, 33.025424930237456],
              [-114.60166646729633, 33.02544393054095],
              [-114.60199946738224, 33.02546192987337],
              [-114.60212846725368, 33.025468929863784],
              [-114.60255546705095, 33.02549392993266],
              [-114.60272446800364, 33.025503930560824],
              [-114.60336146786318, 33.025540930163565],
              [-114.60337846758163, 33.02554193037651],
              [-114.60629346833925, 33.02570792941895],
              [-114.61159546887657, 33.02622593028298],
              [-114.6187994705683, 33.027206928791344],
              [-114.62388147189591, 33.028724930132114],
              [-114.62579847132234, 33.02943992940089],
              [-114.6274274726653, 33.03038692894587],
              [-114.62830547254927, 33.03105492951522],
              [-114.6297434722999, 33.03255092942343],
              [-114.63135447409951, 33.03502492953806],
              [-114.63370847426727, 33.03823993012934],
              [-114.63384147433665, 33.03845093009356],
              [-114.63389847423804, 33.038539929937606],
              [-114.63420147418675, 33.03902892970212],
              [-114.63426847413392, 33.03911193011493],
              [-114.63581847493585, 33.04101993003814],
              [-114.63645447497046, 33.04180093008869],
              [-114.63782847514699, 33.04312493064939],
              [-114.63802547568879, 33.043314929975146],
              [-114.63872747584566, 33.044264930998374],
              [-114.63881947590717, 33.044388930212655],
              [-114.63956347589685, 33.045294930700216],
              [-114.64163247655756, 33.046898931174574],
              [-114.64483147699728, 33.04864893074381],
              [-114.64599047708863, 33.04890693119062],
              [-114.64706047749155, 33.04842093115575],
              [-114.64901247707809, 33.04676692969419],
              [-114.65101047759366, 33.044135929341074],
              [-114.6526954772165, 33.04115292962479],
              [-114.65271447748307, 33.04111892915504],
              [-114.65282247833642, 33.040775929640255],
              [-114.65320847812579, 33.04010992981759],
              [-114.65336747813444, 33.039836929198515],
              [-114.65504947828254, 33.03711092951886],
              [-114.65783847864344, 33.03382892873949],
              [-114.65984347883175, 33.032668927765684],
              [-114.66232847852075, 33.03267492780482],
              [-114.66507147974924, 33.0339109279084],
              [-114.66822047996025, 33.03600792818916],
              [-114.6708144803275, 33.03798792823576],
              [-114.672235481258, 33.0401779277576],
              [-114.67367048153389, 33.04190092835518],
              [-114.67477348154875, 33.04530592831673],
              [-114.67484148221914, 33.045511929496755],
              [-114.67488348295025, 33.0458209292339],
              [-114.67505248210634, 33.04706992898179],
              [-114.67511448292892, 33.047534928962456],
              [-114.67512248242653, 33.048642928780694],
              [-114.67444548238403, 33.05420893042495],
              [-114.67430648246683, 33.057173931005565],
              [-114.67531448294545, 33.058448930436235],
              [-114.6765274834635, 33.05926493110188],
              [-114.67912548402873, 33.06197093118967],
              [-114.68076848471706, 33.06402393050157],
              [-114.68091048410898, 33.06418893103681],
              [-114.68125848516183, 33.06459593078368],
              [-114.68210848455837, 33.06554993086195],
              [-114.68235948462855, 33.065827931099584],
              [-114.68700248646334, 33.070972931560775],
              [-114.6891314873985, 33.0761259324104],
              [-114.68931848699624, 33.07918393241682],
              [-114.68860848734177, 33.082873933095634],
              [-114.6890314878394, 33.0840399331004],
              [-114.6925594881671, 33.08579093290938],
              [-114.69463948869844, 33.08623093368084],
              [-114.69714348955235, 33.08639893253252],
              [-114.70117648949514, 33.08637293216675],
              [-114.70474149053108, 33.087055932015936],
              [-114.70649949084715, 33.088164932840606],
              [-114.70783049136597, 33.091106933517594],
              [-114.70814449208365, 33.09402693322655],
              [-114.70790749225718, 33.09743593344795],
              [-114.70703949241896, 33.101788934193515],
              [-114.70618649175103, 33.10533893527601],
              [-114.70369349256443, 33.11377293593464],
              [-114.69930749244423, 33.12504193780367],
              [-114.69783949165804, 33.12865493794237],
              [-114.69692549178909, 33.13112393884795],
              [-114.69486949244549, 33.133464939204615],
              [-114.69025749147116, 33.13772893953867],
              [-114.68741649123172, 33.1419879406077],
              [-114.68491849112392, 33.14782794094823],
              [-114.68277049171881, 33.154812942072596],
              [-114.67995649124353, 33.159063943265444],
              [-114.67936149121681, 33.162437943310195],
              [-114.68061949194066, 33.16716194397707],
              [-114.68090149197297, 33.169078944180804],
              [-114.6802484922199, 33.169641945044425],
              [-114.6798604918824, 33.17150394427968],
              [-114.67912649283679, 33.17461294520778],
              [-114.67909649180123, 33.17465594538018],
              [-114.67904449192271, 33.17474194490988],
              [-114.67786749228799, 33.17680794514079],
              [-114.67584149218331, 33.18152494620132],
              [-114.67537049290344, 33.18549294691288],
              [-114.6752004921258, 33.18818294735991],
              [-114.67568749219751, 33.19037494687786],
              [-114.6765024932306, 33.19336394715415],
              [-114.67667849295769, 33.19400594765703],
              [-114.67806049442848, 33.19907794833933],
              [-114.67817449423127, 33.1994929487348],
              [-114.67818849357667, 33.1995819479005],
              [-114.6787604949355, 33.2034529489781],
              [-114.67768849488279, 33.206989949082775],
              [-114.67608349472759, 33.21083994950283],
              [-114.67543749464723, 33.21378395050616],
              [-114.67372649508513, 33.21924995097945],
              [-114.67363749449834, 33.22312595130864],
              [-114.67449049516627, 33.225508952261244],
              [-114.67810849590569, 33.23030495213707],
              [-114.68157749668215, 33.23376295252112],
              [-114.68274249751964, 33.23492295218564],
              [-114.68425149741535, 33.237483952775406],
              [-114.68749249858622, 33.24198595351039],
              [-114.68939449884233, 33.245190953689644],
              [-114.68943249937549, 33.24525495305394],
              [-114.68955249902608, 33.24643295416003],
              [-114.68821649938272, 33.247969953661574],
              [-114.68542649919688, 33.249060954244214],
              [-114.68326449864975, 33.25003895428707],
              [-114.68077149856485, 33.25221695448282],
              [-114.6776714987576, 33.25443095550262],
              [-114.67450249755677, 33.255601955683936],
              [-114.67293549703642, 33.25704695597344],
              [-114.67209949698523, 33.25850395643133],
              [-114.6724124969797, 33.26047395663086],
              [-114.67460649821214, 33.26545795671372],
              [-114.67704349911891, 33.270173958077976],
              [-114.68051850064147, 33.27358095782898],
              [-114.68437450103225, 33.276027957124235],
              [-114.68861050226296, 33.277865957594344],
              [-114.69446050297138, 33.279789957610305],
              [-114.69718650358308, 33.28047995773103],
              [-114.70288450485384, 33.28192095752663],
              [-114.7112085062789, 33.283345956820845],
              [-114.71788650754088, 33.28516095717304],
              [-114.72168150873058, 33.28698695695759],
              [-114.72327050899227, 33.28808395742971],
              [-114.72501050886669, 33.29110195694393],
              [-114.72821351040271, 33.296668958492376],
              [-114.73042851065327, 33.30071595804713],
              [-114.73123451146554, 33.30243795848751],
              [-114.73123351164064, 33.30404395895376],
              [-114.7299155115406, 33.30574995861479],
              [-114.72649551116793, 33.3082779602439],
              [-114.72467651075249, 33.310101959720896],
              [-114.72363451083699, 33.31211396014572],
              [-114.72276551027552, 33.31274096042585],
              [-114.72102651022603, 33.3140729614649],
              [-114.71862151000465, 33.315765961266],
              [-114.71706750990309, 33.31666896117126],
              [-114.71303450906197, 33.318884961667656],
              [-114.71069350841472, 33.320465962327496],
              [-114.71063850906145, 33.32050496269063],
              [-114.70981250815768, 33.32114396234465],
              [-114.70788150848757, 33.32332096257531],
              [-114.70519750860696, 33.32771396290492],
              [-114.70249250880994, 33.33347096432369],
              [-114.70245450827682, 33.333552964221894],
              [-114.70237550863409, 33.333715964083275],
              [-114.70172050833285, 33.33522996439308],
              [-114.70137450872647, 33.33603296384775],
              [-114.70094950857901, 33.33701896469725],
              [-114.70011450925108, 33.34104996524398],
              [-114.69936150814227, 33.34569696581897],
              [-114.69913550908475, 33.34926296611152],
              [-114.6980465093136, 33.352446967047314],
              [-114.69818150993113, 33.35657996705324],
              [-114.6990675093127, 33.36115296731541],
              [-114.69988351017072, 33.36275796826951],
              [-114.7003675107677, 33.36370996813448],
              [-114.70197051127309, 33.367138968260235],
              [-114.70421251218612, 33.37124296907682],
              [-114.70558351198962, 33.37326596854059],
              [-114.70673351186015, 33.37503496935259],
              [-114.70700851221974, 33.375696969609905],
              [-114.70704651185457, 33.375788969203796],
              [-114.70735951274733, 33.376631969586484],
              [-114.70754851289324, 33.37756596931308],
              [-114.70749651211639, 33.37837996919576],
              [-114.70741451210061, 33.378601970023674],
              [-114.70736251222209, 33.37874296945444],
              [-114.7073285127852, 33.378834969576886],
              [-114.70708051308807, 33.37951096990519],
              [-114.70702051281364, 33.38063796974823],
              [-114.70703451305732, 33.38137896949885],
              [-114.70722451302814, 33.38215097026271],
              [-114.7073205123893, 33.382544969468384],
              [-114.70841851327961, 33.38414696993157],
              [-114.70894051351141, 33.38454297033383],
              [-114.70921251349796, 33.38474896954957],
              [-114.71006151396794, 33.38538897094672],
              [-114.71035551459413, 33.38560996977471],
              [-114.71087851375253, 33.386038969911],
              [-114.71089251399627, 33.386050970393185],
              [-114.71097851420998, 33.38612097054757],
              [-114.71104251378407, 33.38617096987327],
              [-114.7111065142565, 33.386219970069654],
              [-114.71223651403555, 33.38713197009228],
              [-114.71275551479262, 33.38755997038369],
              [-114.71320351450628, 33.38789997070461],
              [-114.71353351511749, 33.38818897023188],
              [-114.71361351458509, 33.38826096981931],
              [-114.7141845143224, 33.388957971076195],
              [-114.71563051536727, 33.390722970747284],
              [-114.71778851571644, 33.39309997090819],
              [-114.71808451599244, 33.39340097136539],
              [-114.71900951663038, 33.3945639705879],
              [-114.71919451567997, 33.394795971113695],
              [-114.71928651663983, 33.394913971020706],
              [-114.7204745170435, 33.396129971306195],
              [-114.72072251674062, 33.39638397154662],
              [-114.7212435162492, 33.396915971516336],
              [-114.72176851685408, 33.39750897146895],
              [-114.72200551668055, 33.397778970663225],
              [-114.72288451728772, 33.398780971505914],
              [-114.72426151783729, 33.40042497161962],
              [-114.72484151779544, 33.40153797188108],
              [-114.72515851798786, 33.40214597130275],
              [-114.72530351775282, 33.40234597130747],
              [-114.72554651832536, 33.40405997141967],
              [-114.72529351860537, 33.40505297136956],
              [-114.72384051788782, 33.40653597237595],
              [-114.72221251816642, 33.40738897214414],
              [-114.722036517541, 33.40742497299105],
              [-114.7219235175631, 33.4074519721166],
              [-114.72084951696223, 33.40770997217003],
              [-114.7206575173416, 33.40775597266294],
              [-114.72007651755854, 33.40789597244821],
              [-114.71770951607371, 33.40790997286426],
              [-114.71583051628213, 33.40769597322156],
              [-114.71341151581706, 33.40727597297174],
              [-114.71088951541982, 33.40725897287782],
              [-114.70853351470396, 33.407562973349656],
              [-114.70594751473261, 33.407923973278095],
              [-114.70449251436524, 33.40800797346377],
              [-114.70426651440941, 33.40802797371031],
              [-114.7028495136769, 33.40815197348605],
              [-114.70245151419194, 33.40824897346543],
              [-114.7017995133655, 33.40838197378681],
              [-114.70077051386876, 33.408915973714755],
              [-114.69965351361019, 33.4095169739172],
              [-114.69823551305274, 33.41045097351283],
              [-114.69771951356702, 33.410946974215314],
              [-114.697351513321, 33.41141497388967],
              [-114.69724251354104, 33.41155197434905],
              [-114.69694451271691, 33.411928974574316],
              [-114.69688051404111, 33.41200997447481],
              [-114.69681651356869, 33.41209197385277],
              [-114.69668551404745, 33.412682974614725],
              [-114.69655451272956, 33.41381397439935],
              [-114.69651851364286, 33.41406797468129],
              [-114.69566951317289, 33.415132974769506],
              [-114.69338251295231, 33.416118975313516],
              [-114.69099851264734, 33.41687897570491],
              [-114.68796151258931, 33.417938975383464],
              [-114.68706451243877, 33.41792297536287],
              [-114.6848285122718, 33.41800997558005],
              [-114.6775305108687, 33.41874797619202],
              [-114.67687351001939, 33.418820976177855],
              [-114.67683751003436, 33.41882797625544],
              [-114.67550351004081, 33.419053975886364],
              [-114.67480351043208, 33.41914597682836],
              [-114.67370250916872, 33.419161976623656],
              [-114.67308150920269, 33.4188799759572],
              [-114.66978050865569, 33.41763597622594],
              [-114.66924150870544, 33.41743897615698],
              [-114.66854850787108, 33.41718597623125],
              [-114.66744150855658, 33.41678197636558],
              [-114.6668885074643, 33.41654597655434],
              [-114.6666215075006, 33.41640897647452],
              [-114.66635450843523, 33.41627097667374],
              [-114.66615350769546, 33.416168976125725],
              [-114.66575250783745, 33.41596497691989],
              [-114.66507450707174, 33.41562097587979],
              [-114.66352250751828, 33.41513997664403],
              [-114.66221950748688, 33.41475197686565],
              [-114.6603205067055, 33.41401697687775],
              [-114.65907350585228, 33.413375976053224],
              [-114.6582655062885, 33.41302597650259],
              [-114.65781750657484, 33.41296297682362],
              [-114.65674650634703, 33.41281797623429],
              [-114.65427350545527, 33.41290397677332],
              [-114.6528395050043, 33.41292797631569],
              [-114.64955150397779, 33.41363797689754],
              [-114.64331350383019, 33.41675097764383],
              [-114.64102350413485, 33.41843697801957],
              [-114.63519450334284, 33.42272997879692],
              [-114.63327350282016, 33.425028979784564],
              [-114.63091450173123, 33.42675897976493],
              [-114.62965150188279, 33.428141979997775],
              [-114.62749050205889, 33.43231198039908],
              [-114.62717850188935, 33.43344098077362],
              [-114.62713650205656, 33.43355898141122],
              [-114.62683750230582, 33.43440998102966],
              [-114.62667750157394, 33.435038981283434],
              [-114.62580050151487, 33.43717798103289],
              [-114.62313350225102, 33.44475198241614],
              [-114.62290050172422, 33.44552898257703],
              [-114.62229450182679, 33.447562982242935],
              [-114.62253050272666, 33.45088398310349],
              [-114.6234065029608, 33.454494983284114],
              [-114.62338050302154, 33.45526198429995],
              [-114.62292950383315, 33.456565983776244],
              [-114.6183655034377, 33.46271298503228],
              [-114.61434250264236, 33.46731998579387],
              [-114.61406150243496, 33.468205986128666],
              [-114.61404750219126, 33.46824798591292],
              [-114.61400650218339, 33.468376985604756],
              [-114.61399350266291, 33.46841998570917],
              [-114.61385750222045, 33.468847986282356],
              [-114.61379350264635, 33.469053985608674],
              [-114.613107502383, 33.46995298596612],
              [-114.61283550239644, 33.47030998640348],
              [-114.61248350204396, 33.470772986308276],
              [-114.61186050152978, 33.47131998634559],
              [-114.60992050253714, 33.47302398705559],
              [-114.6078545022495, 33.47483898709051],
              [-114.60491150190278, 33.47843998765923],
              [-114.6047155020842, 33.47872298833798],
              [-114.60340750202992, 33.48063598837846],
              [-114.60315950053618, 33.480730988488176],
              [-114.60305550167743, 33.48077098842434],
              [-114.60274250168295, 33.48089198763174],
              [-114.6026395008525, 33.48093298775209],
              [-114.60254450131626, 33.48097098782802],
              [-114.60170550089201, 33.481400987604864],
              [-114.59972350116828, 33.48432098899058],
              [-114.59876950021801, 33.486808988950834],
              [-114.59729450065748, 33.49065799006544],
              [-114.59454550047951, 33.49506299027827],
              [-114.59373250089288, 33.49593699055003],
              [-114.59277050044503, 33.49780399026492],
              [-114.59238050045768, 33.49867999068999],
              [-114.59156550032289, 33.49944799097399],
              [-114.59097950051698, 33.50003199113963],
              [-114.58975350047847, 33.50128799149736],
              [-114.5892575001859, 33.50181799106513],
              [-114.58825050043052, 33.502457992295184],
              [-114.58375849910678, 33.50490799243357],
              [-114.58047949830109, 33.506469992328654],
              [-114.57637249873846, 33.507120992383726],
              [-114.57376849742717, 33.50754799353784],
              [-114.5718274977113, 33.50817199374362],
              [-114.56954449679033, 33.509223993506176],
              [-114.56741649657842, 33.51104299330716],
              [-114.56540349599422, 33.512984994394756],
              [-114.56261949655446, 33.51504999447461],
              [-114.56197849649698, 33.51560399398711],
              [-114.56097449621629, 33.51674399463618],
              [-114.56075349628337, 33.51766399529598],
              [-114.56056349631257, 33.51827699485143],
              [-114.56053349617535, 33.52114499524054],
              [-114.5606364970058, 33.522199995379204],
              [-114.56084649706811, 33.524338996441315],
              [-114.56010949675114, 33.526667996129916],
              [-114.55980549607919, 33.529058997044885],
              [-114.55951849692235, 33.53072899703686],
              [-114.55890949665189, 33.5318239973853],
              [-114.55803449624263, 33.53259399710451],
              [-114.54624849551043, 33.53988899816905],
              [-114.54202249432548, 33.54248599940565],
              [-114.53181349326105, 33.547867000336126],
              [-114.53089349354428, 33.549282999925396],
              [-114.53041249332034, 33.55010400072028],
              [-114.52903849314384, 33.55071600068491],
              [-114.52600849186018, 33.551462001191474],
              [-114.52461049229252, 33.55223600113641],
              [-114.52430749234382, 33.55289700134701],
              [-114.52422649215296, 33.55307300135129],
              [-114.5243484923517, 33.55349900155317],
              [-114.52437249174284, 33.55358300143994],
              [-114.52440249277838, 33.55368800174502],
              [-114.52517849255509, 33.55489700192346],
              [-114.52551149264103, 33.55531900152463],
              [-114.52558149206291, 33.55540700097594],
              [-114.52677449248945, 33.55692100196228],
              [-114.52684549353289, 33.55747100220815],
              [-114.52763349300518, 33.558527001576536],
              [-114.52823149250666, 33.55932300257889],
              [-114.52888049296008, 33.559926002262415],
              [-114.52919649332758, 33.56005700175864],
              [-114.52941649433392, 33.560045002144484],
              [-114.53015249392766, 33.560718002008954],
              [-114.53064849422022, 33.561051001936754],
              [-114.5316244949118, 33.56170700169805],
              [-114.53234449461202, 33.562884002257626],
              [-114.53257049456782, 33.56388700251963],
              [-114.53264749456073, 33.56422700251477],
              [-114.53267849452286, 33.564318002750895],
              [-114.53319349508197, 33.56580000314997],
              [-114.53320349512774, 33.56582800237728],
              [-114.5339194955283, 33.56684600308648],
              [-114.53429949457158, 33.56735800270694],
              [-114.53522549593276, 33.56828000215628],
              [-114.53567549529625, 33.56879300299519],
              [-114.53597649559512, 33.56915900280307],
              [-114.53679549592785, 33.570964003368566],
              [-114.5369324952969, 33.5714410031545],
              [-114.53712049651617, 33.57273500322684],
              [-114.53714749538204, 33.57299900271137],
              [-114.53716249634897, 33.57314600313758],
              [-114.537234496319, 33.573827003648475],
              [-114.5372914962204, 33.57400000312142],
              [-114.53754149646566, 33.57474900361894],
              [-114.53767349581183, 33.575145003407926],
              [-114.53781249662731, 33.57556000347129],
              [-114.53877849727314, 33.57657100313393],
              [-114.53899449718321, 33.576797003727286],
              [-114.5397754969828, 33.57851500411726],
              [-114.54023149709239, 33.58030600413066],
              [-114.54031149745833, 33.58062000462483],
              [-114.54062149707971, 33.582327004076376],
              [-114.54066349781083, 33.58287700414638],
              [-114.5405704979244, 33.584393004310115],
              [-114.5404854975356, 33.58593000417406],
              [-114.54043049818232, 33.586378004495735],
              [-114.54021349754905, 33.58709200483084],
              [-114.54012249821076, 33.58835900560463],
              [-114.54019049798283, 33.58850700507555],
              [-114.54031949785426, 33.58878200530928],
              [-114.54053849723904, 33.58949100570009],
              [-114.54060749773434, 33.58964400497156],
              [-114.5406754975064, 33.58979400472745],
              [-114.54065049829035, 33.59062600512386],
              [-114.54062849854905, 33.59141700561316],
              [-114.54016249839373, 33.59195400521952],
              [-114.53993149841504, 33.59222000596588],
              [-114.53923949830391, 33.59301800552835],
              [-114.53900949815015, 33.59328500569443],
              [-114.53894149747977, 33.593363005301114],
              [-114.53893149833235, 33.593376005228706],
              [-114.53873549761545, 33.59359400533423],
              [-114.53866749784339, 33.59367100570669],
              [-114.53829349864789, 33.59409200615827],
              [-114.53814249723852, 33.594244005804015],
              [-114.53769249787503, 33.594704005640295],
              [-114.53754349791211, 33.59485700614179],
              [-114.53750449755405, 33.59490000549538],
              [-114.53742949810929, 33.5950570058941],
              [-114.53740449799494, 33.595110006502736],
              [-114.53698749824343, 33.595982006292395],
              [-114.53678849805179, 33.59639900575737],
              [-114.53531049811819, 33.59833800624587],
              [-114.5347254972389, 33.599107006786454],
              [-114.53347149761127, 33.60103800706251],
              [-114.53297249694569, 33.6017510069106],
              [-114.53278949754588, 33.60201300744931],
              [-114.53214249764059, 33.60293800731385],
              [-114.53106249719194, 33.60448700762909],
              [-114.53087749724403, 33.6046050078528],
              [-114.5308484969317, 33.60464100755919],
              [-114.53073449712888, 33.60477900804024],
              [-114.52919749764406, 33.6066550084238],
              [-114.52875149758022, 33.60705800824755],
              [-114.5283274972577, 33.607443007673155],
              [-114.52789149723961, 33.60783900853781],
              [-114.5267934963493, 33.6088360084109],
              [-114.5240054967116, 33.60999500868318],
              [-114.52208249653908, 33.61128200863931],
              [-114.52192249670551, 33.612176008709405],
              [-114.52185649568497, 33.612549008674335],
              [-114.52211849652409, 33.61336900906594],
              [-114.5223784968151, 33.61417700956866],
              [-114.52459349706567, 33.61581000911369],
              [-114.52469249679986, 33.6158830090722],
              [-114.52572749704267, 33.61663100933748],
              [-114.52738949799759, 33.61783300941663],
              [-114.52774649747465, 33.618478008882896],
              [-114.52794949786424, 33.61884400963415],
              [-114.52858949809684, 33.61999900940295],
              [-114.52909149823718, 33.621716009495245],
              [-114.52963549910862, 33.62215901032388],
              [-114.53099049901854, 33.62359601046502],
              [-114.53122649902011, 33.623918009753744],
              [-114.53122149899723, 33.62462600990014],
              [-114.53121349949966, 33.62502900947806],
              [-114.53109649932377, 33.62792001065689],
              [-114.53104549927014, 33.62821801052672],
              [-114.53032249919687, 33.62904201083457],
              [-114.52994649945326, 33.62916101114092],
              [-114.52941249862754, 33.629387010817496],
              [-114.52906849956928, 33.629554010846256],
              [-114.5263814984173, 33.630264011103016],
              [-114.5238134979893, 33.634705011852425],
              [-114.52491949837722, 33.63885401182404],
              [-114.52540549862401, 33.64067401239716],
              [-114.52864449924674, 33.64316301298402],
              [-114.52956049966386, 33.64386601190128],
              [-114.53227350075511, 33.64725801323755],
              [-114.53322650098215, 33.64844801369475],
              [-114.53320550106575, 33.651665014049925],
              [-114.53217550084582, 33.653199013937176],
              [-114.53059450098006, 33.65446601366125],
              [-114.52517450044198, 33.6559440139862],
              [-114.51834849904199, 33.65593201499946],
              [-114.51457049846903, 33.65801901569229],
              [-114.51406849832868, 33.660184015559246],
              [-114.51534749896895, 33.66203801636035],
              [-114.51712349882838, 33.66288201571187],
              [-114.52068250001656, 33.662686014956385],
              [-114.52196850032954, 33.66295301536038],
              [-114.52645050160751, 33.66388501564409],
              [-114.53027850240922, 33.66682601572392],
              [-114.53213450263458, 33.66970701517127],
              [-114.53153450258495, 33.67511301635877],
              [-114.53104950306137, 33.676821017268665],
              [-114.53035950260006, 33.67925001715572],
              [-114.52779350272021, 33.682689018102614],
              [-114.5239705019414, 33.68588401801385],
              [-114.51912450151364, 33.688478018838495],
              [-114.51242050031242, 33.691287019944546],
              [-114.50983050014312, 33.69171902012086],
              [-114.50800750042804, 33.692023019939704],
              [-114.50500449980686, 33.69302702086657],
              [-114.50291049903183, 33.6942600203679],
              [-114.50079949853831, 33.6950640202896],
              [-114.49869249824278, 33.69587302096919],
              [-114.49650049845675, 33.69690602175642],
              [-114.4957304976295, 33.69845902163474],
              [-114.49554849805463, 33.70151102230668],
              [-114.49511049838671, 33.70295402225917],
              [-114.49441849827556, 33.70540002180577],
              [-114.4942084982133, 33.70792702278613],
              [-114.49421549878431, 33.708059022914064],
              [-114.49434449865574, 33.71064002222327],
              [-114.49463749855867, 33.71266702283737],
              [-114.4949124989183, 33.714435023663356],
              [-114.49511149910994, 33.71523902381464],
              [-114.49539849916512, 33.7163980232275],
              [-114.49609749984725, 33.71806902350451],
              [-114.49657650042137, 33.719160024040235],
              [-114.4973744999394, 33.72003302414577],
              [-114.49814449986833, 33.720639024606584],
              [-114.49921250062141, 33.7211970239258],
              [-114.50007950063474, 33.72171402475246],
              [-114.50079950033494, 33.72220902372304],
              [-114.50267250117707, 33.724589024379476],
              [-114.5041875018189, 33.72806002427851],
              [-114.50681050249847, 33.730523025218915],
              [-114.50981150346982, 33.73180702454377],
              [-114.5102765029019, 33.732151024446445],
              [-114.51051250290344, 33.73238502442604],
              [-114.51088750372048, 33.7327580248461],
              [-114.51090150306588, 33.732771025392296],
              [-114.51235950380631, 33.734219024539094],
              [-114.51198350406266, 33.735024024963266],
              [-114.51078850398629, 33.737579025259315],
              [-114.5106335041756, 33.73782002577508],
              [-114.50821750408359, 33.74159202605645],
              [-114.50601150405386, 33.74634902630251],
              [-114.50484150409181, 33.75002602780109],
              [-114.50449450376219, 33.75100302785049],
              [-114.50445650412736, 33.75231002772035],
              [-114.50438850345697, 33.75382002790974],
              [-114.50434050467473, 33.75492502825923],
              [-114.50435150454538, 33.756386028313315],
              [-114.5046695045627, 33.75864502840589],
              [-114.50477750451772, 33.759413028184184],
              [-114.50485050431266, 33.760210028823735],
              [-114.50487450460211, 33.76047002859968],
              [-114.50508150518965, 33.76120702853562],
              [-114.50518350439859, 33.761568029164074],
              [-114.50553250437804, 33.763198028345506],
              [-114.50603550524161, 33.76473902882945],
              [-114.5066835049718, 33.766506029216714],
              [-114.50701650505775, 33.7676480289586],
              [-114.50710050562164, 33.76793502938193],
              [-114.50719350550806, 33.768128029987274],
              [-114.50782550624304, 33.76944402924066],
              [-114.50883150617354, 33.771574029746404],
              [-114.5099055067744, 33.77376103006658],
              [-114.51096950732952, 33.77631903077498],
              [-114.51201450761806, 33.77876403011456],
              [-114.51334950833484, 33.78141003150142],
              [-114.5142975076407, 33.78337103113932],
              [-114.51523550869744, 33.784944030945006],
              [-114.51598050851203, 33.78655003159574],
              [-114.51674550841808, 33.78835003151611],
              [-114.5172875096397, 33.790189031089724],
              [-114.51776250911755, 33.79224703178273],
              [-114.51844951010412, 33.79499903220886],
              [-114.51865351031861, 33.79642003291259],
              [-114.51895350989427, 33.79730703192817],
              [-114.51949551021758, 33.7982840326525],
              [-114.52010551031294, 33.7994780325436],
              [-114.5208215098152, 33.80081703286852],
              [-114.5215665105281, 33.80198703279482],
              [-114.52202151081276, 33.8030520332433],
              [-114.5224185113711, 33.80422203321874],
              [-114.52282451125197, 33.80524603300872],
              [-114.52337651072271, 33.80612503359496],
              [-114.5240445114427, 33.80749703368239],
              [-114.52469351189615, 33.80896603290182],
              [-114.5254575128756, 33.810232034235234],
              [-114.52640551218147, 33.81152303344269],
              [-114.52697351244404, 33.8123260337729],
              [-114.52719951239985, 33.81264403447013],
              [-114.52767351295108, 33.81362903356667],
              [-114.52787751316558, 33.81438703472223],
              [-114.52806151328859, 33.81496803487521],
              [-114.52789751325707, 33.8156220345693],
              [-114.52717251353397, 33.81619603457643],
              [-114.52593451290159, 33.816867034693075],
              [-114.5246395132661, 33.817562035345034],
              [-114.52272551241609, 33.8189840353666],
              [-114.52142051273488, 33.82084903545933],
              [-114.52074451161893, 33.82203603517733],
              [-114.52016451255912, 33.82384403592833],
              [-114.51998151315932, 33.82538603614651],
              [-114.52047651272866, 33.82778303640828],
              [-114.52092151296758, 33.829058036398294],
              [-114.52218051351636, 33.832261036922276],
              [-114.52272251383968, 33.83339103685669],
              [-114.52342051379858, 33.83532803707847],
              [-114.52382651367944, 33.83612603765677],
              [-114.52457251421724, 33.83706203740737],
              [-114.52555051455865, 33.838619037078125],
              [-114.52606451529287, 33.84000703763501],
              [-114.52722651485895, 33.84256503803815],
              [-114.52802051507736, 33.844469037851866],
              [-114.52903751577679, 33.84668003849521],
              [-114.52960851641242, 33.84806803793287],
              [-114.52997751648337, 33.84950503878835],
              [-114.53012251624833, 33.8504080383707],
              [-114.53022051705594, 33.85134503804533],
              [-114.5300855164384, 33.85223303863915],
              [-114.53011451675071, 33.85266803951584],
              [-114.5301915167436, 33.853153039579205],
              [-114.53034651655433, 33.8538830385127],
              [-114.53043451731618, 33.854299039011856],
              [-114.53054751729407, 33.85500603923472],
              [-114.53061851654087, 33.855445038734565],
              [-114.5303385161584, 33.85657503945236],
              [-114.53002251668921, 33.85728003949583],
              [-114.52989451664268, 33.85756803962016],
              [-114.5288885167122, 33.858311039753126],
              [-114.52792151624145, 33.858925040090114],
              [-114.52708051706573, 33.85943404043787],
              [-114.52567751567857, 33.860008040181526],
              [-114.52430351640037, 33.86013804041677],
              [-114.52288151564495, 33.85997004010983],
              [-114.52176851558436, 33.859648040276156],
              [-114.5208495147942, 33.85929304057209],
              [-114.52006551462154, 33.85899503980931],
              [-114.51900951446235, 33.85856804040585],
              [-114.51784851472115, 33.85831804074768],
              [-114.51760051502404, 33.858271040452735],
              [-114.51682251469919, 33.85812504060953],
              [-114.5156425137931, 33.858271040452735],
              [-114.5146845135432, 33.85864304068273],
              [-114.51398851413242, 33.8590070409916],
              [-114.51322451405127, 33.85989504099839],
              [-114.51247051401585, 33.86069404072723],
              [-114.51135751395525, 33.86157504111292],
              [-114.50990651288753, 33.86226204131397],
              [-114.50867751337427, 33.86277104116539],
              [-114.50748751332077, 33.86312704088196],
              [-114.5066465123484, 33.863489041628036],
              [-114.50564951263875, 33.864281041534774],
              [-114.50461451329426, 33.86517704185462],
              [-114.50389851199536, 33.86575904168678],
              [-114.50342551216735, 33.86645304211652],
              [-114.50311551254596, 33.867171042197405],
              [-114.50302851250731, 33.86800304224083],
              [-114.5030775120128, 33.86878604218807],
              [-114.50329051244813, 33.86955204234265],
              [-114.50367751296073, 33.87052904260248],
              [-114.50387151312948, 33.87123904257292],
              [-114.50390051254351, 33.87188504274931],
              [-114.50383251366978, 33.872522042304965],
              [-114.50369751395053, 33.87332104320266],
              [-114.50361051301358, 33.87402404261795],
              [-114.50340651279909, 33.875023042935204],
              [-114.50380751355539, 33.8760730428081],
              [-114.50435151352852, 33.87688704385245],
              [-114.50528351383917, 33.87766704395845],
              [-114.50666051438874, 33.878655043603295],
              [-114.50808551461888, 33.87963504364472],
              [-114.5101495152567, 33.88078204347797],
              [-114.51101251507207, 33.88153004410554],
              [-114.51247851531011, 33.882889043430424],
              [-114.51377951659, 33.884208043656095],
              [-114.51554651622858, 33.88559104368987],
              [-114.51672051728688, 33.886701043913014],
              [-114.51867151704849, 33.888268044029324],
              [-114.51999251752157, 33.88978104369884],
              [-114.52151751820914, 33.8912770446518],
              [-114.52277951823265, 33.89258804456142],
              [-114.52364551842105, 33.89364304423088],
              [-114.52479351864177, 33.895635044020544],
              [-114.52482451860392, 33.895689044786515],
              [-114.52526551954321, 33.896995045220194],
              [-114.52555251959838, 33.898383044646685],
              [-114.52576051911251, 33.89940704514774],
              [-114.52587951893821, 33.90023804493099],
              [-114.52588351913616, 33.90101304551152],
              [-114.52570151956128, 33.90143304536984],
              [-114.52506451970173, 33.901646045183654],
              [-114.52430051872228, 33.90159204520768],
              [-114.52295451903315, 33.90113604545527],
              [-114.5218395184244, 33.90054304536511],
              [-114.52071551849315, 33.899925045211496],
              [-114.51932951772275, 33.89923604571115],
              [-114.51739251730653, 33.89835504560786],
              [-114.5163555174139, 33.897923045317775],
              [-114.51500151732886, 33.89781404594304],
              [-114.51372651688655, 33.89796404531331],
              [-114.51239451744114, 33.89838804556589],
              [-114.51095551606896, 33.89910404562373],
              [-114.50969251622054, 33.89979404605976],
              [-114.508719515902, 33.90064504596598],
              [-114.5079995162018, 33.901818046342704],
              [-114.5078595164597, 33.90282004653411],
              [-114.50793151553141, 33.903812046422885],
              [-114.50815851710875, 33.90496604713017],
              [-114.5085695170125, 33.906103046884745],
              [-114.50917451708499, 33.90721404758253],
              [-114.50988551656437, 33.90848704692514],
              [-114.51055851730725, 33.909599046871705],
              [-114.51152251740496, 33.91109704703314],
              [-114.51239751781418, 33.9120870473236],
              [-114.5131935185807, 33.91285104768179],
              [-114.51321351867219, 33.91292404778785],
              [-114.51451451815548, 33.9142190469453],
              [-114.51589251852994, 33.915377047891695],
              [-114.51709651882715, 33.91632504715329],
              [-114.51844551888931, 33.91752304768147],
              [-114.51925151970157, 33.918157047406616],
              [-114.5201055192961, 33.91880004743009],
              [-114.52104651982758, 33.919523047196726],
              [-114.52215252021549, 33.920294048360255],
              [-114.52340452019328, 33.921226047488844],
              [-114.52439352040531, 33.92176404733211],
              [-114.52537252057164, 33.92227704768459],
              [-114.52670952183655, 33.922910048216764],
              [-114.52839652200751, 33.92367904787713],
              [-114.52950052184728, 33.92404604753045],
              [-114.53111852152296, 33.92463804777227],
              [-114.53230852247478, 33.92487604829396],
              [-114.53329552303701, 33.925009047550475],
              [-114.53370552311584, 33.92509604839777],
              [-114.53414352278375, 33.92518904807427],
              [-114.53415752302745, 33.925192048278575],
              [-114.5345835229998, 33.925384047715575],
              [-114.53496252311649, 33.92570504736842],
              [-114.53521652266139, 33.92630204803394],
              [-114.53542252342403, 33.92684204772128],
              [-114.53576452283247, 33.927535048093375],
              [-114.53577652342635, 33.927609048578674],
              [-114.5358645232899, 33.928108047795405],
              [-114.53587752281038, 33.92871304798266],
              [-114.53584552392164, 33.93025504841869],
              [-114.5358025233656, 33.93131304849461],
              [-114.53568752373789, 33.93355704917975],
              [-114.53548952337117, 33.93465604871338],
              [-114.53497252406056, 33.9357640492107],
              [-114.53447452321986, 33.9368960500259],
              [-114.53368552392266, 33.937956049164534],
              [-114.5331675229905, 33.938862049978596],
              [-114.53252452328316, 33.940011050038606],
              [-114.53195852356873, 33.94105404991805],
              [-114.53140252390004, 33.94212205039879],
              [-114.53057752371951, 33.943634050214854],
              [-114.52990852407291, 33.94530705040956],
              [-114.52925752396966, 33.94674705022907],
              [-114.52869152335691, 33.94782205043333],
              [-114.52809552350526, 33.94860705085722],
              [-114.52716152354479, 33.94970905144438],
              [-114.52678752434927, 33.950299051337275],
              [-114.52636452295337, 33.95092205134375],
              [-114.52581552295736, 33.951465051410366],
              [-114.52519052279338, 33.95219405181937],
              [-114.52484352336205, 33.95262305194697],
              [-114.5244015234962, 33.95313305198414],
              [-114.52402552285423, 33.95352205176349],
              [-114.5238045238196, 33.95382905143341],
              [-114.5235155232163, 33.95417705200378],
              [-114.52332252287245, 33.95443005152715],
              [-114.52314052329758, 33.95467105214654],
              [-114.52274552328737, 33.955044052149006],
              [-114.52235052327715, 33.955312052261995],
              [-114.52201352299326, 33.95562805255638],
              [-114.52154052316524, 33.955863052280854],
              [-114.5211155221195, 33.95606705204808],
              [-114.52073852344924, 33.95619705265272],
              [-114.52031352330182, 33.95631205230557],
              [-114.51959952255108, 33.95658905317023],
              [-114.51899052228062, 33.95681705286104],
              [-114.51836352336511, 33.95719805192198],
              [-114.51767852292667, 33.957596052658765],
              [-114.51672152250167, 33.95788205246165],
              [-114.5158715222068, 33.95811105308792],
              [-114.51498152172897, 33.95815405229408],
              [-114.5143515215421, 33.95793905232048],
              [-114.51346052213765, 33.95770805285238],
              [-114.51258852210147, 33.95737205331933],
              [-114.51221652165748, 33.957272053450446],
              [-114.51192952070399, 33.95719605353109],
              [-114.51124252151405, 33.957045052685935],
              [-114.51043952107483, 33.957048053258],
              [-114.5095795207342, 33.95726905363141],
              [-114.50875852075164, 33.95750705385001],
              [-114.50868052093384, 33.957530053140836],
              [-114.50809152075487, 33.957839053863125],
              [-114.50746452004275, 33.958196053039906],
              [-114.50699152111305, 33.958383053678446],
              [-114.50636352057603, 33.95874105347528],
              [-114.50568752035842, 33.959034053332765],
              [-114.50502152018657, 33.959326053010685],
              [-114.50481851979697, 33.95941605430161],
              [-114.50417251971659, 33.959773053566835],
              [-114.5033905200921, 33.96012305422636],
              [-114.50256051988869, 33.960602054123534],
              [-114.50173051968531, 33.96108905420781],
              [-114.500899519657, 33.96152005397184],
              [-114.50080151974771, 33.961577054373514],
              [-114.50030951965311, 33.96161305409779],
              [-114.50013451885262, 33.961671054325116],
              [-114.49989451955142, 33.961794054612206],
              [-114.49966451939764, 33.96201405469426],
              [-114.49920551981334, 33.962462055161396],
              [-114.49893051945374, 33.962843054274266],
              [-114.4987675192471, 33.96303905472151],
              [-114.49814651928108, 33.96373005502945],
              [-114.49724851930564, 33.964650054354664],
              [-114.49605351922925, 33.96589505512965],
              [-114.49505851916942, 33.96684005503251],
              [-114.49406251928467, 33.967745055507514],
              [-114.4927775178983, 33.968789055768006],
              [-114.49220651905931, 33.96928205545084],
              [-114.49212651869337, 33.96937505528518],
              [-114.49151951807274, 33.969717056084384],
              [-114.49133851832276, 33.96985005606518],
              [-114.49079951837253, 33.970299056021005],
              [-114.49040951838518, 33.97062505583746],
              [-114.49013951894675, 33.970929055541205],
              [-114.48974051784026, 33.971382055600216],
              [-114.48963451843338, 33.97152305636943],
              [-114.48922651890267, 33.972072056154275],
              [-114.48847051831912, 33.97283705673408],
              [-114.4875115182443, 33.9735800559792],
              [-114.48707051820334, 33.97392705646564],
              [-114.48646651795578, 33.974404056624245],
              [-114.48535951774294, 33.97493805672871],
              [-114.48479551767832, 33.97552405707959],
              [-114.48411851853413, 33.97634505761735],
              [-114.48358451770842, 33.977036057086686],
              [-114.48310851750736, 33.97775005742714],
              [-114.48278951766514, 33.97858405775627],
              [-114.48259751804451, 33.979530057118666],
              [-114.48234451742621, 33.98018605789102],
              [-114.48198251792627, 33.98071305755165],
              [-114.48146651844056, 33.98126605770966],
              [-114.48095851755411, 33.981682058012744],
              [-114.48020951754158, 33.982205058006556],
              [-114.47970051772855, 33.982487058424034],
              [-114.47923751704795, 33.98274605799114],
              [-114.47846751711903, 33.983116057387065],
              [-114.47825551740692, 33.98323205826725],
              [-114.47743851672399, 33.98368205794885],
              [-114.47663051626192, 33.984068058439156],
              [-114.47591851695762, 33.98442905847684],
              [-114.47466051623373, 33.9853600582411],
              [-114.47410151619201, 33.98576105859042],
              [-114.47323051687903, 33.986389059052605],
              [-114.47278451681521, 33.986715058997675],
              [-114.472270516081, 33.987092059095346],
              [-114.47224851633968, 33.98710905955623],
              [-114.47114951652277, 33.98804505913604],
              [-114.47078151537845, 33.98845505936089],
              [-114.47074851576647, 33.98849305951406],
              [-114.47036851672317, 33.98897705907734],
              [-114.4702645160678, 33.98937605887735],
              [-114.46993351653, 33.990065059075555],
              [-114.46959251604815, 33.990641060226096],
              [-114.46916351570276, 33.99125805947949],
              [-114.46880351585264, 33.99189005990524],
              [-114.46838351572808, 33.9924100603226],
              [-114.46794351641033, 33.99288206045562],
              [-114.46734751566035, 33.993234060173414],
              [-114.46684551552, 33.99339206039778],
              [-114.46619851561474, 33.993470060513346],
              [-114.46551051570157, 33.99342806005902],
              [-114.46487151529388, 33.993433059865886],
              [-114.46362151586423, 33.99343605989887],
              [-114.46226651505599, 33.99344706051541],
              [-114.46114451477453, 33.993546060786244],
              [-114.46013151517137, 33.99389306095292],
              [-114.4592695151809, 33.99471606107311],
              [-114.45864051481897, 33.99556006037703],
              [-114.4582055146258, 33.99644306077979],
              [-114.45803951494442, 33.99716306099906],
              [-114.4580375143963, 33.997825060971444],
              [-114.4581775150367, 33.998113060681135],
              [-114.45845451504611, 33.99868406139745],
              [-114.45880051465254, 33.99929406123667],
              [-114.45919551556108, 34.00002106165169],
              [-114.45978851503968, 34.00041706119011],
              [-114.46070051525882, 34.00113306205547],
              [-114.46097651544335, 34.00126006103274],
              [-114.46314251618846, 34.002258061838],
              [-114.46547651626469, 34.0034680617365],
              [-114.46629151729778, 34.003890061408505],
              [-114.46666251701855, 34.004360061543295],
              [-114.46732151661942, 34.005195061499464],
              [-114.46736751665014, 34.006309061402085],
              [-114.46741551722906, 34.00745506162607],
              [-114.46729351703031, 34.00780006213668],
              [-114.46703851676217, 34.00852406247831],
              [-114.46671551762032, 34.009441062335384],
              [-114.46587851684592, 34.010992062630834],
              [-114.46453651735474, 34.01198706213663],
              [-114.46334751712617, 34.01226406255924],
              [-114.46213751698117, 34.01211706212761],
              [-114.4598725165019, 34.0118430620976],
              [-114.45481851476337, 34.01097306312028],
              [-114.45021751455802, 34.0125790633717],
              [-114.44682651359935, 34.01421506421643],
              [-114.44383251319901, 34.01618106409886],
              [-114.44055151364182, 34.019334064772394],
              [-114.43827751294171, 34.022614065024335],
              [-114.43686351348052, 34.02602106574629],
              [-114.43618251324006, 34.0280880660746],
              [-114.43542151353194, 34.03302806674508],
              [-114.4349605133995, 34.037789067532074],
              [-114.4355095142938, 34.04257106832532],
              [-114.43551851451464, 34.042620067539254],
              [-114.43582751431111, 34.04373506797728],
              [-114.43730951444267, 34.04755706866764],
              [-114.43861351519732, 34.05021006842117],
              [-114.43941751546144, 34.05381506915465],
              [-114.43935151623752, 34.05789806952623],
              [-114.43900151643315, 34.06103807035023],
              [-114.43842751632278, 34.06702607141926],
              [-114.4376945171021, 34.071942071593554],
              [-114.43699451659504, 34.074331071413546],
              [-114.43633151679622, 34.0762130724016],
              [-114.43591851634434, 34.07749607226537],
              [-114.43544051739177, 34.07973207245025],
              [-114.43436451714109, 34.086504073649195],
              [-114.43419251761196, 34.08738407362008],
              [-114.43339151772089, 34.08841807419237],
              [-114.4316615169939, 34.089720074124955],
              [-114.4280375164067, 34.09279207495028],
              [-114.4272135160511, 34.0946740748178],
              [-114.42715051720022, 34.094819075376236],
              [-114.42707651668206, 34.09499007511026],
              [-114.4267705163603, 34.09569107533785],
              [-114.42617951653152, 34.09704707512378],
              [-114.42555151689281, 34.09748707538678],
              [-114.42528251638097, 34.09765307532116],
              [-114.42433151580377, 34.098469074888925],
              [-114.4242915165191, 34.098500075778524],
              [-114.42417351562001, 34.09860007597914],
              [-114.42291051577158, 34.09966607589197],
              [-114.42212851614708, 34.10090207646297],
              [-114.42185951653356, 34.10132707633822],
              [-114.42051051557308, 34.10347107678868],
              [-114.41771251588965, 34.105962076461935],
              [-114.41591951631179, 34.107641077304976],
              [-114.41484851608396, 34.10821107747239],
              [-114.41460251513834, 34.10834207761275],
              [-114.4116915145787, 34.11003607771178],
              [-114.41024751408199, 34.11040407770836],
              [-114.41011751438563, 34.110437077934996],
              [-114.40981251478712, 34.11051507828433],
              [-114.40800651389216, 34.11100207828605],
              [-114.40690751407523, 34.11129307859523],
              [-114.40687151409021, 34.111302078090446],
              [-114.40592751408401, 34.11147307873004],
              [-114.40521251440666, 34.11146207779899],
              [-114.40226651368691, 34.1115930781113],
              [-114.40158251307338, 34.1116350780777],
              [-114.40134751289675, 34.111643078671015],
              [-114.40109851337472, 34.1116030786719],
              [-114.40083451288575, 34.11154907890337],
              [-114.40070851338736, 34.111523078616926],
              [-114.40011951320842, 34.11143907855215],
              [-114.39945451286147, 34.11134007826246],
              [-114.39921951268481, 34.111306078774824],
              [-114.3985005128095, 34.11120107915518],
              [-114.39810451207605, 34.111144078053364],
              [-114.39798251187733, 34.111129078618234],
              [-114.39788451196803, 34.111117078770654],
              [-114.39778751188366, 34.11110507817765],
              [-114.39764251301702, 34.11108807801644],
              [-114.39731751153039, 34.111048078498655],
              [-114.3972755125959, 34.11104307892947],
              [-114.39534351220256, 34.11080907912627],
              [-114.3927855118203, 34.11053807926995],
              [-114.39057651051921, 34.11008907956231],
              [-114.38910451133171, 34.11068007907239],
              [-114.38782851016619, 34.11132507886207],
              [-114.3875345104383, 34.11147307947382],
              [-114.38702450990206, 34.11173107919744],
              [-114.38681651038789, 34.11184407947722],
              [-114.38619151022394, 34.11218507936037],
              [-114.38611651077916, 34.11222607943038],
              [-114.38601751014664, 34.11228007951043],
              [-114.38574551016008, 34.11242907953877],
              [-114.38408950995127, 34.1133240797363],
              [-114.38151751022363, 34.11490208051311],
              [-114.38093550971736, 34.11515508012002],
              [-114.38073050967795, 34.115243079967556],
              [-114.38073450987592, 34.115267079977684],
              [-114.3792345093027, 34.11599508027163],
              [-114.37578950881564, 34.116652080243874],
              [-114.37450450832758, 34.11669608051585],
              [-114.3721825079469, 34.11696508088644],
              [-114.36930350807259, 34.11752408055397],
              [-114.36772250730853, 34.118116081194366],
              [-114.36652850705708, 34.118582081572356],
              [-114.36453550656435, 34.12001808142054],
              [-114.3626455060038, 34.121718081851995],
              [-114.36135550728949, 34.12280708187382],
              [-114.36041350693311, 34.1235820822584],
              [-114.35993450635901, 34.124228082763885],
              [-114.3598215063811, 34.12443908244901],
              [-114.35978150619812, 34.12453208256241],
              [-114.3597095062281, 34.12468308222482],
              [-114.35940050643163, 34.12502108255521],
              [-114.3592855068039, 34.12540908287904],
              [-114.35918550634646, 34.12574408272289],
              [-114.35911150672662, 34.1259990829795],
              [-114.3589975060255, 34.126236082939585],
              [-114.35876450639697, 34.126726082174756],
              [-114.35836950638677, 34.127622083672115],
              [-114.35766550658009, 34.12866408307365],
              [-114.35703950659119, 34.12956908388974],
              [-114.35638350556675, 34.130433083050335],
              [-114.35562950642966, 34.13107208388243],
              [-114.3548865062649, 34.131758083074985],
              [-114.35423950546128, 34.132268083716106],
              [-114.35355350609626, 34.1327370837386],
              [-114.35304150591018, 34.133125083596006],
              [-114.35174650537638, 34.13361808407451],
              [-114.35048950537573, 34.13411208473885],
              [-114.34917450475044, 34.134332083566605],
              [-114.34849750560623, 34.134421084359325],
              [-114.34806250451473, 34.13446208480159],
              [-114.34574950525318, 34.134432084534296],
              [-114.3456165051838, 34.134381084724765],
              [-114.3455825039503, 34.13438008464068],
              [-114.34406550455697, 34.13432308429157],
              [-114.34393250448755, 34.13431408427206],
              [-114.34162850365023, 34.13425108485227],
              [-114.34003250371586, 34.13420508462074],
              [-114.33920950318516, 34.13412408504117],
              [-114.33863350342499, 34.134069084694914],
              [-114.33831150320971, 34.13403708559905],
              [-114.33612350272334, 34.13403908428817],
              [-114.33433850264308, 34.134418084852086],
              [-114.33306750239872, 34.13468908476845],
              [-114.33196550220876, 34.13494908519663],
              [-114.3317145021386, 34.134956084994045],
              [-114.33166050171191, 34.13496508568875],
              [-114.33074750166783, 34.13511908553031],
              [-114.32991550181463, 34.13546708499813],
              [-114.3298075018596, 34.13551208521572],
              [-114.3294905016672, 34.13564508558648],
              [-114.32669550145849, 34.136342085510094],
              [-114.32610750110443, 34.13646308534965],
              [-114.3258245003489, 34.13652108580125],
              [-114.32543850055953, 34.13660108599989],
              [-114.32458750133806, 34.13676408633756],
              [-114.32434250021734, 34.13687408571715],
              [-114.32162950092271, 34.13809808561926],
              [-114.32078850084868, 34.13864008700515],
              [-114.3199675008661, 34.13930208661018],
              [-114.31829849934019, 34.14048408654606],
              [-114.31306749984628, 34.14419108771222],
              [-114.3126034993408, 34.14445808765408],
              [-114.31221749865308, 34.144781088302096],
              [-114.3119564994355, 34.14506308723201],
              [-114.31166649900727, 34.14538608779733],
              [-114.31132849979679, 34.14599208811076],
              [-114.31107849955153, 34.1465010876638],
              [-114.31030549924954, 34.14756708825167],
              [-114.3100354989128, 34.147906087692924],
              [-114.30968749875827, 34.148229088539665],
              [-114.30910749969843, 34.14877808826847],
              [-114.30860249918506, 34.14946308879144],
              [-114.30852349954235, 34.1495710881857],
              [-114.30842249926, 34.14970708843795],
              [-114.30781349898955, 34.15057908826347],
              [-114.30704149941079, 34.15143508840702],
              [-114.30650949913323, 34.15200008835361],
              [-114.30590149868767, 34.15266208958224],
              [-114.3053114986838, 34.153179088723206],
              [-114.3046354984662, 34.15384208948495],
              [-114.30413249850096, 34.15428608878052],
              [-114.30340749877787, 34.154948089188416],
              [-114.30257649874956, 34.15581208978405],
              [-114.3021994982827, 34.15622408951599],
              [-114.30210649839627, 34.156332089185355],
              [-114.30206149819044, 34.15638308986917],
              [-114.30157849831667, 34.156953089249924],
              [-114.30143649802645, 34.157121090281684],
              [-114.30050849881208, 34.15807408986631],
              [-114.29954249816625, 34.158946089532414],
              [-114.29902049793444, 34.15945508981593],
              [-114.29890149810875, 34.159576090002915],
              [-114.2985334978627, 34.15995909035483],
              [-114.29817949786039, 34.160326091053385],
              [-114.29734849783209, 34.16131909116819],
              [-114.29352249757854, 34.165922091941056],
              [-114.29309749743109, 34.16638209138501],
              [-114.2928174970486, 34.1667300913994],
              [-114.29238249685544, 34.167061091412464],
              [-114.29078649692107, 34.16814309203926],
              [-114.28941949641722, 34.169074091838255],
              [-114.28938449715545, 34.169098092170685],
              [-114.28790549649864, 34.17010609179603],
              [-114.28730549734732, 34.17053409208688],
              [-114.28702549696483, 34.17066309221253],
              [-114.28673549653662, 34.170720092568196],
              [-114.27902249503184, 34.17168509266908],
              [-114.27542849458189, 34.17213609295943],
              [-114.27527849389573, 34.17215409311378],
              [-114.27497049482247, 34.17206109338968],
              [-114.27493749431218, 34.17205209293141],
              [-114.26900449286481, 34.1702690936301],
              [-114.26847149276233, 34.17018209350652],
              [-114.26827849241847, 34.17021409377596],
              [-114.26386649325732, 34.17124909360245],
              [-114.26238649187727, 34.17157209360965],
              [-114.26125349262351, 34.171823093748806],
              [-114.26018049184756, 34.17212209432312],
              [-114.25909649120094, 34.17239709445063],
              [-114.25801249145265, 34.172631094691276],
              [-114.2570454909819, 34.17284209465055],
              [-114.25608749073199, 34.173124094269085],
              [-114.25515849079439, 34.17348009467154],
              [-114.25415249086389, 34.17383509469849],
              [-114.2534554907299, 34.174134094090235],
              [-114.25302949075756, 34.17436009485882],
              [-114.25269149064874, 34.17453809524195],
              [-114.25240149022054, 34.174716095249686],
              [-114.2507944904155, 34.175741095202895],
              [-114.24443248952102, 34.179408095469455],
              [-114.24420248936725, 34.17963009581047],
              [-114.24186048889507, 34.18189009626788],
              [-114.24072348854502, 34.183237096456935],
              [-114.23953048811846, 34.18371109633485],
              [-114.2354284885787, 34.1851270972091],
              [-114.22972648711, 34.18693309715354],
              [-114.22903448789718, 34.18743209833221],
              [-114.22704548760241, 34.18887109814784],
              [-114.22582548651337, 34.19124309793982],
              [-114.22495248665228, 34.193901099157785],
              [-114.22506448680527, 34.196354098802615],
              [-114.2250864874449, 34.19681909847985],
              [-114.22580148712225, 34.19924109908935],
              [-114.22587248816566, 34.20177909966739],
              [-114.22520548816888, 34.203647100066014],
              [-114.22339548797429, 34.20514110045188],
              [-114.2154654858362, 34.20896110153739],
              [-114.21177248655036, 34.211544101228014],
              [-114.20826448631412, 34.2155101024108],
              [-114.20693148524718, 34.21665210196283],
              [-114.20614148612509, 34.217328102679865],
              [-114.20473648598642, 34.218534103132946],
              [-114.19904748403819, 34.2234121042289],
              [-114.19088748354298, 34.23086310583997],
              [-114.17828148175477, 34.23981710671915],
              [-114.17806148164674, 34.23997410705345],
              [-114.17641448165877, 34.2415171069954],
              [-114.1759594813741, 34.242700108005195],
              [-114.17596748177, 34.24417010748866],
              [-114.17591748154129, 34.24559210786192],
              [-114.17564648137966, 34.24617910781301],
              [-114.1746084816621, 34.247308108071344],
              [-114.17366848185387, 34.24771110884697],
              [-114.17347048148713, 34.2477651084192],
              [-114.17164648104882, 34.2482731085841],
              [-114.17140448119947, 34.24833710924104],
              [-114.1685894808993, 34.2490911089069],
              [-114.16654748090112, 34.249652108878166],
              [-114.16613548027412, 34.250020108559305],
              [-114.16448747956291, 34.25167210951108],
              [-114.16387848108909, 34.25335410953852],
              [-114.16397048025229, 34.25538210925221],
              [-114.16481948072224, 34.2572471101593],
              [-114.16534648097694, 34.25849111062951],
              [-114.16526048166153, 34.259130109959955],
              [-114.16465948178698, 34.259704110906455],
              [-114.16110148042372, 34.259256110865394],
              [-114.15686447936812, 34.25842011032173],
              [-114.15335747895679, 34.25829411113395],
              [-114.15028847911171, 34.25890311139971],
              [-114.1471704770662, 34.25956911139049],
              [-114.14479047695919, 34.25962811194253],
              [-114.14174847597997, 34.259089111439515],
              [-114.13775447549692, 34.258140111870375],
              [-114.13546147542856, 34.25789111204035],
              [-114.13327547549031, 34.258467111985695],
              [-114.13266347484681, 34.25913011218731],
              [-114.13180947525227, 34.26005511279161],
              [-114.13150047455747, 34.26039211215742],
              [-114.13133847507409, 34.26175011304619],
              [-114.13122247472313, 34.262735112215275],
              [-114.13149647525783, 34.26322811269194],
              [-114.13172947488633, 34.2636451127172],
              [-114.13273347606533, 34.26544911289434],
              [-114.13477947626147, 34.268970113842556],
              [-114.13608647649085, 34.27233111327087],
              [-114.13668247724084, 34.274382113614394],
              [-114.13705647733464, 34.27702311480771],
              [-114.13651547773456, 34.278939113915484],
              [-114.13606147727482, 34.28083811451396],
              [-114.13668847798692, 34.28394111502193],
              [-114.1383764779828, 34.28856911604845],
              [-114.13903547938028, 34.292644116072815],
              [-114.13913247946468, 34.29323911614068],
              [-114.13940647999937, 34.2949741160344],
              [-114.13954547901824, 34.29584911590328],
              [-114.13945747915467, 34.29641011567054],
              [-114.13942648009086, 34.296609116433935],
              [-114.13941347877375, 34.29668911616792],
              [-114.1394014799765, 34.29676811618302],
              [-114.13919847958692, 34.298079117009294],
              [-114.13817848031104, 34.30094111728503],
              [-114.13829347993877, 34.30323511721227],
              [-114.1388734798969, 34.30382411689137],
              [-114.14061648104268, 34.30559411795399],
              [-114.14094148073268, 34.30592411761045],
              [-114.14124148030834, 34.30613311785986],
              [-114.1443284814934, 34.30828011775845],
              [-114.14612848164228, 34.309811117300036],
              [-114.14738548164293, 34.310879118191004],
              [-114.14964248262461, 34.31210511829957],
              [-114.15345248298463, 34.31498211795501],
              [-114.1544424839199, 34.31572911838065],
              [-114.15613548393866, 34.31703311824471],
              [-114.15628048370361, 34.31714411777435],
              [-114.15642448454196, 34.31725611878194],
              [-114.15660248481718, 34.31739311792989],
              [-114.15678048419412, 34.31753011759613],
              [-114.15721748403713, 34.31786711801704],
              [-114.15795048505444, 34.32028211789801],
              [-114.16048548587047, 34.32457111856953],
              [-114.16224148653673, 34.32754211928232],
              [-114.16261648555715, 34.32815011926907],
              [-114.16426048696871, 34.33082111947854],
              [-114.1669634880142, 34.33577111953829],
              [-114.16709848773345, 34.33604311963336],
              [-114.16881848841469, 34.339518120170275],
              [-114.17285648927864, 34.344984121133066],
              [-114.17449248939597, 34.34672612046678],
              [-114.17518749077848, 34.3474661201853],
              [-114.17588249036434, 34.34820612004768],
              [-114.1763074905118, 34.34865912081062],
              [-114.17673249065923, 34.34911112084823],
              [-114.1769204909802, 34.34931112103885],
              [-114.179602491211, 34.35113412045383],
              [-114.18115649221089, 34.352191120570374],
              [-114.18556749334377, 34.35439112090815],
              [-114.19110549388263, 34.356130120792976],
              [-114.19244949482024, 34.356894120761645],
              [-114.19283649443453, 34.357113121247686],
              [-114.19322349404882, 34.35733312082452],
              [-114.19328249449836, 34.357367121226694],
              [-114.1943274938886, 34.35796112044408],
              [-114.19537249507546, 34.35855612103273],
              [-114.19649149498385, 34.3591921212224],
              [-114.19949349578012, 34.36137812117043],
              [-114.20106649614826, 34.361519121613526],
              [-114.20324249604076, 34.36171412084149],
              [-114.20598249779452, 34.361959120787354],
              [-114.2123594987576, 34.36237312056325],
              [-114.21378549881267, 34.362465120318106],
              [-114.2198685000479, 34.36397512022101],
              [-114.22057549932933, 34.364195120322485],
              [-114.22611850078938, 34.3659211204761],
              [-114.22718250224281, 34.36681011962266],
              [-114.22969750206903, 34.368913120473245],
              [-114.23079050293647, 34.37088712035333],
              [-114.23162550316275, 34.372397120471724],
              [-114.23246150321393, 34.37390712154521],
              [-114.23258350341266, 34.3741291204419],
              [-114.23295250348359, 34.37479512101603],
              [-114.23307650333214, 34.37501812145979],
              [-114.23357550399776, 34.375698121268556],
              [-114.23428650347714, 34.37666712105846],
              [-114.236422504085, 34.37843312096786],
              [-114.23727750440274, 34.379140120674066],
              [-114.23892050509109, 34.38058812133205],
              [-114.23987850534101, 34.381431121820384],
              [-114.2411175049, 34.38243812154563],
              [-114.2426935056412, 34.38372012089962],
              [-114.24517950695173, 34.38559412099327],
              [-114.24527250683816, 34.385664121960296],
              [-114.24771750724248, 34.38743512213618],
              [-114.24866050742378, 34.38811812204789],
              [-114.25079550820672, 34.38929812110951],
              [-114.25135650789828, 34.38952912238344],
              [-114.25191750758985, 34.389761122295994],
              [-114.25275050816629, 34.39010512164743],
              [-114.25425250928764, 34.3913591222604],
              [-114.25525250847203, 34.39219312189231],
              [-114.25823150880375, 34.39505112209841],
              [-114.2603605097389, 34.39739412211162],
              [-114.26131151121444, 34.398553122706055],
              [-114.26172051057003, 34.39905212196279],
              [-114.26292051066928, 34.40037812225085],
              [-114.26432851118098, 34.40133412260474],
              [-114.26589451187645, 34.40202612282563],
              [-114.26753251254193, 34.40249112226446],
              [-114.26866951199368, 34.40260612226101],
              [-114.27058251212046, 34.40279912246082],
              [-114.27219551267156, 34.40296612216301],
              [-114.27714451392978, 34.4030061217271],
              [-114.27831351406688, 34.40306312257376],
              [-114.27837451416626, 34.40306612140797],
              [-114.28011951406353, 34.40315212178964],
              [-114.28187851510285, 34.403556121761795],
              [-114.28227251528813, 34.40364612178708],
              [-114.28406451504111, 34.404241121742196],
              [-114.28570951537925, 34.40496512157613],
              [-114.28681351611736, 34.40534512203653],
              [-114.28688551518906, 34.40539512173458],
              [-114.28867451546728, 34.40662812168761],
              [-114.28880151658721, 34.406765122289954],
              [-114.29023051701529, 34.408296121813734],
              [-114.29116551680069, 34.40978912251041],
              [-114.29164251682664, 34.41084312284297],
              [-114.29176251737559, 34.411109122294796],
              [-114.29194551767367, 34.41205512183869],
              [-114.29198051783376, 34.41479912283319],
              [-114.29197151761295, 34.41497312253139],
              [-114.29195851719416, 34.41527312205523],
              [-114.29191451771153, 34.4162361227778],
              [-114.29223751775173, 34.41761112353718],
              [-114.29340151786597, 34.419526123051845],
              [-114.29368051842353, 34.4198861235003],
              [-114.29484751891081, 34.42139412383221],
              [-114.29911251955552, 34.425137124064825],
              [-114.30060452063111, 34.42644612334422],
              [-114.30102752023042, 34.426812124047565],
              [-114.30139752012629, 34.42699612337067],
              [-114.30199351997796, 34.42729212371933],
              [-114.30258852090302, 34.42758812376085],
              [-114.3042705210511, 34.42842312339836],
              [-114.30457752119776, 34.42857612339056],
              [-114.30867052141501, 34.43049012341065],
              [-114.31035852230919, 34.4316981233598],
              [-114.31226252311345, 34.432731123220755],
              [-114.31361652230017, 34.433416123564726],
              [-114.31530952411555, 34.4342721238223],
              [-114.31697352382197, 34.43506912329051],
              [-114.3190655240489, 34.43583612375411],
              [-114.32091552442648, 34.43629212380527],
              [-114.32116152537209, 34.4363531235162],
              [-114.32277152465186, 34.43672912355687],
              [-114.32367852574644, 34.43690612339426],
              [-114.32479052508383, 34.43712412333591],
              [-114.32614152569414, 34.43725612340475],
              [-114.32644052634319, 34.437524122925616],
              [-114.32672852532495, 34.43786112315161],
              [-114.3268915264299, 34.43805312330794],
              [-114.32725152538168, 34.438791123251654],
              [-114.328136526735, 34.440605123272974],
              [-114.32831652666005, 34.44095812378623],
              [-114.32900252692339, 34.44229912467688],
              [-114.33068052687352, 34.44530012442265],
              [-114.33140052747206, 34.446193124568396],
              [-114.33177352684265, 34.44665612420267],
              [-114.33300252725422, 34.44808712435138],
              [-114.33426252852622, 34.44934012459738],
              [-114.33436252898366, 34.449402124457286],
              [-114.33538352808444, 34.4500431242782],
              [-114.33597852900951, 34.4503241247092],
              [-114.33667052822234, 34.45065012408527],
              [-114.33748752890526, 34.45092212445422],
              [-114.33808552930505, 34.45112112439721],
              [-114.3393335299832, 34.45137712437101],
              [-114.3396385295817, 34.45144012496187],
              [-114.34080552917068, 34.451505124804434],
              [-114.34262653013427, 34.45144712510689],
              [-114.34439053029813, 34.451202124126546],
              [-114.34500953061432, 34.451076124760554],
              [-114.3465365300534, 34.45076612380628],
              [-114.34687353033728, 34.45068412436503],
              [-114.348985531554, 34.45017112379299],
              [-114.34931753091671, 34.45014212348609],
              [-114.35183853238736, 34.45001612400246],
              [-114.35313353202284, 34.44999312312969],
              [-114.35415553184684, 34.4499441242122],
              [-114.35598753268108, 34.44975412331535],
              [-114.35603653218656, 34.44974912385123],
              [-114.35637953231824, 34.449662123201435],
              [-114.3570735320792, 34.44948512297903],
              [-114.35776753273846, 34.44930812312232],
              [-114.359473533176, 34.44887212328574],
              [-114.36022353301347, 34.448682122913404],
              [-114.36241953299745, 34.44808512274791],
              [-114.3634155337805, 34.44777812273877],
              [-114.36446253371888, 34.44766612209492],
              [-114.36453953371178, 34.4476571229825],
              [-114.36461653370466, 34.4476491224537],
              [-114.3672935339126, 34.447363122305724],
              [-114.3712285348444, 34.44699712270827],
              [-114.37304053468884, 34.44688912205919],
              [-114.37373053515016, 34.44694312166037],
              [-114.37441953578654, 34.44711712260729],
              [-114.37522353515236, 34.447454121920245],
              [-114.37544653563343, 34.4475891214263],
              [-114.37580053563575, 34.447803121386954],
              [-114.37886353653138, 34.45038112219015],
              [-114.38299653782991, 34.453976122806885],
              [-114.3844375379536, 34.455463122688975],
              [-114.38518653886443, 34.45623612236418],
              [-114.3853395390253, 34.45640512192162],
              [-114.38671053793045, 34.45791612311372],
              [-114.387253538977, 34.4591841229536],
              [-114.38736753967812, 34.46009212228776],
              [-114.38741853883344, 34.46049712256347],
              [-114.38719853872541, 34.46202612334517],
              [-114.38703453959218, 34.46251612328885],
              [-114.38659553920105, 34.463826123465836],
              [-114.38634153875785, 34.46438612347148],
              [-114.38562253888254, 34.465975123836685],
              [-114.38484053925802, 34.46770312394669],
              [-114.3835365394017, 34.47041012446672],
              [-114.38301253952007, 34.471791124184456],
              [-114.38287553925272, 34.47215412465623],
              [-114.38273753916046, 34.47251712428963],
              [-114.38250553935687, 34.47312812490739],
              [-114.38176253919211, 34.47586312551391],
              [-114.3817125398617, 34.47604512472936],
              [-114.38169554014327, 34.47625712488557],
              [-114.38156653937354, 34.477888126011166],
              [-114.38157754014249, 34.477986125822966],
              [-114.38170453946577, 34.47903812569613],
              [-114.3818175394437, 34.47998412567914],
              [-114.38194654021345, 34.48105412545042],
              [-114.38217153944602, 34.48237712556397],
              [-114.3826145400351, 34.48498312622719],
              [-114.38266354043891, 34.485402126194764],
              [-114.38282854029536, 34.48679612652185],
              [-114.38298654047911, 34.48830812653066],
              [-114.3830495402283, 34.4889081272819],
              [-114.38294654029613, 34.49113812685279],
              [-114.38293054040261, 34.49150812656198],
              [-114.38285454113294, 34.492204127573736],
              [-114.38268654090345, 34.49374012745359],
              [-114.38251154100128, 34.49485912694917],
              [-114.38236954071107, 34.49576312738358],
              [-114.38232754087826, 34.495919127597126],
              [-114.38181454086727, 34.49785312827259],
              [-114.38176654118668, 34.4980331279675],
              [-114.38147554093356, 34.49903412736584],
              [-114.38141354100928, 34.499250127595005],
              [-114.38104554166158, 34.500019128169384],
              [-114.38084754129486, 34.500514127971144],
              [-114.38077254095177, 34.50070012812849],
              [-114.38064954092812, 34.50100912853531],
              [-114.38016554122946, 34.50221712850418],
              [-114.37995454134227, 34.50274212853482],
              [-114.37968254135569, 34.503424128596365],
              [-114.3781355409268, 34.50729312930554],
              [-114.37814254149782, 34.507973128975436],
              [-114.37823454155932, 34.51652612979307],
              [-114.37939854257189, 34.52240213121558],
              [-114.38034054292827, 34.527158131207536],
              [-114.38084954363961, 34.52972913186079],
              [-114.38211954405907, 34.531649132239096],
              [-114.38224054443289, 34.53183313139078],
              [-114.38896754609867, 34.54200913296713],
              [-114.38961454600395, 34.54298713347756],
              [-114.39005654676814, 34.5437601330087],
              [-114.3919675472451, 34.54710313296739],
              [-114.39387954754696, 34.55044613329737],
              [-114.39490354791911, 34.552237133987354],
              [-114.39592754829127, 34.55402913338855],
              [-114.39613154850576, 34.55438513421302],
              [-114.39633554872026, 34.55474213451586],
              [-114.39662954844815, 34.555257133886904],
              [-114.39692354907433, 34.555771134259345],
              [-114.3988585489424, 34.559154135005365],
              [-114.39947254923572, 34.5601441346462],
              [-114.40140254997925, 34.56325113441011],
              [-114.4047195513181, 34.56859013592136],
              [-114.40523955100177, 34.569642135652586],
              [-114.40595755105215, 34.570105135676485],
              [-114.42200055562643, 34.580462135698845],
              [-114.4223935559868, 34.580716135834756],
              [-114.43439755897386, 34.59257713711],
              [-114.43568255856361, 34.59384613735667],
              [-114.43647755860691, 34.59540513712312],
              [-114.4367445594689, 34.59592813715989],
              [-114.43682155946182, 34.59607913651265],
              [-114.43637455957305, 34.596802136975406],
              [-114.42763355839648, 34.59919913777949],
              [-114.42751355784758, 34.59923213764011],
              [-114.42534955765063, 34.600847138255375],
              [-114.42523555784781, 34.601016138150264],
              [-114.42508755770982, 34.60123513837308],
              [-114.4249395575718, 34.6014531383185],
              [-114.42433755787236, 34.602343138616895],
              [-114.42432255780375, 34.60334513914022],
              [-114.42429155784161, 34.60535913889554],
              [-114.42426655862558, 34.60693713890693],
              [-114.42426055787946, 34.60737313934256],
              [-114.42421355802381, 34.610458139488934],
              [-114.42601255924608, 34.61215213931598],
              [-114.42728455931535, 34.61335113917145],
              [-114.42855656028293, 34.6145491399106],
              [-114.42865955931677, 34.61464613981432],
              [-114.43477356141247, 34.618774139775645],
              [-114.43804156144918, 34.62098113975677],
              [-114.43875056217706, 34.62146014002728],
              [-114.43888156169831, 34.6223211392355],
              [-114.43896256188917, 34.62285914028032],
              [-114.43903356203428, 34.62332114002899],
              [-114.43918556237026, 34.6243201404356],
              [-114.43920856193647, 34.62447514055228],
              [-114.4392385620737, 34.62466714038126],
              [-114.43929156267544, 34.62501413961502],
              [-114.43950656276058, 34.62586314086297],
              [-114.43994556315174, 34.62680814041551],
              [-114.44059056340721, 34.62816014034867],
              [-114.44070756358308, 34.628405139958915],
              [-114.44082456375894, 34.62865014106327],
              [-114.44140956373994, 34.630176141432614],
              [-114.44149256268231, 34.63106114088656],
              [-114.44151356349703, 34.631289141661924],
              [-114.44153456341343, 34.6315171410715],
              [-114.44153656306324, 34.631534140901834],
              [-114.44151156294888, 34.6316271406079],
              [-114.44110656379125, 34.63311814111688],
              [-114.44069656371241, 34.63474414078653],
              [-114.44047156358153, 34.63640914181891],
              [-114.44030556390017, 34.63824514217457],
              [-114.44052256363516, 34.64000714222245],
              [-114.44053056403106, 34.640071142058154],
              [-114.44101856482601, 34.641234142780036],
              [-114.44147656458541, 34.64253514252256],
              [-114.44166956403096, 34.64288314234235],
              [-114.44173556415319, 34.64300214251267],
              [-114.44180156427542, 34.64312114251222],
              [-114.4418695640475, 34.64324614195518],
              [-114.44193856364446, 34.64337014201463],
              [-114.44237456456088, 34.64415814256471],
              [-114.44325356516808, 34.64531214293788],
              [-114.44428756558595, 34.64654714250278],
              [-114.44567556600619, 34.647547142444246],
              [-114.44669056615751, 34.64849914237902],
              [-114.44764756658252, 34.64952414336071],
              [-114.44872156628504, 34.6505631428362],
              [-114.44884756578344, 34.650685142606704],
              [-114.44927856667697, 34.65113414316548],
              [-114.44956056670928, 34.65142814305644],
              [-114.45102556622409, 34.65242714341564],
              [-114.45255856730756, 34.653499143168816],
              [-114.45408156744702, 34.65443414316981],
              [-114.45532156772921, 34.655159143320006],
              [-114.45703956786231, 34.656271143228835],
              [-114.45799656828731, 34.657118142736294],
              [-114.45819356882912, 34.657890143565226],
              [-114.45822156841822, 34.65799914309147],
              [-114.45821156837248, 34.658060143807695],
              [-114.45810456824236, 34.6586941432275],
              [-114.45775956846086, 34.65925814328736],
              [-114.45771356932842, 34.65933314389446],
              [-114.45719656911949, 34.6599971440622],
              [-114.45635656887035, 34.660476143652936],
              [-114.45456056802112, 34.66182914417617],
              [-114.45299756769872, 34.66283514415448],
              [-114.45246556831947, 34.66330514413594],
              [-114.45227356780053, 34.6634741439225],
              [-114.45208256800483, 34.663643144842155],
              [-114.45179656777455, 34.66389614499312],
              [-114.45121956818946, 34.664660144369904],
              [-114.45102556712239, 34.664916144132626],
              [-114.45064256770607, 34.66576114461579],
              [-114.45062556798764, 34.66579814473903],
              [-114.45051756713427, 34.6668411449498],
              [-114.45088856775335, 34.667827145229616],
              [-114.45154356805457, 34.66861014491496],
              [-114.45302756873426, 34.66990014555508],
              [-114.45431656942027, 34.6712391448403],
              [-114.45474956906531, 34.67218014537301],
              [-114.45481456936265, 34.67232214565568],
              [-114.45492156949277, 34.673097145405734],
              [-114.45490656942415, 34.673334145687946],
              [-114.4548805694849, 34.67375114523951],
              [-114.45483456945414, 34.674496145602824],
              [-114.45489256918046, 34.67564414519303],
              [-114.45535756951087, 34.67684714516446],
              [-114.45554757037998, 34.67734014558191],
              [-114.4565145699524, 34.67889814560619],
              [-114.4581745703592, 34.68116614629369],
              [-114.4586195705981, 34.68170614567363],
              [-114.45876157088834, 34.68187814695824],
              [-114.45890357028024, 34.68205014640814],
              [-114.45914557102789, 34.68234514687892],
              [-114.45938857160044, 34.682639146099554],
              [-114.46008957193241, 34.68349014642451],
              [-114.46218957165694, 34.685805146358526],
              [-114.46252557211592, 34.68629914678254],
              [-114.46266157255836, 34.686499147231366],
              [-114.46279657227758, 34.686698146308366],
              [-114.46310257170101, 34.68714914627664],
              [-114.46340957184768, 34.68759914660336],
              [-114.46364457202432, 34.68794514602171],
              [-114.4638195719265, 34.68829614612516],
              [-114.46477857200131, 34.6902141471848],
              [-114.46525757347375, 34.69120714686269],
              [-114.46561857314877, 34.692265147421516],
              [-114.46592157309746, 34.69319414674374],
              [-114.46618557358644, 34.6941961473979],
              [-114.46649857358089, 34.69549714732557],
              [-114.46675257312579, 34.69682214741206],
              [-114.46700557374409, 34.6976021476432],
              [-114.46717257325035, 34.69811514805981],
              [-114.46753157417386, 34.69920114743726],
              [-114.46760257342065, 34.69941514768196],
              [-114.46790557426768, 34.70084514790149],
              [-114.46810157408626, 34.70179114784895],
              [-114.46822857430787, 34.7033181479257],
              [-114.46814157426921, 34.70445014843699],
              [-114.4683285747653, 34.70601014839012],
              [-114.4683855746667, 34.70630714896181],
              [-114.468631574714, 34.707578149124906],
              [-114.46913957560042, 34.70883814877607],
              [-114.46969657509403, 34.71000914912204],
              [-114.47048857476427, 34.71137314883221],
              [-114.4709965756507, 34.71222114957168],
              [-114.47163157586044, 34.71297114922397],
              [-114.47184657594558, 34.713104148998795],
              [-114.47191157534459, 34.71314414887259],
              [-114.47197657564193, 34.71318414946542],
              [-114.47260857637693, 34.71357514925747],
              [-114.47369357595011, 34.713969149616105],
              [-114.4749735764153, 34.714225149045554],
              [-114.47594057688606, 34.71432814937123],
              [-114.4773085772148, 34.714519149477944],
              [-114.47871557790158, 34.71458114972707],
              [-114.48067957808199, 34.71463314885204],
              [-114.48236957772768, 34.71453914944431],
              [-114.48279057857549, 34.714516148559596],
              [-114.48294157818822, 34.71456814846387],
              [-114.48477357812413, 34.71520614942767],
              [-114.4865715795215, 34.71613914880137],
              [-114.48751957882736, 34.71663114874562],
              [-114.48770557949851, 34.7170421485847],
              [-114.48774257930843, 34.717123148716276],
              [-114.48778057984158, 34.71720814937061],
              [-114.4877885793392, 34.71722414882382],
              [-114.488451579138, 34.71862714883244],
              [-114.4885365795268, 34.71881314906105],
              [-114.48863857963407, 34.71899314883633],
              [-114.48877157970345, 34.719229148653554],
              [-114.48881957938404, 34.71931314886399],
              [-114.48893957903464, 34.71952714950668],
              [-114.4890575790354, 34.71973514887598],
              [-114.4891755799345, 34.719943149198855],
              [-114.48929857995815, 34.72016014892466],
              [-114.48935757950937, 34.72032814958365],
              [-114.49061058021039, 34.723956149846785],
              [-114.49075758052348, 34.724352150339854],
              [-114.49090258028843, 34.72467514937288],
              [-114.49098258065436, 34.72485314956012],
              [-114.49121258080814, 34.725051149741184],
              [-114.49141257992636, 34.72522314953593],
              [-114.49202858076782, 34.7257071496823],
              [-114.4923995804886, 34.725965149777],
              [-114.49280058034658, 34.72618214994001],
              [-114.49459958156888, 34.727197149759995],
              [-114.4953005810025, 34.727619149398826],
              [-114.4958695819883, 34.72796114897766],
              [-114.49678558150711, 34.72836214992842],
              [-114.4968975816601, 34.728411149570604],
              [-114.49813858266555, 34.72873214970239],
              [-114.49901858219933, 34.72910114965917],
              [-114.49984958222765, 34.7296091500019],
              [-114.50010258284594, 34.72982414946238],
              [-114.50080658265266, 34.73042314936037],
              [-114.50337258343082, 34.731252149641406],
              [-114.50471258327214, 34.731691149200294],
              [-114.50599558411038, 34.73211214991834],
              [-114.50833458420949, 34.73293114989704],
              [-114.51030358531108, 34.73358714931368],
              [-114.51210458438655, 34.734411149521286],
              [-114.51418958583909, 34.73529315012373],
              [-114.51561658571906, 34.73612014969595],
              [-114.51570658613073, 34.736172149300536],
              [-114.51584858552266, 34.736261149981736],
              [-114.51663058604548, 34.73675014965844],
              [-114.51824958644437, 34.738331149697814],
              [-114.51988758710985, 34.73992114974186],
              [-114.52105958762002, 34.74117815043551],
              [-114.52208358799216, 34.74252214987282],
              [-114.52251258833756, 34.74347415039356],
              [-114.52263058833833, 34.74373515024462],
              [-114.52385158835399, 34.74499214974626],
              [-114.52562258819053, 34.747010150547666],
              [-114.52664958893574, 34.74793215027703],
              [-114.52681558861708, 34.748081150764364],
              [-114.52780658937728, 34.74882815018133],
              [-114.52909058914211, 34.750011150972085],
              [-114.52957958976198, 34.7507561511588],
              [-114.52962658961762, 34.7508271503394],
              [-114.53036659030766, 34.75138515012245],
              [-114.53149459043688, 34.751833149904904],
              [-114.53193559047783, 34.75200815034772],
              [-114.53300559088075, 34.75263515066529],
              [-114.53321359039488, 34.75275715059175],
              [-114.53342259063227, 34.75288015116396],
              [-114.53363859054234, 34.75300715042243],
              [-114.53385459045239, 34.75313315087687],
              [-114.53593259133392, 34.75435115077104],
              [-114.54031759252753, 34.75711415136104],
              [-114.54366059290733, 34.759481151017575],
              [-114.5468955933321, 34.76180715081182],
              [-114.54920759456535, 34.76392615091342],
              [-114.55010059451791, 34.7647451506082],
              [-114.55139459522682, 34.76580915154225],
              [-114.55269359506025, 34.7668761510615],
              [-114.5548065961019, 34.76926515176536],
              [-114.55661859684464, 34.77138815172516],
              [-114.55866459704082, 34.77385715171744],
              [-114.56006059695864, 34.77620515238991],
              [-114.5606695981274, 34.777229151854144],
              [-114.56176059754839, 34.77889115255501],
              [-114.56184259846248, 34.77902515225491],
              [-114.56211459844904, 34.77946915202885],
              [-114.5623865984356, 34.7799121526042],
              [-114.56268659890956, 34.78040115206442],
              [-114.56295859889613, 34.780843152312976],
              [-114.56399059876588, 34.78260215273418],
              [-114.564758599045, 34.784296153143146],
              [-114.564870599198, 34.784707152822634],
              [-114.56494259916803, 34.78496915262296],
              [-114.56501159966331, 34.785223152547275],
              [-114.56519559978632, 34.78598115256859],
              [-114.5653565994448, 34.786234152643786],
              [-114.5653765995363, 34.78626615284878],
              [-114.56628659920732, 34.78770015270375],
              [-114.5662925999534, 34.78770915338655],
              [-114.56735860015834, 34.789120152462836],
              [-114.5693946012071, 34.79157315390995],
              [-114.56954160062185, 34.79181915353528],
              [-114.5704376009475, 34.79332015312355],
              [-114.5710216011036, 34.79429915352668],
              [-114.57169960186934, 34.79596015375446],
              [-114.5718586009797, 34.796348154089586],
              [-114.57255860238506, 34.79885615373854],
              [-114.57330660167436, 34.80122715427421],
              [-114.5742936031349, 34.80373115439526],
              [-114.57448560275553, 34.80421915404833],
              [-114.57450260247396, 34.80429515398215],
              [-114.57450760339515, 34.804314154139085],
              [-114.57459260288566, 34.80467915486684],
              [-114.5745896025126, 34.804965154889594],
              [-114.57458060319009, 34.805751154906034],
              [-114.57468660259697, 34.807216154478176],
              [-114.57469960301577, 34.80740115493107],
              [-114.57470560286355, 34.8074761547173],
              [-114.57481860373977, 34.80794515500905],
              [-114.57483660328312, 34.808019154880526],
              [-114.57486260232407, 34.80812615541439],
              [-114.5753566029668, 34.81017615540662],
              [-114.57582260312212, 34.81238615517169],
              [-114.57616760380193, 34.81395915595995],
              [-114.57646360407794, 34.81530515638836],
              [-114.57702460466781, 34.81674115573068],
              [-114.57717260480582, 34.81712215674437],
              [-114.57732160387043, 34.8175031559961],
              [-114.57763160439013, 34.818297156160995],
              [-114.57778160507627, 34.81867715658808],
              [-114.5786926045722, 34.82098215700419],
              [-114.58002660546408, 34.823789156962896],
              [-114.58113760587487, 34.826120156509624],
              [-114.58220860610268, 34.828193157331924],
              [-114.58283260644174, 34.82907315739243],
              [-114.58348860656788, 34.829911157776934],
              [-114.5836036061956, 34.83005715729719],
              [-114.58365360732263, 34.830152157093494],
              [-114.58366660684311, 34.830176157366196],
              [-114.58428560626099, 34.83135515735833],
              [-114.5856786076024, 34.83370315690955],
              [-114.58655660748636, 34.83517815764812],
              [-114.58660160679389, 34.83525215812782],
              [-114.58664560717482, 34.83532715762943],
              [-114.58668660718271, 34.835397157200894],
              [-114.5868116077545, 34.83560715777029],
              [-114.58685360758729, 34.83567715784105],
              [-114.58771660740265, 34.83665515812436],
              [-114.58890860800427, 34.837838157425274],
              [-114.59015560885753, 34.83907615788711],
              [-114.59193260944015, 34.84076215792448],
              [-114.59235060991492, 34.84115815768479],
              [-114.59349660958748, 34.84209615841546],
              [-114.59425360999593, 34.84271615781262],
              [-114.59561860995161, 34.8437451577035],
              [-114.5960096097639, 34.844040158189],
              [-114.59801061065252, 34.84553015871596],
              [-114.59884961017842, 34.846155158731285],
              [-114.59895261100888, 34.846224158248546],
              [-114.60066461129422, 34.84736615850374],
              [-114.60189161115764, 34.84814615845738],
              [-114.60256861209848, 34.848577158886066],
              [-114.60288661121749, 34.848764158660636],
              [-114.60302961133262, 34.848848158287],
              [-114.60317161162284, 34.84893215782766],
              [-114.6040566120778, 34.8494541588433],
              [-114.60426661214011, 34.84957815788888],
              [-114.60569261219516, 34.85025615772514],
              [-114.60776961325176, 34.85113515822231],
              [-114.60783061335113, 34.85116115827939],
              [-114.60902461360259, 34.851660158151255],
              [-114.60918461253786, 34.85172615859616],
              [-114.60997461345657, 34.85213615854312],
              [-114.6110236139431, 34.852680158041174],
              [-114.61264161361878, 34.85345315903743],
              [-114.61283661361244, 34.853546158426546],
              [-114.61321861410218, 34.85372915808276],
              [-114.61379661441052, 34.85400415807773],
              [-114.61470261388355, 34.85440015825427],
              [-114.61693061455293, 34.85537615804926],
              [-114.61740961512704, 34.85561915789962],
              [-114.61829261503387, 34.85606715764422],
              [-114.61988961479314, 34.85687815817153],
              [-114.6201806159446, 34.857072158126115],
              [-114.62192961603985, 34.858242158061664],
              [-114.62395061612165, 34.8597431586614],
              [-114.62522761711212, 34.861015158783324],
              [-114.62560361685574, 34.8613901591085],
              [-114.62580961761839, 34.86159515847498],
              [-114.62594961736048, 34.861667158303824],
              [-114.62647661761517, 34.86193715783772],
              [-114.62689661684142, 34.86232315875516],
              [-114.6274856179187, 34.862863158526395],
              [-114.62764361810244, 34.86300815907597],
              [-114.62807361827274, 34.86340415865938],
              [-114.6282876176347, 34.86360115862229],
              [-114.62859461778136, 34.86395315842885],
              [-114.62957361794767, 34.86507415898059],
              [-114.62971361858807, 34.86523515808838],
              [-114.63038161751143, 34.866000158990936],
              [-114.63069361768096, 34.86635715904049],
              [-114.63116361803425, 34.8670741587068],
              [-114.6321036187408, 34.868510158766924],
              [-114.63306261881563, 34.869976158646594],
              [-114.63333361897728, 34.87057115907108],
              [-114.6336506191697, 34.87126515889388],
              [-114.6342416198968, 34.87256215971552],
              [-114.63439362023276, 34.87289515968148],
              [-114.63513762022244, 34.87487615997286],
              [-114.63518761955284, 34.875008159665384],
              [-114.63546962048346, 34.876907159637284],
              [-114.6359396199384, 34.8800631604354],
              [-114.6364086204668, 34.88321816018999],
              [-114.63654662055907, 34.884145160677775],
              [-114.63677962108588, 34.88571016059908],
              [-114.63673662142816, 34.88911216094043],
              [-114.63666562128304, 34.88948616142647],
              [-114.63631062145582, 34.89136616145226],
              [-114.63611662128706, 34.892393161619864],
              [-114.6356806221673, 34.89418916252653],
              [-114.63547262175483, 34.89504616195728],
              [-114.6354366217698, 34.89519716222444],
              [-114.63531562139597, 34.895551161977416],
              [-114.63484962124066, 34.89691916278098],
              [-114.63453162212166, 34.89785516238014],
              [-114.63318662225745, 34.90092216277622],
              [-114.632606621401, 34.9022461632698],
              [-114.6318936222718, 34.90387316337106],
              [-114.63186162248472, 34.9039471632002],
              [-114.63088862126789, 34.907268163707634],
              [-114.6307616219446, 34.90905216455657],
              [-114.63063662227111, 34.91082516443795],
              [-114.63056362247619, 34.91185716476432],
              [-114.63087262227268, 34.91320716385526],
              [-114.6315486233886, 34.91615816491474],
              [-114.63248162352417, 34.91837316546572],
              [-114.63295462425049, 34.92014016498713],
              [-114.63298162311636, 34.92023816539659],
              [-114.63302462367238, 34.92039916544684],
              [-114.63306762333008, 34.9205601651813],
              [-114.63324862308006, 34.92123516590947],
              [-114.63325462382615, 34.922522165888324],
              [-114.63325562365107, 34.922859166125725],
              [-114.63326062367393, 34.92387316583024],
              [-114.63326262422207, 34.92421116589347],
              [-114.63326262422207, 34.92433616582352],
              [-114.63326462387188, 34.92461316645717],
              [-114.63322462458721, 34.92484816616588],
              [-114.63320062429777, 34.92499816592586],
              [-114.63313862347519, 34.9253751663754],
              [-114.6329126244177, 34.926744165437896],
              [-114.63284762412037, 34.92714216611932],
              [-114.63280362373943, 34.92737616650698],
              [-114.63265562449976, 34.928182166662104],
              [-114.63250862418667, 34.92898816626426],
              [-114.63220762478609, 34.93063316695991],
              [-114.63167462378529, 34.9321571672106],
              [-114.6315396240661, 34.93254316674702],
              [-114.63140462434686, 34.93292816656452],
              [-114.6310486237964, 34.933946166692145],
              [-114.63085562435086, 34.93463116720983],
              [-114.63050362399837, 34.93588516740022],
              [-114.6300826249472, 34.93748216775452],
              [-114.62976462403158, 34.93868916806732],
              [-114.62976562475481, 34.9388861679471],
              [-114.6297806248234, 34.943045167790125],
              [-114.62979162559239, 34.94350616859867],
              [-114.62982262465621, 34.94481516899394],
              [-114.62999562490859, 34.94541816897187],
              [-114.63169262602361, 34.95131516886953],
              [-114.63249462573958, 34.95296916970364],
              [-114.6340926262221, 34.956269169080024],
              [-114.63428562656593, 34.95666717005861],
              [-114.63496462715659, 34.95892316988136],
              [-114.63511562766764, 34.96177617049287],
              [-114.63512662753831, 34.962063170345935],
              [-114.63515762839876, 34.962858169561464],
              [-114.63518862746257, 34.96365317063417],
              [-114.63520762772916, 34.964127169853484],
              [-114.6352266279957, 34.96460017028594],
              [-114.63524862773703, 34.9651541710246],
              [-114.63496162858016, 34.96744417036754],
              [-114.63491062762824, 34.96785317030161],
              [-114.63488562841218, 34.967955170596994],
              [-114.63479062797762, 34.96835017099025],
              [-114.63469562754307, 34.96874517168739],
              [-114.6346186275502, 34.96906517088367],
              [-114.63358462803059, 34.97158517138887],
              [-114.63242462811432, 34.97459117190071],
              [-114.63085462811924, 34.97799217203444],
              [-114.63082762835505, 34.97807017170966],
              [-114.6306206277675, 34.978694172325184],
              [-114.6299186276106, 34.98079617283634],
              [-114.6297056280736, 34.981709173278524],
              [-114.62940362884812, 34.983176173404914],
              [-114.6293806283836, 34.98343817272022],
              [-114.62916362864861, 34.98587817339966],
              [-114.62914062818408, 34.98613717377607],
              [-114.62922562857288, 34.989042174214646],
              [-114.62945462890177, 34.991830174278626],
              [-114.63025562969113, 34.99464517467109],
              [-114.63161962982193, 34.99812917480953],
              [-114.63181863001357, 34.99863717475931],
              [-114.63267663070434, 34.999811175510345],
              [-114.63344363026023, 35.00177817522277],
              [-114.63349863141016, 35.001862175087346],
              [-114.63361863016243, 35.00195817566795],
              [-114.63398163128389, 35.0022461752622],
              [-114.63410263075939, 35.002343175392994],
              [-114.63417163035639, 35.00239917541614],
              [-114.63438163041864, 35.00256717525561],
              [-114.63445163073887, 35.00262317512543],
              [-114.63613163213546, 35.00398517560962],
              [-114.64117163273194, 35.00807117566891],
              [-114.64285263305513, 35.00943317521924],
              [-114.64300663304091, 35.00955817542207],
              [-114.64338663388081, 35.00986617587182],
              [-114.64347163337133, 35.00993417626393],
              [-114.64362663318204, 35.01006017560757],
              [-114.64565663348465, 35.0117041759537],
              [-114.65174663529089, 35.016638176284694],
              [-114.65372763518974, 35.01824417537082],
              [-114.65377663559353, 35.018284175708665],
              [-114.65416063573309, 35.018598175952164],
              [-114.654457635834, 35.01884117604397],
              [-114.65650063655545, 35.02051217635497],
              [-114.65718263662083, 35.02106917622663],
              [-114.65788863697568, 35.02164617642978],
              [-114.6584476370174, 35.02210317653395],
              [-114.66224263820713, 35.0252051762365],
              [-114.66341863801692, 35.02616717607954],
              [-114.66350763860372, 35.02624017617287],
              [-114.66456563931106, 35.02710517626664],
              [-114.66774063946134, 35.02970117646415],
              [-114.66875963981063, 35.03053417669058],
              [-114.66879963909528, 35.030567177104],
              [-114.67010464057314, 35.0316341771616],
              [-114.67402064123839, 35.034835176872704],
              [-114.67532664164284, 35.03590217711041],
              [-114.67596764170034, 35.03642617706052],
              [-114.6778936422459, 35.03799817660916],
              [-114.67853564212834, 35.0385221770934],
              [-114.67901464270243, 35.038909177378],
              [-114.6804546430012, 35.040073176884874],
              [-114.68055264291048, 35.04015217723429],
              [-114.68093464250191, 35.04046117671298],
              [-114.68145264343408, 35.04087917750658],
              [-114.68300664353566, 35.04213517711665],
              [-114.68344964322644, 35.04249417696099],
              [-114.6835246426712, 35.042555177189534],
              [-114.68398964389992, 35.04293117779759],
              [-114.68538564381777, 35.04405917732878],
              [-114.68585164397308, 35.04443517689846],
              [-114.69018464528814, 35.0479361779067],
              [-114.69351064594949, 35.05062417771765],
              [-114.69577064640589, 35.05249617752806],
              [-114.70274864904016, 35.05812417751282],
              [-114.70316664861662, 35.058461178055566],
              [-114.70680764982053, 35.06139817864264],
              [-114.70750365012961, 35.06195917855131],
              [-114.70767664948367, 35.06209917866011],
              [-114.70819764989058, 35.06251917828138],
              [-114.70837164996786, 35.06265917816514],
              [-114.7093316498676, 35.06343317833674],
              [-114.71136565036818, 35.0650731781046],
              [-114.71222265123409, 35.06574617855725],
              [-114.71319365100445, 35.06650817872147],
              [-114.71412865078983, 35.06724217854305],
              [-114.71554565152236, 35.068399178429374],
              [-114.72255965324334, 35.07412517845275],
              [-114.72489865424077, 35.07603417881679],
              [-114.7250486540286, 35.07615717894624],
              [-114.72550065394022, 35.07652617895721],
              [-114.72565165445128, 35.07664917908019],
              [-114.72628665466101, 35.07716717893798],
              [-114.72819165529015, 35.07872217843038],
              [-114.72882765442648, 35.0792411796254],
              [-114.72981365516382, 35.0800451785782],
              [-114.72991265579633, 35.08012117839853],
              [-114.73157265620311, 35.08139117842232],
              [-114.73319765555149, 35.08272417912585],
              [-114.73427865672333, 35.083611179686336],
              [-114.73462565615468, 35.08389517931584],
              [-114.73566665714357, 35.08475017880558],
              [-114.73601465729811, 35.085035179339314],
              [-114.73645665716398, 35.08539717938373],
              [-114.73778465730977, 35.0864861792878],
              [-114.73822765700056, 35.086849179210176],
              [-114.73883665727101, 35.08734817962761],
              [-114.73955765769445, 35.08793917999853],
              [-114.74354765887784, 35.09121117952204],
              [-114.74474465860403, 35.092192180092255],
              [-114.74487865849834, 35.092302179715546],
              [-114.74520165943686, 35.09256717960201],
              [-114.74617165938233, 35.09336217997456],
              [-114.74649565924743, 35.093627179356375],
              [-114.74662966004004, 35.093737179249025],
              [-114.74703366027107, 35.09406817912006],
              [-114.7471686599903, 35.09417918023493],
              [-114.7493296598142, 35.09595017957034],
              [-114.7495836602574, 35.09615917967973],
              [-114.75682066245942, 35.10211117988139],
              [-114.75923366307673, 35.104096180372245],
              [-114.76181266337537, 35.10621717959423],
              [-114.76561266458796, 35.109342180501535],
              [-114.76957966620512, 35.11254918109173],
              [-114.77217766587202, 35.114650181066644],
              [-114.77240866674903, 35.11483718040875],
              [-114.7731036663349, 35.11539818100368],
              [-114.77333566613846, 35.115586180917894],
              [-114.77625866729203, 35.117949180704564],
              [-114.77963766855514, 35.12068018107799],
              [-114.78027566823961, 35.12118018091584],
              [-114.78374466901607, 35.12389518126271],
              [-114.78464266899152, 35.1246241805847],
              [-114.78507966973285, 35.12497818069575],
              [-114.78788967001016, 35.12725818115475],
              [-114.78799966961502, 35.12734718100613],
              [-114.7887086703429, 35.12792518100907],
              [-114.78899366984996, 35.12815618061033],
              [-114.7912566706794, 35.12998918093398],
              [-114.79198267112572, 35.13057718102578],
              [-114.79297867190877, 35.131385181712844],
              [-114.79735267323174, 35.1349321815441],
              [-114.80132467397348, 35.13803518203399],
              [-114.8038756737847, 35.140087182459894],
              [-114.80458267486274, 35.140655181681105],
              [-114.80491367440057, 35.140921182051436],
              [-114.80513967435637, 35.14110318172663],
              [-114.80581867404871, 35.141649181249036],
              [-114.80604567472776, 35.14183218199695],
              [-114.80719667532149, 35.14275818196612],
              [-114.80780467576703, 35.143247182018676],
              [-114.81065167675258, 35.14553618183573],
              [-114.81160267643149, 35.14630118181896],
              [-114.81180367627296, 35.14646318270757],
              [-114.81354267632246, 35.14786118244473],
              [-114.81513367713225, 35.14914018181896],
              [-114.81879167805465, 35.15201818247363],
              [-114.81916167795049, 35.152309182818556],
              [-114.82053667885023, 35.153410182338106],
              [-114.82357367890826, 35.15584018307463],
              [-114.82441967990351, 35.1565181828535],
              [-114.82612967964072, 35.1578871825718],
              [-114.82756668046471, 35.15903618273562],
              [-114.82782268055773, 35.15924218246956],
              [-114.83268468177732, 35.16313318305504],
              [-114.8357226825586, 35.16556418290139],
              [-114.83843768329966, 35.16762018311419],
              [-114.84030868359368, 35.169036182794926],
              [-114.84658568499765, 35.173788183203285],
              [-114.84930168646196, 35.175845183355534],
              [-114.8502206863538, 35.17653918343735],
              [-114.85281368689614, 35.17849918375657],
              [-114.85298468660035, 35.178613183757896],
              [-114.85303268628094, 35.1786451829695],
              [-114.8539436875735, 35.179252183182086],
              [-114.86014268826135, 35.18434818390496],
              [-114.86223468938658, 35.18606818383905],
              [-114.86371268932017, 35.18728318332642],
              [-114.87429469245015, 35.195982183875515],
              [-114.8748956923247, 35.1964761846097],
              [-114.87905169318941, 35.199893184293636],
              [-114.88538769504295, 35.205101184707814],
              [-114.88710869554912, 35.206516184245416],
              [-114.88863169568853, 35.20776818485084],
              [-114.89391069665963, 35.21210818471914],
              [-114.89540069808542, 35.213333185771084],
              [-114.89599869758692, 35.21380818523477],
              [-114.89762269800869, 35.21509918532655],
              [-114.90149869938926, 35.21817918536863],
              [-114.90287169974087, 35.21927018538368],
              [-114.90411769987088, 35.220261185330386],
              [-114.90416170025183, 35.220296185813005],
              [-114.90429169994815, 35.220399185174756],
              [-114.90514569954269, 35.2210781861392],
              [-114.90555969981948, 35.22140718588737],
              [-114.90582770050636, 35.22162018560425],
              [-114.90651470059463, 35.222166186087485],
              [-114.90714870008115, 35.22267018547472],
              [-114.90905370160863, 35.22418518532156],
              [-114.90923170098554, 35.22432618574463],
              [-114.90968970074493, 35.224690185589765],
              [-114.912303702102, 35.22676718563776],
              [-114.91345570252066, 35.22768218577162],
              [-114.91543370294478, 35.22925318585239],
              [-114.91784670356206, 35.231171185619104],
              [-114.92014870385125, 35.23299918608321],
              [-114.9227637050332, 35.235077186299065],
              [-114.92293070453948, 35.23521018622099],
              [-114.92326670499845, 35.23547718622243],
              [-114.92417870431929, 35.236202186008576],
              [-114.92477870436893, 35.2366791867572],
              [-114.92528370578063, 35.2370801861761],
              [-114.92531670539258, 35.23710218598801],
              [-114.9253817056899, 35.23714818644266],
              [-114.92541370547696, 35.23717318567394],
              [-114.92544570526401, 35.23719918642178],
              [-114.92988170651125, 35.24072418612006],
              [-114.93147070677293, 35.24198618582228],
              [-114.93646070803902, 35.24595118653299],
              [-114.94319270972767, 35.25129918659636],
              [-114.9467907112739, 35.254158186652376],
              [-114.94763071152302, 35.254824186637535],
              [-114.94773671092993, 35.25490818704668],
              [-114.94805771132029, 35.25516318725781],
              [-114.94816471055212, 35.25524818641631],
              [-114.94937571142033, 35.25620918720272],
              [-114.95300871222834, 35.2590931870013],
              [-114.95422071292148, 35.260055187451165],
              [-114.95480271252941, 35.260517187047064],
              [-114.95655171262467, 35.26190418738805],
              [-114.95713471295588, 35.26236718719167],
              [-114.96000371368271, 35.26464418804725],
              [-114.96861371623638, 35.27147518733277],
              [-114.97148371768645, 35.27375218817728],
              [-114.98156271995286, 35.28174518844468],
              [-114.98281272028083, 35.282737188581784],
              [-114.98437971990286, 35.283980187884865],
              [-114.99024472157821, 35.28884118855475],
              [-114.99467772245238, 35.2925161883765],
              [-115.01169172769534, 35.30585718900065],
              [-115.02181573016759, 35.31379518899156],
              [-115.0251867310348, 35.31643618981031],
              [-115.03221873229909, 35.321946189789735],
              [-115.03529973273805, 35.324360189762174],
              [-115.03839573324565, 35.32678619008939],
              [-115.03867173343016, 35.327002190423386],
              [-115.03982273402393, 35.32790419031767],
              [-115.04020573523688, 35.328204189734066],
              [-115.04327773545502, 35.33061119007813],
              [-115.04412273572702, 35.33127319012979],
              [-115.04442973587369, 35.331513190742314],
              [-115.04523673651089, 35.33214518975225],
              [-115.04716373598302, 35.33365419012865],
              [-115.049041736848, 35.335124191146996],
              [-115.05173773732251, 35.33723519031575],
              [-115.05344373776006, 35.338570190852884],
              [-115.05706273832438, 35.34140419026375],
              [-115.06287773977098, 35.345957190782244],
              [-115.06749074057022, 35.349569191394686],
              [-115.06771074157658, 35.349741190954035],
              [-115.07079974241145, 35.3523291910205],
              [-115.08070974552176, 35.36063119171766],
              [-115.08401374554353, 35.363399191744335],
              [-115.08428574553007, 35.36358619130427],
              [-115.0851037460379, 35.36414919168914],
              [-115.08537674584936, 35.364337192394025],
              [-115.08566674537927, 35.36449019221981],
              [-115.08653974613868, 35.364949191422475],
              [-115.08683074639184, 35.36510319149597],
              [-115.08715274660712, 35.36533319111573],
              [-115.08811874725293, 35.366025191765736],
              [-115.08844174639482, 35.366256191617005],
              [-115.0885537465478, 35.36640319191072],
              [-115.08857974648707, 35.366437191596695],
              [-115.08931174767949, 35.36742719203083],
              [-115.08956874669914, 35.36777419135667],
              [-115.09007974706029, 35.368465191691214],
              [-115.09299274816807, 35.37013019174135],
              [-115.09425974821448, 35.370854191835505],
              [-115.09590274890284, 35.37179219156127],
              [-115.09652174921902, 35.372268192172115],
              [-115.09735274834902, 35.372909191793475],
              [-115.09837874926932, 35.373699191317506],
              [-115.09899774958551, 35.37417719206047],
              [-115.09946574939065, 35.37453519267807],
              [-115.10007775003417, 35.37500319246927],
              [-115.10096875033692, 35.3756861924852],
              [-115.10327575064899, 35.377539192239574],
              [-115.10433675083107, 35.37839219252448],
              [-115.10671575111316, 35.380306192797114],
              [-115.11270375281215, 35.38512319305401],
              [-115.11385575323081, 35.38604919257558],
              [-115.11623675406103, 35.38796319281691],
              [-115.11959075431149, 35.390659192738575],
              [-115.12416875584893, 35.39434019297545],
              [-115.1296567570574, 35.39874719291281],
              [-115.1330127587543, 35.40144319331133],
              [-115.13575175888651, 35.403642193132626],
              [-115.14220976004046, 35.408827193595286],
              [-115.14396876107976, 35.41023919363318],
              [-115.14670876103689, 35.41243919372368],
              [-115.14716276149666, 35.41280319341251],
              [-115.14852676162744, 35.41389819380501],
              [-115.14898176191211, 35.41426319355775],
              [-115.15117576224627, 35.416024194053485],
              [-115.15776076452015, 35.421308193727626],
              [-115.1599557646792, 35.42307019392851],
              [-115.16066376558217, 35.42363719403689],
              [-115.16106876563815, 35.42396319428809],
              [-115.16129276594411, 35.4241891939529],
              [-115.1620787657666, 35.424988193465865],
              [-115.1649157667064, 35.42787219498594],
              [-115.16538876653443, 35.428244195088354],
              [-115.16680776691678, 35.42936319423541],
              [-115.16685776624718, 35.42940319446198],
              [-115.16728076674478, 35.42973719451705],
              [-115.16930276754982, 35.43134419499745],
              [-115.17537076961474, 35.436167194646096],
              [-115.17698676964062, 35.43745119425078],
              [-115.17739476917129, 35.43777419489062],
              [-115.18070777031215, 35.440398194963365],
              [-115.1809487703366, 35.4405891942643],
              [-115.18434377149323, 35.44327819541037],
              [-115.19065277268427, 35.44826519532413],
              [-115.19340077303733, 35.45043719578393],
              [-115.19396977402313, 35.45088719520723],
              [-115.19414277337717, 35.4510241951515],
              [-115.19517477414524, 35.451841195585104],
              [-115.19777577508349, 35.453901195716696],
              [-115.20353777592833, 35.45846719573311],
              [-115.20452377666565, 35.4592491956722],
              [-115.20919077699327, 35.46295019580196],
              [-115.21286477870748, 35.465864195658874],
              [-115.21299577822873, 35.46596819572826],
              [-115.21432577892264, 35.46701519587148],
              [-115.21552277954714, 35.46795919612721],
              [-115.21831578010601, 35.47015819593219],
              [-115.21952178095138, 35.47110819641921],
              [-115.2196447800767, 35.47120919602278],
              [-115.22078978082266, 35.47215019582943],
              [-115.22264178174841, 35.473673196175056],
              [-115.22423678185785, 35.4749611966966],
              [-115.22519778158251, 35.475737196283454],
              [-115.22538978210144, 35.47589419623632],
              [-115.2263457818032, 35.476666196972694],
              [-115.22656878138598, 35.47684719631415],
              [-115.22921278288025, 35.47898619710257],
              [-115.22962678315702, 35.47932119621347],
              [-115.23016978330527, 35.47975819667622],
              [-115.2325797835495, 35.48169619722836],
              [-115.23322978382784, 35.482219196847325],
              [-115.23769678503722, 35.48581219734708],
              [-115.23981178483034, 35.48751319687187],
              [-115.24179778565035, 35.48911019624323],
              [-115.24222478634593, 35.48944919722733],
              [-115.2432927862007, 35.4902951973096],
              [-115.24508278720215, 35.49171519721013],
              [-115.24649778648822, 35.49283519641649],
              [-115.24651278745515, 35.49284719718807],
              [-115.24756578813964, 35.49368419684863],
              [-115.24813178785405, 35.494143196829825],
              [-115.24999878795008, 35.49565619732381],
              [-115.2541517893401, 35.49902319724481],
              [-115.25670378987456, 35.50109119760072],
              [-115.25729779007638, 35.501573196904744],
              [-115.2581847901812, 35.50229219784224],
              [-115.25973179061008, 35.503546197208216],
              [-115.26152079088828, 35.50494719733617],
              [-115.26164879183311, 35.50504719716507],
              [-115.26489079193058, 35.50758619750414],
              [-115.26548279248259, 35.50804919774533],
              [-115.26635979254165, 35.50873619739468],
              [-115.26739979280732, 35.50955119724582],
              [-115.26777279217791, 35.509843197645345],
              [-115.26931779295698, 35.51105319790052],
              [-115.26946879346802, 35.51117119741495],
              [-115.2697417932795, 35.51138019749877],
              [-115.27088979350022, 35.51226119758203],
              [-115.27101779354675, 35.512359197922585],
              [-115.2714437935191, 35.5126861980517],
              [-115.27145979341262, 35.51269919835576],
              [-115.2715087938164, 35.51273919809702],
              [-115.27152579353483, 35.51275319796518],
              [-115.27548679440592, 35.51575719761786],
              [-115.27628279427412, 35.516359197824585],
              [-115.27920579542766, 35.51857719752313],
              [-115.28254579633274, 35.521110198743386],
              [-115.28398379608335, 35.522206198149284],
              [-115.2840077963728, 35.522225198027044],
              [-115.30389580146716, 35.5380671987269],
              [-115.30550580254355, 35.53934819847989],
              [-115.30737980321058, 35.54084019900855],
              [-115.30744980263246, 35.540896199326745],
              [-115.30955580310308, 35.542574198866355],
              [-115.31160680422045, 35.544209199262596],
              [-115.3150038050269, 35.54691719906468],
              [-115.32020080598222, 35.55105819963083],
              [-115.321604806296, 35.55217720002521],
              [-115.32355280658284, 35.553725199528614],
              [-115.32429180654965, 35.55431219947118],
              [-115.32561280792105, 35.55536319916373],
              [-115.32852380758239, 35.55767619991183],
              [-115.32957880791668, 35.55851420013904],
              [-115.33098080858059, 35.55961919977226],
              [-115.33408580930903, 35.56206819923091],
              [-115.33667880985135, 35.56411220047041],
              [-115.33695281038605, 35.56432819985941],
              [-115.3423458120583, 35.5685811998212],
              [-115.3466188122006, 35.57194920023517],
              [-115.35252781335853, 35.57660920056465],
              [-115.35679281579988, 35.579972200027825],
              [-115.35940581643369, 35.582032200943004],
              [-115.36115281598079, 35.58340920043929],
              [-115.36520281654033, 35.58660320072979],
              [-115.3668108179669, 35.58787120090869],
              [-115.3685998182451, 35.58928120126471],
              [-115.36906481767718, 35.589601200670415],
              [-115.36932881816615, 35.58981820080664],
              [-115.36934681860781, 35.58983420124789],
              [-115.36940381850924, 35.58988220109135],
              [-115.36942381860074, 35.58989920086161],
              [-115.36952581870798, 35.58998220097717],
              [-115.36970981793266, 35.59013320064116],
              [-115.36982781793346, 35.590238201284656],
              [-115.36992681856596, 35.59032720072034],
              [-115.36995781852809, 35.590351200863154],
              [-115.36996681874894, 35.59035820132959],
              [-115.37015981819448, 35.590509201014875],
              [-115.37074081887583, 35.590964201402095],
              [-115.37093481904459, 35.59111620146253],
              [-115.370951818763, 35.59113020079998],
              [-115.37100281881665, 35.59117520115833],
              [-115.37102081836, 35.59119120132838],
              [-115.37112181864234, 35.591268201234385],
              [-115.37142481859104, 35.59149920050812],
              [-115.37152681869829, 35.59157720089975],
              [-115.37223481960126, 35.59211620120125],
              [-115.37241981865088, 35.59225720079512],
              [-115.37281081936143, 35.59257120049041],
              [-115.37573481944158, 35.59491420119789],
              [-115.37661882007166, 35.59561220125389],
              [-115.3778948212372, 35.596619201722454],
              [-115.38007682097746, 35.59834320109143],
              [-115.38076182141592, 35.598884201040995],
              [-115.38662482254313, 35.60351520134389],
              [-115.38880782300663, 35.60523920188905],
              [-115.38897982343406, 35.60537520161218],
              [-115.38949682364301, 35.60578320158565],
              [-115.38966982389537, 35.60592020171706],
              [-115.39055982347492, 35.60655120109038],
              [-115.39114982437711, 35.607060201229785],
              [-115.39115082420201, 35.607062201675944],
              [-115.39147882426508, 35.607324201991126],
              [-115.39410982444225, 35.60942720163801],
              [-115.39517382499739, 35.61026220146227],
              [-115.39529782484594, 35.610361201630546],
              [-115.39567282476466, 35.610660201756595],
              [-115.39579882516135, 35.61076020197437],
              [-115.39715382507131, 35.61183020217646],
              [-115.40121882659777, 35.61504320235815],
              [-115.40257482633261, 35.61611420197614],
              [-115.40288582667723, 35.61636020160999],
              [-115.40296182684524, 35.61642020142374],
              [-115.40412282748474, 35.617338201505476],
              [-115.40451082782225, 35.61764420211223],
              [-115.40469682759507, 35.617847201656446],
              [-115.40475082802176, 35.617906202092804],
              [-115.40485882707848, 35.61802320165361],
              [-115.40557782785211, 35.61846520193872],
              [-115.4056408276013, 35.61848320192501],
              [-115.40598282700975, 35.61858420157001],
              [-115.40593782770222, 35.618771202614994],
              [-115.40751482826833, 35.620018201957016],
              [-115.40765082871077, 35.62012620190736],
              [-115.40863382817673, 35.62090520191495],
              [-115.4180978303249, 35.62839420247362],
              [-115.42051983116299, 35.63029720292749],
              [-115.42449283262796, 35.633418202614685],
              [-115.42954583364323, 35.63738920260696],
              [-115.43274183460825, 35.6399002027653],
              [-115.4391488366069, 35.64493420282248],
              [-115.44126183675021, 35.64659420319426],
              [-115.44479483710082, 35.64937020314788],
              [-115.44705883775516, 35.6511492026557],
              [-115.45026483966424, 35.65366820329205],
              [-115.45432984029239, 35.656862203026535],
              [-115.45828084111774, 35.65996720353341],
              [-115.46207084138626, 35.66294420419029],
              [-115.46273884210626, 35.66346920398833],
              [-115.47094284388072, 35.66991520413575],
              [-115.47294884569052, 35.671492204087734],
              [-115.481145846894, 35.677932203981314],
              [-115.4824828472606, 35.67898220438385],
              [-115.48365384794583, 35.679902203943534],
              [-115.48415584808619, 35.680297204338586],
              [-115.48507484797804, 35.681021204783505],
              [-115.49827785123942, 35.691428204707584],
              [-115.506440853006, 35.69786020495121],
              [-115.50792085348773, 35.69902620466061],
              [-115.51021685392914, 35.70083420555877],
              [-115.51460785497054, 35.70429320518131],
              [-115.51498585526231, 35.70459020523948],
              [-115.51771485624708, 35.70674120523961],
              [-115.52189985652583, 35.71003620523922],
              [-115.52443885753983, 35.71203420528325],
              [-115.52536985802556, 35.71276520571847],
              [-115.52577885827947, 35.71309020529841],
              [-115.52891285932022, 35.71555720574266],
              [-115.54097186166052, 35.725043205962585],
              [-115.54986786444442, 35.732041205616866],
              [-115.5570368668744, 35.73768020646825],
              [-115.57262487026567, 35.74992320707074],
              [-115.57431587063458, 35.75125120652481],
              [-115.58428387257291, 35.75907420735612],
              [-115.58753887398747, 35.761635207303165],
              [-115.58886587520664, 35.76268020688642],
              [-115.5899538751529, 35.7635372067775],
              [-115.59152487497292, 35.76477920777807],
              [-115.59154987508725, 35.764800207784994],
              [-115.59181387467788, 35.76500620728109],
              [-115.59388087568877, 35.7666232073855],
              [-115.59828187677591, 35.77007620766643],
              [-115.60134487767152, 35.772479207672816],
              [-115.60141887729138, 35.772538207519474],
              [-115.61013687980007, 35.7793702081473],
              [-115.62097888232269, 35.78787020854518],
              [-115.62121988324543, 35.78806020868655],
              [-115.62131088258371, 35.78813120813186],
              [-115.62133388304825, 35.788150208249775],
              [-115.6260198836424, 35.791820208555],
              [-115.62636688397207, 35.79209320864611],
              [-115.62822988476843, 35.7935522084466],
              [-115.63556588670468, 35.79929820866214],
              [-115.6373068873023, 35.80066220863136],
              [-115.64439188827006, 35.806210208960636],
              [-115.6458518886603, 35.807353209487204],
              [-115.64634788895286, 35.807740209012614],
              [-115.64670088913026, 35.8080022084246],
              [-115.64775988966252, 35.8087902092494],
              [-115.64811388876652, 35.80905320835303],
              [-115.64814188925394, 35.809070209542035],
              [-115.64822788946766, 35.809124209438096],
              [-115.64825688977997, 35.80914320890714],
              [-115.64826988930045, 35.80915120864386],
              [-115.64831088930835, 35.80917820929748],
              [-115.64832488955206, 35.80918720927046],
              [-115.64836888903464, 35.80921620893365],
              [-115.64873888893051, 35.80947920954047],
              [-115.64880588977599, 35.80952720920267],
              [-115.64890788988323, 35.80961020903581],
              [-115.64895588956381, 35.80964920942774],
              [-115.64898488987613, 35.80967320921109],
              [-115.64917889004488, 35.809832209778136],
              [-115.64938488990921, 35.81000020917918],
              [-115.64943489013793, 35.81003920937958],
              [-115.64998988998171, 35.81047320925245],
              [-115.65007689002032, 35.810542208622564],
              [-115.65033788923792, 35.810751208999],
              [-115.65182389046576, 35.81191320926948],
              [-115.65190589048153, 35.811977209279355],
              [-115.65233889102488, 35.812315209249824],
              [-115.65282489037338, 35.81270720888355],
              [-115.65291489078506, 35.81278020854773],
              [-115.65406389083068, 35.81367420986841],
              [-115.65462289177073, 35.81410920899245],
              [-115.65513689070832, 35.81450520920245],
              [-115.65563989157188, 35.81489220884053],
              [-115.65570089077293, 35.81494020960156],
              [-115.65608389198589, 35.81524320945603],
              [-115.65621489150716, 35.815347209637196],
              [-115.6569938916569, 35.815964208968104],
              [-115.65708989191639, 35.81604020901211],
              [-115.65734289163638, 35.81622420935404],
              [-115.65736289172784, 35.81624120973628],
              [-115.6575768919881, 35.81642020959767],
              [-115.65767389207248, 35.81648420888861],
              [-115.65774589204251, 35.816545209143584],
              [-115.65781189216473, 35.81657020917479],
              [-115.65778589132717, 35.81663620936518],
              [-115.6581478917254, 35.81687720920805],
              [-115.65817689203773, 35.81689720915004],
              [-115.65858189209368, 35.817208209202356],
              [-115.65876289184364, 35.8173472094267],
              [-115.65922989182388, 35.8177022091887],
              [-115.65932789173317, 35.81777620949112],
              [-115.6605698925635, 35.81877020950553],
              [-115.66136189313208, 35.81940420961965],
              [-115.66164689263911, 35.81963220912372],
              [-115.6621938929853, 35.820043209556275],
              [-115.66239989284963, 35.820198209349364],
              [-115.66257589347502, 35.82033720943746],
              [-115.66310989250411, 35.820758209345975],
              [-115.66362089286525, 35.821146209186075],
              [-115.66506389353707, 35.82227820950574],
              [-115.66695289427273, 35.823781209473815],
              [-115.66722889445722, 35.82398920990986],
              [-115.66738889429082, 35.82411020898481],
              [-115.66897689472756, 35.82535420976157],
              [-115.66985389568495, 35.82602820939009],
              [-115.67041889557446, 35.82646220999449],
              [-115.67056689481416, 35.826577209545434],
              [-115.67135289553495, 35.82718520960801],
              [-115.67137189580153, 35.82720020980225],
              [-115.67153889530778, 35.82733220920426],
              [-115.67360089629577, 35.828969209184116],
              [-115.67777589652879, 35.83223421025804],
              [-115.6787188967101, 35.83296121021204],
              [-115.6801338977928, 35.83406920983895],
              [-115.68039289736056, 35.834272209910914],
              [-115.6812168977162, 35.83492821033421],
              [-115.68197189757652, 35.835528209782325],
              [-115.68350589848488, 35.83670521063737],
              [-115.68369089843284, 35.836847209891815],
              [-115.68568989967163, 35.838412210018696],
              [-115.6858908986148, 35.838555210456924],
              [-115.68596389930804, 35.8386152106302],
              [-115.68601289881352, 35.83865521047781],
              [-115.68606589851697, 35.83869820990915],
              [-115.68704089938362, 35.83944921059731],
              [-115.68828589968874, 35.840378209872085],
              [-115.68869789941738, 35.84069021024435],
              [-115.68929690054038, 35.84116221039819],
              [-115.68941989966574, 35.84128421006759],
              [-115.6894949000088, 35.84139321025214],
              [-115.68957989949928, 35.84143621038397],
              [-115.68959090026829, 35.841442210840825],
              [-115.68995189994328, 35.84171321036962],
              [-115.69049289954337, 35.842154209886054],
              [-115.69206690063474, 35.84337021058548],
              [-115.69246190064496, 35.84366321017124],
              [-115.69299190037437, 35.844099210041364],
              [-115.69332390063539, 35.84435220997943],
              [-115.69365790054623, 35.844585209597014],
              [-115.69376090137672, 35.84467621043692],
              [-115.69398890098236, 35.8448972101695],
              [-115.69432890163928, 35.84516721048645],
              [-115.69456290199103, 35.84534021048417],
              [-115.69464290145865, 35.84543121045773],
              [-115.69477590152803, 35.845644209843755],
              [-115.69486090101853, 35.84576521012215],
              [-115.69513790102795, 35.846015210515844],
              [-115.69544890137257, 35.846263209848125],
              [-115.69574490164862, 35.846486210523395],
              [-115.702782903659, 35.85190421043157],
              [-115.70283590336246, 35.85194621026051],
              [-115.7074899050679, 35.8555852100436],
              [-115.70907590495652, 35.85687521036387],
              [-115.74206091300705, 35.882586211604504],
              [-115.75568591604286, 35.89318821196326],
              [-115.75579591744435, 35.89327321214072],
              [-115.75823091780295, 35.89516621211022],
              [-115.76114691748715, 35.897435211354335],
              [-115.7751429220403, 35.908460212057],
              [-115.77953692255645, 35.911919212570695],
              [-115.78451592395189, 35.91580421294887],
              [-115.78911292485759, 35.919253213048464],
              [-115.78929192495774, 35.91952921353878],
              [-115.7975869278671, 35.925997213332515],
              [-115.82647693425398, 35.948501214019515],
              [-115.8268209351089, 35.94876821337154],
              [-115.83422293626904, 35.95453421433165],
              [-115.83459393688813, 35.95482221428306],
              [-115.83594293695027, 35.95587621464525],
              [-115.84544293998178, 35.96327421391016],
              [-115.84600594022147, 35.96371221427401],
              [-115.85406294168283, 35.969985214467776],
              [-115.85768894281814, 35.97280821405718],
              [-115.86582994484343, 35.97914221496579],
              [-115.86916494572561, 35.981733214900174],
              [-115.87069294588794, 35.98292621494236],
              [-115.87263394740042, 35.98443521477892],
              [-115.87350294706356, 35.985104214801815],
              [-115.87388694630481, 35.98539621525561],
              [-115.88164494801542, 35.99140221522743],
              [-115.88356194923848, 35.992868215040886],
              [-115.88361894913989, 35.992929215402526],
              [-115.88406594902862, 35.99327321518874],
              [-115.8849439498109, 35.99395121519668],
              [-115.88747295077914, 35.99589721543887],
              [-115.88836495090683, 35.996590215513436],
              [-115.89009395091058, 35.997922215735585],
              [-115.8906159511424, 35.99832021514271],
              [-115.89062695101305, 35.99832821540237],
              [-115.89104895078742, 35.998650215005206],
              [-115.89108295202092, 35.99867721576532],
              [-115.89156595189472, 35.999062215423656],
              [-115.8928619513551, 36.00005621540451],
              [-115.8934099515262, 36.00047521578177],
              [-115.89396295172016, 36.00089721538572],
              [-115.89426795221698, 36.00113621570973],
              [-115.89429495198118, 36.00115721563973],
              [-115.8944709526066, 36.001295215767286],
              [-115.89512795255759, 36.0018092150444],
              [-115.8951629518194, 36.001837215437575],
              [-115.89565395208908, 36.002223215639965],
              [-115.89619495258745, 36.00265321515805],
              [-115.89746395228367, 36.00363521607823],
              [-115.89762095264253, 36.00374921565177],
              [-115.89801495282782, 36.00405621552611],
              [-115.8982929535605, 36.00427321521806],
              [-115.89950995337817, 36.0052022155974],
              [-115.90060195352238, 36.00605021546641],
              [-115.90079695351605, 36.0062052153324],
              [-115.9014539543654, 36.006727215438815],
              [-115.9033269543092, 36.00819621570339],
              [-115.90410095443609, 36.00878221586281],
              [-115.90671295524501, 36.010803215690906],
              [-115.90770495493179, 36.01157921525344],
              [-115.90843295592627, 36.01214921580574],
              [-115.90875895544116, 36.0123822155969],
              [-115.90944195622977, 36.01292221638204],
              [-115.91177095718149, 36.01472621604179],
              [-115.91178595635178, 36.01473821538734],
              [-115.91200395681, 36.01490721602797],
              [-115.91221295704736, 36.01507621557965],
              [-115.91239895592187, 36.01522621532099],
              [-115.91243495680521, 36.01525121585566],
              [-115.91246395621923, 36.01527221565923],
              [-115.9124899570568, 36.01529021600539],
              [-115.91257595637221, 36.01532921613586],
              [-115.91392595715759, 36.01633421669763],
              [-115.9139759573863, 36.01637421611496],
              [-115.91809895774077, 36.0194512163495],
              [-115.91873895797336, 36.0199282159154],
              [-115.9187549587652, 36.0199412164069],
              [-115.92135195860719, 36.021963216114585],
              [-115.92179995832085, 36.02231221575285],
              [-115.92185395964586, 36.02235421595069],
              [-115.923567959581, 36.02368921597128],
              [-115.92386196020719, 36.023918216235934],
              [-115.92407796011726, 36.024086216374876],
              [-115.92426895991295, 36.024235215973505],
              [-115.92431695959354, 36.024272216629825],
              [-115.92437595914475, 36.02431821604705],
              [-115.9243909601117, 36.02433021683831],
              [-115.92445195931275, 36.02437821635216],
              [-115.92499995948384, 36.02480521581124],
              [-115.92694296064614, 36.02631821660866],
              [-115.92995496058984, 36.02866421595466],
              [-115.93658096197326, 36.03382521654576],
              [-115.93740196285414, 36.03446421642878],
              [-115.93906796310871, 36.035751217001355],
              [-115.93947296316466, 36.03606421667448],
              [-115.93948396393361, 36.036073216289324],
              [-115.93951896409375, 36.036100216580365],
              [-115.93963196317334, 36.03618721689024],
              [-115.94001996351084, 36.03648721634501],
              [-115.94145696343658, 36.037597216376874],
              [-115.94318296486391, 36.03894021645839],
              [-115.94460496472098, 36.040046217316636],
              [-115.94673696602919, 36.04170321702609],
              [-115.94744696568367, 36.042256216336426],
              [-115.94745896627757, 36.042265216696336],
              [-115.94748196584378, 36.0422832166867],
              [-115.94751696600386, 36.04231121722847],
              [-115.94753296589738, 36.04232321673121],
              [-115.94801396522303, 36.042697216781804],
              [-115.94880996598953, 36.04331621646192],
              [-115.9517709667779, 36.04561921696394],
              [-115.95762196820954, 36.0501702173293],
              [-115.96250096914756, 36.053965216867496],
              [-115.96644196992716, 36.05702921775311],
              [-115.97884397329749, 36.06667421765751],
              [-115.98544797583791, 36.07181021801401],
              [-115.98805697627378, 36.07384721748241],
              [-115.98885597651503, 36.07446221769673],
              [-115.9889789765387, 36.07455621771075],
              [-115.9931189766116, 36.07777621794499],
              [-115.99531197801916, 36.079482217382285],
              [-116.00066697915824, 36.08386221830751],
              [-116.00490398021384, 36.08712921796449],
              [-116.00540998055213, 36.087520217957795],
              [-116.00553198075086, 36.08761421760681],
              [-116.00556197998978, 36.087637217689185],
              [-116.00558698010414, 36.08765621781523],
              [-116.00567798034074, 36.08772621835473],
              [-116.00579698016642, 36.087818218512645],
              [-116.00949298162193, 36.09066821873959],
              [-116.010102980819, 36.0911382188152],
              [-116.01207298174549, 36.092658218551854],
              [-116.01208598216431, 36.09266821778901],
              [-116.01210298188272, 36.09268121861012],
              [-116.01212998254523, 36.09270221881519],
              [-116.01217498185275, 36.09273721866057],
              [-116.01223498212718, 36.092783217998154],
              [-116.01558898327596, 36.0953702183761],
              [-116.0232499849022, 36.10127821893748],
              [-116.02949398669423, 36.106093218884105],
              [-116.03177398724213, 36.107851218999734],
              [-116.03570398815108, 36.110875219460276],
              [-116.03699698813672, 36.11187921873173],
              [-116.03779998857594, 36.11250321853389],
              [-116.04132498942892, 36.11523821914899],
              [-116.04675099071312, 36.119446218676956],
              [-116.06387099536298, 36.132735219401305],
              [-116.06586799605365, 36.13427922029307],
              [-116.06623599540136, 36.134564219368436],
              [-116.0679339963413, 36.13587722011924],
              [-116.06803499662362, 36.13595521983165],
              [-116.06807299625846, 36.13598421940731],
              [-116.06818299586331, 36.13606922005319],
              [-116.06831199663308, 36.13616922022574],
              [-116.06944899608483, 36.137048219719354],
              [-116.07070999718174, 36.138024220376984],
              [-116.07122299719272, 36.138421219204766],
              [-116.07156199712644, 36.13868322028206],
              [-116.07161199645685, 36.138721219778674],
              [-116.07163599674628, 36.13874021988282],
              [-116.07186499707514, 36.138917220249894],
              [-116.07258799714843, 36.139476219726035],
              [-116.07278399696699, 36.13962821969303],
              [-116.07279699738578, 36.13963822020553],
              [-116.07590099828927, 36.14203822001594],
              [-116.07620799843598, 36.142276220203954],
              [-116.07965599929605, 36.144942220270245],
              [-116.07970399897663, 36.14497922001652],
              [-116.08043799981887, 36.14554822030882],
              [-116.08070599960747, 36.145756220087954],
              [-116.08071899912794, 36.14576622054473],
              [-116.08073199954673, 36.1457762195494],
              [-116.08112999903169, 36.14608521964826],
              [-116.08256500020589, 36.14719521946376],
              [-116.0828549997358, 36.147419219912265],
              [-116.0829170005584, 36.14746721976971],
              [-116.0829259998809, 36.147474219791825],
              [-116.0829530005434, 36.14749422026598],
              [-116.0830249996151, 36.14755021968059],
              [-116.08346600055438, 36.147891220498906],
              [-116.08423200028535, 36.14848421995478],
              [-116.0843970010401, 36.148612220672845],
              [-116.08457000039417, 36.148746220067395],
              [-116.08735500145545, 36.15090222020715],
              [-116.08842500096003, 36.15172922030404],
              [-116.08869400147186, 36.15193721964965],
              [-116.08930600121704, 36.152409219884554],
              [-116.08932000146075, 36.152420219744],
              [-116.090964001974, 36.15369321982497],
              [-116.09258700257087, 36.15495022040522],
              [-116.09311100245253, 36.15535421993142],
              [-116.0931450027877, 36.1553792201874],
              [-116.09361300259286, 36.15581022093916],
              [-116.09417800248237, 36.15626822042404],
              [-116.09467200312511, 36.15660622045986],
              [-116.09722800385751, 36.15835122004661],
              [-116.09868100367675, 36.159478220160786],
              [-116.10520300620144, 36.164550220044035],
              [-116.10854300710649, 36.16714321983954],
              [-116.11028700717887, 36.16850022045798],
              [-116.11562000857661, 36.17264122010931],
              [-116.11562900789914, 36.172648220784716],
              [-116.12202101072751, 36.17763322161048],
              [-116.12398901110586, 36.17913922092064],
              [-116.12526501047475, 36.1801612208944],
              [-116.12590001158279, 36.18066922128588],
              [-116.12913901220553, 36.18317322098611],
              [-116.12914901135295, 36.18318122130396],
              [-116.13013401226536, 36.18394022109872],
              [-116.13407601286985, 36.18697922084074],
              [-116.14566401593031, 36.195911221498584],
              [-116.14637101611005, 36.19645622133064],
              [-116.14849201664929, 36.19809122126225],
              [-116.14860801700026, 36.19818122178337],
              [-116.15400801744687, 36.202343221100286],
              [-116.15447201885067, 36.202701221189685],
              [-116.15518201850516, 36.20324822152537],
              [-116.15529901868102, 36.203338221191856],
              [-116.15533801814075, 36.203368221540956],
              [-116.15537301830086, 36.203395222352704],
              [-116.15579901827321, 36.2037232217784],
              [-116.15835701865545, 36.20569522182134],
              [-116.1592960195371, 36.20641922098775],
              [-116.15931301925555, 36.20643222181261],
              [-116.15938801870028, 36.20649022173079],
              [-116.16371202069284, 36.20982422168485],
              [-116.16873802194394, 36.21369922168161],
              [-116.16906602200702, 36.213952221671455],
              [-116.17648102358595, 36.21967522217432],
              [-116.18389602606324, 36.22539822216113],
              [-116.1896650274791, 36.22985122224104],
              [-116.19115702765637, 36.231006222617076],
              [-116.1912420271469, 36.231072222206144],
              [-116.1937490274755, 36.23300722261742],
              [-116.19405202832253, 36.23324122210101],
              [-116.19409502887852, 36.23327522235168],
              [-116.19410602785086, 36.23328322262166],
              [-116.19499802797854, 36.23397222314533],
              [-116.1990050297787, 36.237065222525146],
              [-116.20269703103627, 36.23991522274522],
              [-116.20323703081144, 36.24033222195438],
              [-116.20383003118837, 36.24079022282453],
              [-116.20422403047534, 36.24109422212286],
              [-116.20423803161738, 36.241105222571015],
              [-116.20425003131292, 36.24111422260723],
              [-116.20426103028527, 36.24112222279953],
              [-116.20430103046824, 36.24115322226912],
              [-116.2043410306512, 36.241184223175495],
              [-116.20447703019533, 36.241289222461226],
              [-116.20499803150057, 36.241691222604594],
              [-116.20841403167529, 36.244328223451525],
              [-116.21265203255578, 36.24760022312907],
              [-116.2150530334775, 36.249448222846496],
              [-116.21506603299798, 36.249458222382685],
              [-116.21574803306338, 36.24995622273172],
              [-116.21933103543931, 36.25270622324002],
              [-116.22886203753461, 36.26002022295242],
              [-116.22893003640836, 36.26007222319719],
              [-116.23055403772845, 36.26131922272449],
              [-116.2413400401746, 36.26959822386926],
              [-116.24585004193999, 36.27305622338449],
              [-116.24967404254372, 36.27604222300867],
              [-116.24991204309342, 36.276228224143644],
              [-116.24998704253818, 36.276287223830984],
              [-116.24999804240882, 36.27629522331869],
              [-116.25079304245212, 36.276916223961074],
              [-116.2508210429395, 36.276937223350686],
              [-116.25083004226204, 36.27694422338737],
              [-116.26170404547004, 36.28523222399968],
              [-116.26184004591249, 36.28533622418625],
              [-116.3208700608108, 36.3303232249314],
              [-116.3211500611933, 36.33053722520309],
              [-116.3269300615815, 36.334949225391874],
              [-116.32781606275971, 36.33561122555849],
              [-116.33552206459177, 36.34148822463484],
              [-116.33597206485359, 36.34183822477542],
              [-116.34298206637658, 36.34718022580081],
              [-116.34559106681245, 36.34917122483496],
              [-116.34902906762677, 36.35179422581207],
              [-116.34916806754397, 36.351900225233884],
              [-116.3491910680085, 36.35191822580391],
              [-116.34922906764335, 36.35194722566846],
              [-116.34932206752974, 36.35201822511667],
              [-116.35000306777022, 36.352537225831675],
              [-116.35002606823477, 36.35255522553095],
              [-116.35504606963808, 36.35639322575553],
              [-116.35508006907496, 36.35641922596113],
              [-116.36565707128372, 36.36446922622043],
              [-116.36894707285842, 36.36697722559165],
              [-116.3712330741524, 36.368719226304435],
              [-116.3728110736451, 36.36992922615542],
              [-116.37392107423096, 36.3708812256869],
              [-116.37437307324426, 36.37126922617224],
              [-116.37502407424583, 36.37182722672872],
              [-116.37520107469616, 36.37197922592748],
              [-116.37527007429311, 36.372038226221676],
              [-116.37528907455969, 36.37205422580334],
              [-116.3753170741488, 36.37207822661633],
              [-116.37541407423318, 36.37216122689954],
              [-116.3754370746977, 36.37218122634452],
              [-116.37589007443424, 36.3725692261326],
              [-116.37591207507387, 36.372588226590715],
              [-116.37783307469824, 36.37370422575498],
              [-116.38035907619175, 36.3749662265099],
              [-116.40462708155854, 36.39389522621497],
              [-116.40465508204593, 36.393917226687435],
              [-116.41176208365333, 36.39944622630625],
              [-116.41501808399448, 36.40199722727385],
              [-116.41505608362931, 36.40202722649821],
              [-116.41687708459288, 36.40345122663408],
              [-116.41719608533343, 36.403700226537865],
              [-116.41853308480171, 36.404742227287606],
              [-116.4185740857079, 36.40477422672731],
              [-116.4187220849476, 36.404890226845026],
              [-116.41924708465416, 36.40529922633965],
              [-116.422311086273, 36.407687227450374],
              [-116.4396540905056, 36.42118122766544],
              [-116.44237009196993, 36.42329422766335],
              [-116.44521309185922, 36.42550622713932],
              [-116.4452410923466, 36.42552822733523],
              [-116.4721480991848, 36.44656322803539],
              [-116.47259109887558, 36.44687422787489],
              [-116.47350809911765, 36.44761022859538],
              [-116.48824510238912, 36.45910222778119],
              [-116.48841410334184, 36.459224227997154],
              [-116.48844310275584, 36.45924522809201],
              [-116.50089410652996, 36.46822822785719],
              [-116.51987911072769, 36.48285822835828],
              [-116.52257911229843, 36.4849362289396],
              [-116.52258911144588, 36.48494322833538],
              [-116.5226111111872, 36.48496022882579],
              [-116.52265111137015, 36.48499122881825],
              [-116.5226601124893, 36.48499822965361],
              [-116.52267211128655, 36.48500822929819],
              [-116.52271511184257, 36.48504122847715],
              [-116.52274011195695, 36.48506022887352],
              [-116.52282811182049, 36.48512822926559],
              [-116.52298911237729, 36.48525222961447],
              [-116.52306611237016, 36.48531122838861],
              [-116.5230831120886, 36.48532422895711],
              [-116.52321411160987, 36.48542522957744],
              [-116.52970611309898, 36.490430229270544],
              [-116.5299091134886, 36.49058622925104],
              [-116.53454611457728, 36.494178229575105],
              [-116.5419951164914, 36.49995722864412],
              [-116.54363011678385, 36.50119622976596],
              [-116.54465911807718, 36.501976229301796],
              [-116.55976012139674, 36.51342723014114],
              [-116.56097912176256, 36.51435122955482],
              [-116.58549912702442, 36.532947230188334],
              [-116.59044212933318, 36.53669223015848],
              [-116.5939781300568, 36.53937223011666],
              [-116.59516313008744, 36.54027123035525],
              [-116.59530912967729, 36.54038123084688],
              [-116.59657813027184, 36.54134422971492],
              [-116.60800313312566, 36.550009230679656],
              [-116.61821813673284, 36.557757231263885],
              [-116.62595313797893, 36.56362323121571],
              [-116.65689514530806, 36.58709323065118],
              [-116.65736114546336, 36.58744323100602],
              [-116.65825514613918, 36.58811423165021],
              [-116.66168014743306, 36.5907112311667],
              [-116.67830315196542, 36.603311231939706],
              [-116.6896411538823, 36.611906231656],
              [-116.69192915482613, 36.61364023142934],
              [-116.70629415765363, 36.62453223242813],
              [-116.70684515819777, 36.6249522323019],
              [-116.7102601594459, 36.62754023168938],
              [-116.71195516001278, 36.628827231886625],
              [-116.71851916147192, 36.63380223186903],
              [-116.72774416324548, 36.640803232419856],
              [-116.73024416390143, 36.64268823311979],
              [-116.75093816980804, 36.65838223302653],
              [-116.75316016973132, 36.66007123287674],
              [-116.75317117050028, 36.66007923321367],
              [-116.7590921713538, 36.66457823314462],
              [-116.76036217177322, 36.66554323307946],
              [-116.76040317267945, 36.665574232716956],
              [-116.76041217200195, 36.66558123305179],
              [-116.76044017248937, 36.6656032334823],
              [-116.76048117249724, 36.66563423309568],
              [-116.76071017192778, 36.66580823306466],
              [-116.76077117202715, 36.66585423336345],
              [-116.76101717207446, 36.66604123255621],
              [-116.76294117297019, 36.66750323285444],
              [-116.77495217562995, 36.67662923327013],
              [-116.78611417871805, 36.68511023333926],
              [-116.7868711791265, 36.6856872336325],
              [-116.78702117891433, 36.68580123318456],
              [-116.79150017981927, 36.68920323330904],
              [-116.79251517997061, 36.68997423353598],
              [-116.79783818132262, 36.69402023343575],
              [-116.81155218494517, 36.70444223346406],
              [-116.8118981845516, 36.704705233406756],
              [-116.81883618610455, 36.709978233598335],
              [-116.82023518729376, 36.711038234362306],
              [-116.82126218714062, 36.7118172338079],
              [-116.82626218935077, 36.715617234283066],
              [-116.83029519019189, 36.71868123443534],
              [-116.83664019136795, 36.72350323474407],
              [-116.83733019182924, 36.724027234069176],
              [-116.83753419204373, 36.72418223451446],
              [-116.83756219163284, 36.724203234634324],
              [-116.83816719170532, 36.72466223407165],
              [-116.8428821926118, 36.72824523389542],
              [-116.84348419320958, 36.72870323432378],
              [-116.84506119377569, 36.729899234926826],
              [-116.8451741937536, 36.72998523422463],
              [-116.84529719377724, 36.73007923368172],
              [-116.84623119373771, 36.73078923433512],
              [-116.84734519452152, 36.73163723375012],
              [-116.84817819419966, 36.73226923417114],
              [-116.84925719392508, 36.733096234676694],
              [-116.85665819615865, 36.73871623367348],
              [-116.85824919696847, 36.73992423407716],
              [-116.86388619813987, 36.74420523429517],
              [-116.86629719910732, 36.746036234130614],
              [-116.87145419987968, 36.749952234092014],
              [-116.87212020005154, 36.75045723441113],
              [-116.87222620035676, 36.75053723439902],
              [-116.87228020078342, 36.750578234126536],
              [-116.87229920015169, 36.75059223443227],
              [-116.87231220057048, 36.75060223495753],
              [-116.87233620085992, 36.75062123480031],
              [-116.87374420137161, 36.75169023451473],
              [-116.87426620070514, 36.75208623468895],
              [-116.8759052011955, 36.75331323471004],
              [-116.88068620312256, 36.756925234714565],
              [-116.88937720496875, 36.76348723475099],
              [-116.89403220649909, 36.76700323494929],
              [-116.92792021454795, 36.79259323584589],
              [-116.9292532147166, 36.79359623538182],
              [-116.92996421509432, 36.79413123570599],
              [-116.9300112158483, 36.79416723556674],
              [-116.94246621802375, 36.8035722360467],
              [-116.95012922019812, 36.80935923538461],
              [-116.95019422049545, 36.8094082359174],
              [-116.95025522059481, 36.80945423583129],
              [-116.95027222031324, 36.8094672350202],
              [-116.95029922007745, 36.80948823553099],
              [-116.9503602201768, 36.809534235396754],
              [-116.95043222014684, 36.80958823582939],
              [-116.95053022005612, 36.80966223553456],
              [-116.95072222057506, 36.809807235595116],
              [-116.95299722110008, 36.81152523612295],
              [-116.95339622040991, 36.81182623624098],
              [-116.95788922245687, 36.815218236121765],
              [-116.95854522168469, 36.815712235596415],
              [-116.95875922194492, 36.815874235932434],
              [-116.96841922480999, 36.82316823590356],
              [-116.97521322642291, 36.82829823583818],
              [-116.97536022673599, 36.82840923592067],
              [-116.97537422608141, 36.82842023654842],
              [-116.98708022914263, 36.837259236228896],
              [-116.98725122884686, 36.837388236802546],
              [-116.98784423012209, 36.83783523608724],
              [-116.9948482317973, 36.84311823621059],
              [-116.99517323148733, 36.843364236159545],
              [-116.99848723245313, 36.84587123624429],
              [-116.9985482325525, 36.84591723580769],
              [-116.9986262323703, 36.8459762362386],
              [-116.99863823296417, 36.84598523658055],
              [-116.99889423215889, 36.84617923610629],
              [-116.99906023273856, 36.846304236914655],
              [-116.9990922325256, 36.84632823580426],
              [-116.99933423237495, 36.846511236435234],
              [-116.99943923195691, 36.84659023685117],
              [-117.00090723274309, 36.847699236067],
              [-117.00402323334217, 36.849740236346655],
              [-117.00645523512433, 36.8515502370227],
              [-117.01291223645339, 36.85635423651565],
              [-117.02417023890263, 36.86485523665387],
              [-117.02528123931343, 36.86566723718155],
              [-117.03798824228224, 36.874948237338074],
              [-117.05684124713383, 36.88899423765489],
              [-117.06449424926247, 36.89468623767941],
              [-117.06834825000341, 36.89757323735636],
              [-117.08661225467603, 36.911319237927586],
              [-117.09471225669341, 36.91746023749427],
              [-117.09839225735709, 36.920250238054095],
              [-117.09859325809686, 36.920402237462035],
              [-117.10015525859436, 36.92158623759752],
              [-117.10565625932331, 36.9257572370394],
              [-117.11083426091038, 36.929683237860836],
              [-117.12011326400892, 36.93676723783498],
              [-117.12591126483879, 36.94119123779383],
              [-117.12871326561852, 36.94330923795443],
              [-117.12900626552147, 36.94353123764772],
              [-117.13160426608668, 36.94549323768787],
              [-117.13198726640134, 36.94578223832996],
              [-117.13314426594455, 36.946609237811586],
              [-117.13367826677025, 36.94700923861074],
              [-117.13758226773993, 36.94993423841225],
              [-117.14421026967149, 36.95476123787421],
              [-117.14457326899634, 36.955026238633735],
              [-117.15120927132385, 36.959873237877645],
              [-117.16601327454248, 36.9711162376132],
              [-117.1690142755138, 36.973397238667715],
              [-117.16944827588208, 36.97372523879016],
              [-117.16948627551692, 36.97375323813123],
              [-117.16950727633163, 36.97376923795512],
              [-117.16954927616442, 36.97380123831047],
              [-117.1695622756849, 36.9738112383739],
              [-117.1731462760891, 36.97651923791157],
              [-117.18290327903856, 36.983887239234065],
              [-117.18496027910535, 36.98541223826098],
              [-117.18649128053904, 36.98654523843243],
              [-117.1874882802487, 36.98728323854399],
              [-117.19061828109149, 36.98958723815062],
              [-117.19092528123814, 36.9898132387297],
              [-117.19106228060717, 36.98991423929527],
              [-117.19115028136905, 36.989978238610945],
              [-117.19116628126255, 36.989990239149314],
              [-117.19132128107324, 36.99010423878798],
              [-117.19224428116307, 36.99078323842116],
              [-117.19465128193256, 36.99255523848233],
              [-117.19490628220069, 36.992743238176764],
              [-117.19599428304527, 36.99354423814728],
              [-117.19632228310832, 36.993785238911265],
              [-117.19637528281177, 36.99382423852248],
              [-117.19640328329916, 36.993844238407334],
              [-117.19643828256096, 36.99387023932604],
              [-117.196582282501, 36.993976238232996],
              [-117.19761528219568, 36.99473623868579],
              [-117.19929628341717, 36.99597423872593],
              [-117.20054628374515, 36.99689423928399],
              [-117.20077528317567, 36.997062238545915],
              [-117.2011982836733, 36.99737323852326],
              [-117.20191128370084, 36.997898238851796],
              [-117.20280128417869, 36.99855223929504],
              [-117.20435828465328, 36.999699238793696],
              [-117.20466728444977, 36.99992723892558],
              [-117.20503928489377, 37.00020723875625],
              [-117.22663129077584, 37.01646923926811],
              [-117.24044729360736, 37.026875238846316],
              [-117.24492929488534, 37.030249238997335],
              [-117.2509152960362, 37.03462323905894],
              [-117.2509152960362, 37.03451523947026],
              [-117.26605830008685, 37.0449152393353],
              [-117.266309300157, 37.045103240016246],
              [-117.28077430344193, 37.05592823985682],
              [-117.28604830528847, 37.05987423940313],
              [-117.28646930523794, 37.060190239739924],
              [-117.30792831105065, 37.07624824010877],
              [-117.31884231354334, 37.08441423975833],
              [-117.32273931394197, 37.08733124002133],
              [-117.34399531936509, 37.103237240318734],
              [-117.35790632352945, 37.11364724026376],
              [-117.37123132698957, 37.12361924028075],
              [-117.37247432674651, 37.12451724033585],
              [-117.37346332695859, 37.12493724023194],
              [-117.37591732848207, 37.12684824045049],
              [-117.38641132995184, 37.134753241055485],
              [-117.40549733533024, 37.149189240735275],
              [-117.41755533784564, 37.15822824095746],
              [-117.43152234208651, 37.16876524073614],
              [-117.44446734470674, 37.17853124135006],
              [-117.44865034623396, 37.18168724132559],
              [-117.45466334804732, 37.18620724146267],
              [-117.46074834983067, 37.19078124176774],
              [-117.4743073527442, 37.20097424164003],
              [-117.47452935340037, 37.20114124087557],
              [-117.47571235288287, 37.2020302415215],
              [-117.47656435372589, 37.20267124145853],
              [-117.479008353407, 37.20450824154527],
              [-117.4965453587067, 37.21769024182382],
              [-117.49657535794559, 37.217713242308946],
              [-117.49659235856235, 37.217726241958026],
              [-117.49666835873033, 37.21778324165843],
              [-117.49675135857102, 37.21784624180429],
              [-117.49882435853137, 37.21940424162769],
              [-117.5001293591109, 37.22038524188617],
              [-117.50092135967947, 37.22028724215323],
              [-117.50618536148026, 37.22416024172298],
              [-117.51277836325174, 37.229007241326755],
              [-117.52725636605714, 37.23962724157826],
              [-117.53408836820323, 37.2446642419691],
              [-117.53416236782304, 37.24471924188185],
              [-117.53676436858623, 37.24663724138664],
              [-117.54089736988475, 37.24993624136912],
              [-117.54458837041909, 37.25257724207546],
              [-117.55122137237352, 37.25734324160802],
              [-117.55189037202013, 37.25782124236686],
              [-117.55190037296421, 37.25782824208472],
              [-117.55204737237895, 37.257934241613874],
              [-117.58143037958365, 37.278941242089665],
              [-117.60638538683534, 37.29755324261274],
              [-117.60932838718203, 37.29974924259969],
              [-117.6109373866369, 37.30095024168141],
              [-117.62546939076725, 37.31179524223221],
              [-117.62592639160007, 37.31206724195538],
              [-117.63448039317892, 37.318531242601836],
              [-117.64735439655233, 37.32833524218387],
              [-117.65342239861724, 37.33293924287721],
              [-117.66954040173795, 37.34512524227659],
              [-117.66962940232472, 37.345193242849746],
              [-117.66983040216617, 37.34534424249492],
              [-117.669846402958, 37.34535624243948],
              [-117.66987740202184, 37.34537924250647],
              [-117.67189740227872, 37.346895242469614],
              [-117.67259040311309, 37.347411242693525],
              [-117.67265040338754, 37.34745624320093],
              [-117.68010840462422, 37.353020242333315],
              [-117.68025340528746, 37.3531292432909],
              [-117.68046640482449, 37.35328824323126],
              [-117.68047640487022, 37.35329524263707],
              [-117.68053440459656, 37.353339242763525],
              [-117.6806224053584, 37.35340424319534],
              [-117.68547440563393, 37.35669524287915],
              [-117.69032740753102, 37.35998624250159],
              [-117.6919624069251, 37.361095242722236],
              [-117.69359740811586, 37.36220424226249],
              [-117.69404240835476, 37.3625052432018],
              [-117.69448740859369, 37.36280724251819],
              [-117.6983854097156, 37.36545124291784],
              [-117.70228340993917, 37.36809524225057],
              [-117.70247340990996, 37.3682222432362],
              [-117.70266341077907, 37.36834924257894],
              [-117.70429641052336, 37.369460242419485],
              [-117.70593241153902, 37.370569242551824],
              [-117.70915141207026, 37.372753242263045],
              [-117.71237041260146, 37.37493624250157],
              [-117.71281641266532, 37.37532424311501],
              [-117.71308541227883, 37.37555724340199],
              [-117.71347841263923, 37.37585024331765],
              [-117.7138554131061, 37.37613224290354],
              [-117.71634541371625, 37.3779922430171],
              [-117.71991341422694, 37.38064924299972],
              [-117.72198041523782, 37.382186243080056],
              [-117.72563741633527, 37.384916243231444],
              [-117.72849741684132, 37.38704724264577],
              [-117.729425416954, 37.38774024290786],
              [-117.7313804178119, 37.389198242519434],
              [-117.73426141823433, 37.391344243183276],
              [-117.7388634191629, 37.394777242863924],
              [-117.73896641909506, 37.39485424296175],
              [-117.73898041933877, 37.39486424309844],
              [-117.73908741946892, 37.394944243430025],
              [-117.73912841947678, 37.394975242955674],
              [-117.73913741879929, 37.39498224346842],
              [-117.73922041953828, 37.39504424247547],
              [-117.73993141991598, 37.395574242968195],
              [-117.74849542243886, 37.40195824305489],
              [-117.74856042183787, 37.402007242778026],
              [-117.75093942211998, 37.40360324366404],
              [-117.75220942253942, 37.40455624319668],
              [-117.75222542243294, 37.40456824294877],
              [-117.75306242320735, 37.405197243201464],
              [-117.75334142286661, 37.40540624276785],
              [-117.75338942344551, 37.40544224303719],
              [-117.75462642335468, 37.40637124380669],
              [-117.75586342416216, 37.4072992433422],
              [-117.76032342480052, 37.410647242516305],
              [-117.76478342543889, 37.413995243326994],
              [-117.76629442678106, 37.41512824374666],
              [-117.76667042652468, 37.415410243283155],
              [-117.76783642718706, 37.4162852427577],
              [-117.76855842743544, 37.41682524361915],
              [-117.77012342830596, 37.41800224333321],
              [-117.77014342749915, 37.418018242746655],
              [-117.7701614279408, 37.41803124347153],
              [-117.77019342772786, 37.41805524293788],
              [-117.77033042799522, 37.41815824335458],
              [-117.77092242764891, 37.418603243166494],
              [-117.77329142788527, 37.42038224283895],
              [-117.77412842865968, 37.42100924325288],
              [-117.77496142833779, 37.421636243410916],
              [-117.77555242906489, 37.422079242802724],
              [-117.77614242906877, 37.42252324264263],
              [-117.78694143193371, 37.43062624378208],
              [-117.78792043210002, 37.4313612431686],
              [-117.7950274346057, 37.436696243811404],
              [-117.79564043417582, 37.43715624358902],
              [-117.79945543455871, 37.44002024307349],
              [-117.79969143456026, 37.44019724314382],
              [-117.79997343549088, 37.440408243422134],
              [-117.80018243482995, 37.4405642431203],
              [-117.80020543529447, 37.44058224336629],
              [-117.80023043540882, 37.44060124286839],
              [-117.80223543559713, 37.44210224320908],
              [-117.8023384355293, 37.44217924316353],
              [-117.80315943641017, 37.44279324362388],
              [-117.80579343606207, 37.44476524345654],
              [-117.80848743688676, 37.446781242876675],
              [-117.81464743811487, 37.4513922432467],
              [-117.81677643905003, 37.45298724303181],
              [-117.82200144049276, 37.45689824397342],
              [-117.82334444070713, 37.45790324356685],
              [-117.82722944141024, 37.46081224344011],
              [-117.82754544177773, 37.461049243391166],
              [-117.82758744250884, 37.46108024336534],
              [-117.83148744328055, 37.46399824422762],
              [-117.83150244334915, 37.464009243349054],
              [-117.8327384434334, 37.46493424399287],
              [-117.83751144496453, 37.468508243156364],
              [-117.83847244468919, 37.46922724344045],
              [-117.83852544439264, 37.46926624316492],
              [-117.83916944482321, 37.46974724355977],
              [-117.84373744631489, 37.473168243115644],
              [-117.84400144590553, 37.473366243406375],
              [-117.84401544704757, 37.47337624375281],
              [-117.84620644700867, 37.47501524374007],
              [-117.84624144627047, 37.475042243434984],
              [-117.8462634469101, 37.4750592430003],
              [-117.85131344755233, 37.478839244310635],
              [-117.85268744862718, 37.479867243547766],
              [-117.85270844854354, 37.47988324399278],
              [-117.85272044823913, 37.479892244018835],
              [-117.856210448932, 37.482504243861065],
              [-117.85825344965345, 37.48403424391385],
              [-117.85870745011322, 37.48437424418533],
              [-117.86615645202734, 37.489951244293195],
              [-117.86651645187744, 37.49021924381209],
              [-117.8668294518719, 37.490454243859624],
              [-117.86683545171968, 37.49045824393897],
              [-117.8714194531049, 37.49388924378613],
              [-117.87593945491605, 37.49727224341199],
              [-117.87833545491657, 37.49876924406811],
              [-117.90463746168228, 37.51584124324779],
              [-117.90805346275535, 37.51841124343582],
              [-117.91311846346619, 37.522250244205416],
              [-117.91331646383291, 37.522398243821144],
              [-117.9135134634764, 37.522546243143275],
              [-117.91562346414497, 37.52413024384408],
              [-117.9197144656107, 37.52719824365371],
              [-117.92380346562999, 37.53026424440737],
              [-117.93145846830676, 37.536005243553696],
              [-117.93598846926533, 37.53931824376523],
              [-117.93703746975183, 37.54008224358574],
              [-117.94267847112118, 37.5443472436469],
              [-117.9427374706724, 37.544391243368516],
              [-117.97545147945962, 37.56904424387051],
              [-117.9757884788452, 37.56929824372935],
              [-117.97596747894535, 37.56943424431246],
              [-117.97665547975684, 37.569954243623826],
              [-117.97955447972261, 37.57214624446422],
              [-117.98304748078856, 37.57439224431179],
              [-117.9831224811316, 37.57444024394332],
              [-117.983403481339, 37.57462124366976],
              [-117.98683948250354, 37.57693824394495],
              [-117.98696648182684, 37.57702524446248],
              [-117.98792048187877, 37.57772824401488],
              [-117.98900248287556, 37.578525243955006],
              [-117.99162648338005, 37.58045924422696],
              [-117.99173248368527, 37.58054024419576],
              [-117.99177048332008, 37.58056924392587],
              [-117.99266748347064, 37.581264243800035],
              [-117.99268448318907, 37.581277244609566],
              [-117.99558448387808, 37.583523244549795],
              [-117.99584948419196, 37.583714244067984],
              [-117.99797948495201, 37.58524724408176],
              [-118.0001114853619, 37.586781244711744],
              [-118.00097448607559, 37.58740124415382],
              [-118.00117048589416, 37.587534243992856],
              [-118.00428448594508, 37.58965424377786],
              [-118.00734248681782, 37.59173624398494],
              [-118.00740048654417, 37.59177524376747],
              [-118.00812048804102, 37.59229724452878],
              [-118.00884148846445, 37.59282024454733],
              [-118.00909448818445, 37.59300224450286],
              [-118.00934348770647, 37.593184244013244],
              [-118.00988748767962, 37.593576244129935],
              [-118.01042948800291, 37.59396824431702],
              [-118.01243248854135, 37.595417244371],
              [-118.01247848857211, 37.595451244179856],
              [-118.01327448844033, 37.59602724347932],
              [-118.01420448910113, 37.59670224455797],
              [-118.01513848995992, 37.597375243763594],
              [-118.0162774890615, 37.59820124401302],
              [-118.0192124908089, 37.60032524443853],
              [-118.01942149014796, 37.600476244103014],
              [-118.0194784900494, 37.600517244222985],
              [-118.01949948996577, 37.60053224374041],
              [-118.01952049078048, 37.600547244678324],
              [-118.01953449012586, 37.600558244320304],
              [-118.01954549089481, 37.60056624477063],
              [-118.02329849135343, 37.60328124373882],
              [-118.02366449194965, 37.60354824470558],
              [-118.02405749141172, 37.603814244078706],
              [-118.02452449139197, 37.60417024450187],
              [-118.02456249102678, 37.60419924356574],
              [-118.02804949314329, 37.606721244211336],
              [-118.02861249248467, 37.60712924437775],
              [-118.03190949373199, 37.60951524418456],
              [-118.03205349277373, 37.60961924385381],
              [-118.03266849379028, 37.61006324441879],
              [-118.03312449300155, 37.61039224429615],
              [-118.03325249394639, 37.61048424402097],
              [-118.03477449426093, 37.61158224431239],
              [-118.03749349430163, 37.61354324389582],
              [-118.03990649581725, 37.615337244101525],
              [-118.0399244953606, 37.6153522434769],
              [-118.0399754954142, 37.61539424370442],
              [-118.04023049568232, 37.6156042444861],
              [-118.04027649571309, 37.615641244325154],
              [-118.04031449624622, 37.6156722441377],
              [-118.04034449548516, 37.61569624416732],
              [-118.04134449556786, 37.61647824468932],
              [-118.04191549620347, 37.61692424435789],
              [-118.0439374970085, 37.61850624413195],
              [-118.0441764964848, 37.618691243749986],
              [-118.04442749655497, 37.61886824371519],
              [-118.04443649587748, 37.618875244609676],
              [-118.04576449692155, 37.61993324445139],
              [-118.04711149733389, 37.62098624429269],
              [-118.04842049721309, 37.62201024422686],
              [-118.04973149853873, 37.62303524466311],
              [-118.05013149767349, 37.62334224441322],
              [-118.05101849867661, 37.62402624423364],
              [-118.05135949826017, 37.62428724398527],
              [-118.05137049902912, 37.62429524401774],
              [-118.05161049922863, 37.62447924381457],
              [-118.05220149815912, 37.62493524453438],
              [-118.05326049869136, 37.62569824457203],
              [-118.05426649862186, 37.62642224450685],
              [-118.05432049994685, 37.62646124460383],
              [-118.05462249917232, 37.62667824487947],
              [-118.05473349860208, 37.62675824472618],
              [-118.05495549925824, 37.626918244161274],
              [-118.0588015005016, 37.62968624404042],
              [-118.05887250064671, 37.62973724444095],
              [-118.05993750102674, 37.630504244667264],
              [-118.06312750124566, 37.63280124453515],
              [-118.06372650147038, 37.63323224441773],
              [-118.06489550160747, 37.63407424421735],
              [-118.0668175028534, 37.63545824400671],
              [-118.06690850219167, 37.6355242442882],
              [-118.06725550252132, 37.635774244089944],
              [-118.06783550337776, 37.63619224476484],
              [-118.06810450299128, 37.636384244429735],
              [-118.06921750305189, 37.637185244281554],
              [-118.06975250280419, 37.63757024385521],
              [-118.07084850314638, 37.638361244867646],
              [-118.07200250411317, 37.63919124439122],
              [-118.07203650355004, 37.63921624481152],
              [-118.07222550369592, 37.639352244247526],
              [-118.07246950409339, 37.639528244654464],
              [-118.07352850462566, 37.640290244823085],
              [-118.07458750425957, 37.641052244289476],
              [-118.07686350550782, 37.642689244626915],
              [-118.08073450596723, 37.64547724466286],
              [-118.08219050615952, 37.646525244344794],
              [-118.08223550636534, 37.6465592442606],
              [-118.0832035057627, 37.64725624443893],
              [-118.08322850587705, 37.647274244637515],
              [-118.08356050613807, 37.64751324421346],
              [-118.08370150660339, 37.6476152439799],
              [-118.08936050841439, 37.65169124427237],
              [-118.08944150860523, 37.65174824444599],
              [-118.09729050965414, 37.657399244214325],
              [-118.0973295100122, 37.65742724464806],
              [-118.09919551028334, 37.658771244516835],
              [-118.10105851107969, 37.66011424435738],
              [-118.10189151075782, 37.66071124492843],
              [-118.10195551123024, 37.66075724388816],
              [-118.10726251268875, 37.66457924447778],
              [-118.10741951304757, 37.664692243666565],
              [-118.1135115136053, 37.66908624455858],
              [-118.11960451578462, 37.6734822449416],
              [-118.1234545172259, 37.676256244001856],
              [-118.12347951644195, 37.67627424499087],
              [-118.1258615170971, 37.67799124397453],
              [-118.12828351793523, 37.67974924424427],
              [-118.12936851750844, 37.68053624406448],
              [-118.12939651799583, 37.68055624464133],
              [-118.12940251874191, 37.680560244471685],
              [-118.13015351840428, 37.68110724447764],
              [-118.13018551819134, 37.68113024510569],
              [-118.13019551823707, 37.681137244399],
              [-118.13068451885695, 37.68149224456142],
              [-118.13118251790098, 37.68185424367253],
              [-118.13131451814547, 37.68194824509314],
              [-118.13356751892918, 37.683548244454926],
              [-118.13455751896616, 37.68430124410483],
              [-118.13792951965824, 37.68674624510706],
              [-118.13825952026946, 37.68698624437655],
              [-118.15074552330533, 37.69598824439415],
              [-118.15086052293309, 37.696081244146185],
              [-118.1514035230813, 37.69646424449412],
              [-118.15398952484925, 37.69833424383447],
              [-118.1571175251439, 37.70059524434343],
              [-118.15767552536073, 37.70099924490402],
              [-118.15950552564685, 37.702324244903444],
              [-118.1599975257414, 37.70268024388032],
              [-118.16055552595823, 37.70308424444944],
              [-118.1611795262973, 37.70353624440434],
              [-118.16130352614587, 37.70362424462851],
              [-118.16238752589416, 37.70440824414622],
              [-118.16291452614885, 37.704789244145815],
              [-118.1630235259288, 37.70486824443785],
              [-118.16403252713064, 37.705597244256474],
              [-118.16404352700131, 37.705605244769416],
              [-118.16406852711567, 37.70562324503205],
              [-118.16579652729452, 37.70687224448462],
              [-118.16792552733135, 37.70841124509152],
              [-118.17376652961556, 37.712635244629645],
              [-118.17395152956348, 37.71277124458033],
              [-118.17580052921782, 37.71419324440383],
              [-118.17749053066018, 37.7154942439959],
              [-118.17772653066173, 37.715573244246464],
              [-118.17785653035806, 37.71562724486401],
              [-118.17791853028234, 37.71564024420406],
              [-118.17909353026722, 37.716583244911476],
              [-118.18017253089096, 37.71745024413237],
              [-118.18035753083889, 37.71740324497729],
              [-118.18243253134736, 37.71890424497797],
              [-118.18317453168723, 37.71944124421291],
              [-118.18450653203095, 37.72040524512137],
              [-118.18471053134714, 37.72055224466251],
              [-118.18521853133525, 37.72096224447082],
              [-118.18535653142752, 37.721063244418396],
              [-118.18541953207502, 37.721108244561776],
              [-118.18663153276813, 37.72198624496775],
              [-118.18792953277668, 37.72292524409277],
              [-118.18941053308332, 37.72401424448764],
              [-118.18943953339563, 37.72403524372132],
              [-118.19135653372038, 37.72540724446466],
              [-118.19172053376846, 37.725686244892614],
              [-118.19173153363909, 37.72569424394711],
              [-118.1921675336572, 37.72599424410372],
              [-118.19249053369738, 37.72622824460442],
              [-118.19323753406009, 37.72677124430241],
              [-118.20109053620527, 37.73249124438822],
              [-118.20118953593949, 37.732563244152075],
              [-118.20864053750346, 37.73796124379209],
              [-118.21127453805367, 37.73987124421237],
              [-118.21351953933979, 37.741496244413696],
              [-118.21362253927195, 37.741570244345176],
              [-118.22545154235681, 37.749998244554256],
              [-118.22965254342738, 37.753017243832616],
              [-118.22969954238475, 37.753061244399674],
              [-118.2297305432452, 37.753090244985096],
              [-118.22979754319233, 37.753155244296664],
              [-118.22984054285006, 37.753188245018016],
              [-118.2326505440257, 37.755227244550056],
              [-118.23283754452177, 37.75536324441582],
              [-118.23346454343724, 37.755818245016336],
              [-118.23370454453507, 37.755992244715465],
              [-118.23377454485527, 37.756042244251255],
              [-118.23804354569792, 37.75913924404494],
              [-118.23923954559922, 37.76000724423383],
              [-118.23955854544143, 37.76023824462427],
              [-118.24190954613444, 37.76194424466544],
              [-118.24238454651059, 37.76228924490389],
              [-118.24269854632996, 37.7625172440981],
              [-118.24296754684177, 37.7627122440007],
              [-118.24301654724557, 37.76274824446183],
              [-118.24322454675972, 37.762888244352716],
              [-118.24350354731729, 37.76310124448494],
              [-118.24411054703963, 37.76354224500941],
              [-118.24465454701274, 37.763936244168676],
              [-118.2446935473708, 37.76396524475204],
              [-118.24470554706637, 37.76397424382881],
              [-118.24472154695988, 37.76398524482943],
              [-118.2447775470364, 37.76402424436104],
              [-118.24498454762394, 37.76417524422931],
              [-118.24821554785076, 37.766579244457155],
              [-118.25096854912496, 37.768627244797095],
              [-118.25176854919113, 37.76920324448194],
              [-118.25359354945434, 37.770517244346074],
              [-118.25651955008263, 37.772620244282386],
              [-118.25683555045013, 37.77284724380323],
              [-118.25715154991929, 37.77307424475739],
              [-118.25989955117066, 37.77505024460388],
              [-118.26264755152368, 37.77702624418068],
              [-118.26977855342052, 37.782157244280555],
              [-118.27117855443463, 37.78316524393667],
              [-118.27122455356707, 37.78319724441063],
              [-118.27123155413807, 37.78320124509007],
              [-118.27341155422852, 37.78477024448129],
              [-118.27363755418435, 37.7849332449194],
              [-118.27454055418268, 37.785583243866675],
              [-118.27801655553014, 37.788085244441575],
              [-118.27804755549231, 37.78810724423611],
              [-118.27806355538583, 37.78811924405669],
              [-118.27808055600258, 37.788131244585294],
              [-118.2780965558961, 37.78814224412151],
              [-118.27811155506642, 37.78815324507602],
              [-118.27861955595284, 37.788519244534406],
              [-118.27882655564207, 37.78866824423692],
              [-118.28396255649803, 37.792363244625605],
              [-118.28478955722672, 37.79295824448712],
              [-118.28507355690881, 37.79316124460471],
              [-118.28930455811665, 37.796203244938646],
              [-118.29051355843671, 37.79707324406818],
              [-118.29540155959558, 37.80058824426603],
              [-118.29572956055696, 37.80081724399796],
              [-118.2963175600127, 37.80124824423353],
              [-118.29652156022718, 37.801394244935366],
              [-118.29675055965775, 37.8015582442906],
              [-118.30160156190497, 37.80504524397319],
              [-118.31001256336866, 37.81109724446211],
              [-118.31036156334814, 37.81134824422591],
              [-118.3103875632874, 37.81136724429202],
              [-118.31310156420358, 37.81332024431966],
              [-118.31336656451741, 37.813511243881294],
              [-118.31369656423033, 37.81374824417385],
              [-118.31858156591443, 37.81726324414816],
              [-118.32766856759574, 37.823744245014474],
              [-118.328622568546, 37.824428245123514],
              [-118.33221656899597, 37.82701024431792],
              [-118.33459057015348, 37.82871524458014],
              [-118.3385595705222, 37.83156724392706],
              [-118.34458457203108, 37.83589424463631],
              [-118.35060257386728, 37.8402212448218],
              [-118.3538905739955, 37.8425832448077],
              [-118.3571775751971, 37.84494624385494],
              [-118.3591755757127, 37.846381244732584],
              [-118.3611735762283, 37.847815244459674],
              [-118.36688057771987, 37.85191724434619],
              [-118.37258457973672, 37.85601724497392],
              [-118.37594858003293, 37.85866824454509],
              [-118.37753758119291, 37.85980824432655],
              [-118.38020758172813, 37.86172524413982],
              [-118.39854358637075, 37.87488824408694],
              [-118.40387858741835, 37.87868724434591],
              [-118.40401458696248, 37.87878324418543],
              [-118.40654658740544, 37.88065624414435],
              [-118.40658358721537, 37.88068324409909],
              [-118.42815659283089, 37.89622524448868],
              [-118.43394159414028, 37.90039624426294],
              [-118.43519059464334, 37.9012942443833],
              [-118.43727559519755, 37.902781244357925],
              [-118.43913859599392, 37.904138244109596],
              [-118.44407859792966, 37.907696244484924],
              [-118.45066659877992, 37.912442243870146],
              [-118.45172659913707, 37.91320824418053],
              [-118.45193559937447, 37.91335924370956],
              [-118.45199259927587, 37.913400243720595],
              [-118.45204259860625, 37.91343624371144],
              [-118.45206159887285, 37.91345024441187],
              [-118.45207259964181, 37.91345824369722],
              [-118.46133460212363, 37.9201572444292],
              [-118.46134360144613, 37.92016324387773],
              [-118.46159260186646, 37.92033724468034],
              [-118.46185060160934, 37.92051724378232],
              [-118.46198160202891, 37.92060924474369],
              [-118.46211260155016, 37.920700244271984],
              [-118.47075260424103, 37.92693024359902],
              [-118.47360760382585, 37.92897624477386],
              [-118.47369360493792, 37.92903824366305],
              [-118.47541860564202, 37.930275244457576],
              [-118.48215760700336, 37.93513724422682],
              [-118.48217160634877, 37.93514724410451],
              [-118.48218360694261, 37.9351562442767],
              [-118.48219860701126, 37.935167243855865],
              [-118.4822156067297, 37.93517924384575],
              [-118.48643060804397, 37.9382202446679],
              [-118.4868336075518, 37.93851024470054],
              [-118.4890726080918, 37.940124244091606],
              [-118.49258560924922, 37.94265624386839],
              [-118.49560061046425, 37.94482424413856],
              [-118.49605560985063, 37.94515124394206],
              [-118.50097661151975, 37.94902824366092],
              [-118.51631361573916, 37.959879244171994],
              [-118.51719661564599, 37.960631243732095],
              [-118.51723561510575, 37.96065924415473],
              [-118.52224761701146, 37.96427924399024],
              [-118.52229561669205, 37.964314243840526],
              [-118.52233961707297, 37.96434624433656],
              [-118.5250776173803, 37.9663232436875],
              [-118.52774861774041, 37.968237243908135],
              [-118.53041961899888, 37.97015224374119],
              [-118.53043061886953, 37.970160244646756],
              [-118.53210661916984, 37.97136124376627],
              [-118.53379462006404, 37.97257024370883],
              [-118.53686162025932, 37.974768243921204],
              [-118.53992862135291, 37.976966244170754],
              [-118.54150662174392, 37.97809524419881],
              [-118.54308562195985, 37.979225244374526],
              [-118.54492662211659, 37.980542243515465],
              [-118.54610362264962, 37.9813842442346],
              [-118.54676762317168, 37.98185924451197],
              [-118.55013062454125, 37.98427124412278],
              [-118.55349362501254, 37.98668324374747],
              [-118.55411662462836, 37.98713024418735],
              [-118.55473962514252, 37.98757724473596],
              [-118.57197063012049, 37.99993524383607],
              [-118.57394662999641, 38.00130724435207],
              [-118.5750156296761, 38.002049244257954],
              [-118.57508062997344, 38.002094243759885],
              [-118.5750906309175, 38.00210124380576],
              [-118.5751136295854, 38.00211724431259],
              [-118.57512262980624, 38.00212324414782],
              [-118.57513563022503, 38.00213224389979],
              [-118.57518763010356, 38.002168243604345],
              [-118.5753516301351, 38.002282244557804],
              [-118.62168864140995, 38.034443243641206],
              [-118.62597564269427, 38.037745244026375],
              [-118.63644464584632, 38.04540124417437],
              [-118.64094164629462, 38.04868524344556],
              [-118.64509364785971, 38.05171724428816],
              [-118.64510464773038, 38.051725243370235],
              [-118.64748464783739, 38.05346224370842],
              [-118.64792664860158, 38.05378524387755],
              [-118.64815264855736, 38.05395024380371],
              [-118.64820664808573, 38.05398924343613],
              [-118.64823564839804, 38.05401024355606],
              [-118.64831664858889, 38.05406924375967],
              [-118.64833664868037, 38.05408424332428],
              [-118.65236764987166, 38.05702424435555],
              [-118.66424965265998, 38.065704243046106],
              [-118.66622965273392, 38.06715124351252],
              [-118.66820965370616, 38.06859924365631],
              [-118.68595065832203, 38.08157024393777],
              [-118.6863726580964, 38.081840243753454],
              [-118.71177166486379, 38.10033224384003],
              [-118.71197466525338, 38.10048024360719],
              [-118.71421366579341, 38.10211024368917],
              [-118.71426966497157, 38.102149243801684],
              [-118.71538466558032, 38.10293324337024],
              [-118.71653566617408, 38.10374224392918],
              [-118.71655366571743, 38.10375524344302],
              [-118.72319266751967, 38.10842524368375],
              [-118.7298316693219, 38.11309524295368],
              [-118.73032266959156, 38.11344124364713],
              [-118.73081366896294, 38.1137882435052],
              [-118.73134466941558, 38.114162243494185],
              [-118.73420467081995, 38.11618324364773],
              [-118.73706567115087, 38.11820324296329],
              [-118.7392286715229, 38.11972624318735],
              [-118.74139067207003, 38.1212492434485],
              [-118.7440006723308, 38.12309024326033],
              [-118.74661067259159, 38.12493124329258],
              [-118.75223767461553, 38.12877824328172],
              [-118.77183467945677, 38.14184624323354],
              [-118.77187967966262, 38.141876243792865],
              [-118.77737568126699, 38.14586524322096],
              [-118.77756368068967, 38.146001243158395],
              [-118.78105768158052, 38.14853724308867],
              [-118.781850681974, 38.1491132429275],
              [-118.78192768196688, 38.149169243846615],
              [-118.78202368222634, 38.14923924352223],
              [-118.78219968285177, 38.149367243118554],
              [-118.78225668275317, 38.14940824264374],
              [-118.78226668190058, 38.149415243439144],
              [-118.78228868254023, 38.14943124283252],
              [-118.78233168219793, 38.14946224341334],
              [-118.78319068271362, 38.15008524329142],
              [-118.78445368256206, 38.151000243654934],
              [-118.79104468468373, 38.1557782435077],
              [-118.79763668573197, 38.16055624323639],
              [-118.79772668614366, 38.16062224263763],
              [-118.81582469023658, 38.173656242836095],
              [-118.81603469119719, 38.17380724292092],
              [-118.83534869528287, 38.18771624314178],
              [-118.83602669515035, 38.18820524327925],
              [-118.83627269609595, 38.18838224282303],
              [-118.83693369624491, 38.188858242837256],
              [-118.854661700442, 38.201625242991675],
              [-118.8548367003442, 38.2017512424783],
              [-118.85614470129678, 38.20269224286992],
              [-118.85632470122184, 38.202822242369884],
              [-118.85644770034718, 38.20291024299656],
              [-118.8589757014905, 38.20472724322493],
              [-118.85909670096603, 38.204814242699534],
              [-118.85930670192663, 38.204962243076096],
              [-118.86046270164495, 38.20577824308804],
              [-118.8620297021653, 38.206864242997675],
              [-118.87588570607805, 38.216461242829666],
              [-118.8879447084184, 38.22509924239621],
              [-118.88810270860215, 38.2252122424292],
              [-118.89005670963513, 38.22661124231269],
              [-118.89013070925496, 38.2266642430782],
              [-118.89014670914848, 38.2266752426464],
              [-118.89016070939219, 38.22668524295807],
              [-118.890169709613, 38.226692241975776],
              [-118.89064170961612, 38.22703024263695],
              [-118.89551371088146, 38.23051724270154],
              [-118.90102671130599, 38.23446424254913],
              [-118.9013097120615, 38.23466724217906],
              [-118.91035871410796, 38.2411472425573],
              [-118.91522671517534, 38.24465624238141],
              [-118.9225307173245, 38.249924242142974],
              [-118.93303272008853, 38.25727824215329],
              [-118.94498072299909, 38.26564924240316],
              [-118.94499172286974, 38.265657242031864],
              [-118.94503672307559, 38.265688242524405],
              [-118.94535172271985, 38.26590924187552],
              [-118.94919272394034, 38.268600241560414],
              [-118.94936872366743, 38.268723241865736],
              [-118.94968572385983, 38.26894524264646],
              [-118.94972272366975, 38.268970241935776],
              [-119.00098773718476, 38.30368024221952],
              [-119.00530873790593, 38.30678524139141],
              [-119.00547473758729, 38.30690524175993],
              [-119.01072473914441, 38.31078024148328],
              [-119.01108973991568, 38.31104924193012],
              [-119.01110173961125, 38.31105824169985],
              [-119.0111547393147, 38.311097241393966],
              [-119.01122773910963, 38.31115124136965],
              [-119.011913739373, 38.31165724195488],
              [-119.0137017407246, 38.312977241572995],
              [-119.0280817436207, 38.323592242365926],
              [-119.02816874365934, 38.32365624114448],
              [-119.02828374418537, 38.32374124200052],
              [-119.02870374341161, 38.32405224144776],
              [-119.02876474351099, 38.32404624126714],
              [-119.029439744802, 38.32461024127852],
              [-119.02961374398097, 38.324793241617506],
              [-119.02976974451491, 38.3249562418501],
              [-119.02977974366233, 38.32496724133805],
              [-119.02979574355585, 38.32498324161542],
              [-119.02982574459138, 38.32500324125238],
              [-119.02988474414262, 38.32504424123092],
              [-119.02998474460006, 38.325113242328484],
              [-119.0303117448382, 38.325339241939744],
              [-119.03033974352897, 38.325358241466475],
              [-119.03035274484608, 38.32536724086966],
              [-119.0303627439935, 38.325374241657535],
              [-119.03047174467177, 38.32544924109645],
              [-119.03061274423878, 38.32554624137393],
              [-119.03171874462667, 38.32631124175224],
              [-119.03173374469529, 38.326321241740565],
              [-119.03175574443661, 38.326336241720476],
              [-119.04350274750573, 38.334455241035144],
              [-119.0572117511054, 38.343919240860714],
              [-119.0672907533718, 38.35087624059414],
              [-119.07423475567089, 38.35565824075062],
              [-119.07428075480331, 38.35569024183632],
              [-119.08237075677495, 38.36127224103663],
              [-119.0824507571409, 38.36133724126841],
              [-119.08812675867034, 38.36601024083004],
              [-119.09681276139196, 38.37258324103332],
              [-119.09717176051885, 38.37285624050422],
              [-119.10025876170391, 38.37492124053881],
              [-119.12429476816543, 38.391732240578236],
              [-119.12449976820487, 38.39190624143116],
              [-119.12599476785687, 38.39317524065844],
              [-119.1266907690643, 38.3936592408806],
              [-119.12672976852403, 38.393686240381584],
              [-119.12743376922903, 38.39417624070754],
              [-119.12789076826522, 38.394494240912515],
              [-119.1281127689214, 38.39464924110097],
              [-119.12821176865559, 38.39471824066012],
              [-119.1415497725345, 38.404003240331186],
              [-119.1415637718799, 38.404013240854745],
              [-119.15227677542941, 38.41147324027134],
              [-119.15699077561268, 38.4147512405214],
              [-119.16008677612025, 38.41690624087189],
              [-119.16021777743813, 38.41699724088021],
              [-119.16109977662175, 38.41761124001337],
              [-119.16148977660909, 38.4178832404077],
              [-119.18174278247479, 38.43198024055524],
              [-119.18196978225548, 38.432137240459916],
              [-119.19526878577635, 38.44139524012935],
              [-119.19530678541119, 38.44142124097721],
              [-119.20348278759657, 38.44711224051775],
              [-119.20350078713992, 38.44712523991312],
              [-119.20399878798058, 38.447473239688286],
              [-119.20402978794272, 38.44749524012314],
              [-119.20502878820051, 38.44819124005522],
              [-119.20504678774387, 38.44820424066327],
              [-119.20703078801576, 38.44958623999577],
              [-119.20765078815688, 38.45001824047722],
              [-119.21136778952881, 38.452604240333],
              [-119.21238778970296, 38.45331224026912],
              [-119.21271579066435, 38.453511240230476],
              [-119.21280878965244, 38.45357523951102],
              [-119.21282378972107, 38.45358524020688],
              [-119.22973979415642, 38.46535623979424],
              [-119.23163579456477, 38.466675240365966],
              [-119.23217679506317, 38.46705324010424],
              [-119.23219679515465, 38.46706623942364],
              [-119.23381779520336, 38.46819424042659],
              [-119.2341297953729, 38.46841024049136],
              [-119.23456279501792, 38.46871323957981],
              [-119.23497679529471, 38.46900123955962],
              [-119.24947279944011, 38.47971623964528],
              [-119.24982179941956, 38.47997324045236],
              [-119.25038979968213, 38.480387239357576],
              [-119.2510007987041, 38.48078523982411],
              [-119.26384080264063, 38.48947224003396],
              [-119.26384980286146, 38.48947823915257],
              [-119.26391780263354, 38.489524239410244],
              [-119.26425680346556, 38.48975523940396],
              [-119.26766780361741, 38.49206423957482],
              [-119.27927480694444, 38.499919239239546],
              [-119.27956480647434, 38.5003182391011],
              [-119.29771681099395, 38.513127239597644],
              [-119.3078258142959, 38.52026323947501],
              [-119.3087908142185, 38.520945239601474],
              [-119.32841081862595, 38.5347972386397],
              [-119.32910481838692, 38.535288238874074],
              [-119.32996081942788, 38.53589223848122],
              [-119.3300178193293, 38.53593323905253],
              [-119.33343582005216, 38.538333238648164],
              [-119.35457782477415, 38.55279223916297],
              [-119.35492782547684, 38.553030238336156],
              [-119.35505682534827, 38.5531192386953],
              [-119.35701982570373, 38.55446123826932],
              [-119.36017982668375, 38.55658823846641],
              [-119.36027782659303, 38.55665323926388],
              [-119.36035382676101, 38.556705238595086],
              [-119.37012982907873, 38.563286238724764],
              [-119.3703128284785, 38.563396238272524],
              [-119.37600683044961, 38.56679823830645],
              [-119.37863283150224, 38.568668238544426],
              [-119.37913583146747, 38.5690172387607],
              [-119.37941583184997, 38.56921023856093],
              [-119.37955583069373, 38.56930723834118],
              [-119.38797483345166, 38.575306238370615],
              [-119.39895583678978, 38.583176238563276],
              [-119.39934783732525, 38.583458238251566],
              [-119.40122983659158, 38.58475123842093],
              [-119.40140283684396, 38.58487623779952],
              [-119.427314842724, 38.60353123810628],
              [-119.42790284307807, 38.603955237718054],
              [-119.42814684437383, 38.60413123780131],
              [-119.42845784382017, 38.60435523804883],
              [-119.43380384563675, 38.608205237436245],
              [-119.43507684553092, 38.60904223741969],
              [-119.45066784929521, 38.619973238182396],
              [-119.45064684937881, 38.61998623726311],
              [-119.45378185024447, 38.622400237512984],
              [-119.45379585048818, 38.62241023792535],
              [-119.45383585067115, 38.62243823752843],
              [-119.45741785142555, 38.624915237285656],
              [-119.45914385105625, 38.62609423767892],
              [-119.45924385151368, 38.62616223751394],
              [-119.46129485173272, 38.62753823745201],
              [-119.463996852055, 38.62928123726977],
              [-119.46403985261102, 38.62930923769892],
              [-119.46431785244536, 38.62949123811642],
              [-119.46436885249898, 38.62952423782261],
              [-119.47225285460631, 38.63466823708867],
              [-119.47369985547607, 38.63567323749113],
              [-119.47726985653492, 38.638157236779946],
              [-119.47758185580612, 38.63837523740002],
              [-119.48807085904967, 38.64569023692814],
              [-119.49157985911083, 38.648112236949196],
              [-119.49175985993418, 38.64823123760394],
              [-119.4925498590563, 38.64875523719241],
              [-119.49257785954369, 38.648773237490445],
              [-119.49348286009015, 38.64933223720625],
              [-119.49403285991106, 38.649740236992805],
              [-119.49408186031488, 38.649763237095556],
              [-119.49418885954668, 38.64986723698006],
              [-119.49458386045521, 38.650138237211095],
              [-119.4949708600695, 38.65037123719596],
              [-119.4950478600624, 38.65042223699523],
              [-119.50093486147904, 38.654327237017924],
              [-119.50101286129683, 38.65437923647242],
              [-119.51148286517213, 38.66218723706432],
              [-119.51154186382504, 38.6622272368451],
              [-119.51182286493075, 38.66242023643779],
              [-119.53063586870103, 38.67531023656738],
              [-119.53065986899047, 38.67532623635528],
              [-119.54087687134914, 38.6823262359748],
              [-119.5427248720769, 38.68359223708467],
              [-119.54630587300638, 38.686044236394416],
              [-119.54659887380762, 38.68624623629139],
              [-119.54739287312772, 38.68679023721169],
              [-119.54761287323574, 38.686939236880114],
              [-119.54767187368529, 38.68698023676736],
              [-119.54777987364032, 38.687054236487334],
              [-119.54794587421996, 38.687168236000886],
              [-119.54810187385559, 38.68727523668307],
              [-119.5481798736734, 38.68732823666026],
              [-119.54854087334843, 38.68757523630075],
              [-119.54861687351641, 38.687628236756915],
              [-119.55164787462498, 38.689705236681476],
              [-119.55200487500036, 38.689949236920164],
              [-119.55259187552952, 38.69035823655433],
              [-119.55873887633884, 38.694646236894826],
              [-119.55891187569287, 38.694766236448565],
              [-119.58544988335844, 38.71321723566946],
              [-119.58707888290479, 38.71435023582522],
              [-119.58718688375812, 38.71444123634974],
              [-119.58743488345524, 38.71464923591197],
              [-119.5874868833338, 38.71469323601141],
              [-119.58752088277066, 38.7147002354831],
              [-119.58765988358616, 38.71473223636368],
              [-119.59022488453942, 38.71647823610056],
              [-119.59404988586633, 38.719104236429416],
              [-119.59431388545701, 38.71928523560998],
              [-119.60028588636412, 38.72338523584411],
              [-119.6093828889895, 38.72963023609838],
              [-119.6132118896161, 38.73223523569076],
              [-119.61961489141677, 38.736591235531115],
              [-119.62086689229287, 38.737442235361776],
              [-119.62187889207115, 38.73813123562943],
              [-119.62462289312454, 38.739998235287395],
              [-119.62587589292723, 38.74085023502005],
              [-119.62601689249422, 38.740946236119235],
              [-119.62685489309354, 38.741535235242935],
              [-119.62979089376755, 38.74359923480753],
              [-119.63076989483217, 38.744287235417666],
              [-119.63147689411362, 38.74478423560619],
              [-119.63359889537608, 38.74627523503288],
              [-119.63425189512913, 38.746734235493165],
              [-119.63430489483258, 38.746775235424344],
              [-119.63505989559121, 38.74736023573906],
              [-119.63835189591738, 38.749909235643955],
              [-119.64212589629241, 38.75250223554534],
              [-119.65659190119887, 38.762441234694194],
              [-119.66108990147207, 38.765600234649604],
              [-119.6632259020799, 38.76710123477175],
              [-119.66392690331018, 38.76758523551777],
              [-119.66603090323265, 38.76903923519339],
              [-119.6666389027799, 38.76945923438506],
              [-119.66673290338956, 38.769524234856114],
              [-119.6667939034889, 38.76956623516135],
              [-119.66697990326175, 38.76969523429327],
              [-119.66704190318602, 38.76973823465246],
              [-119.6690509044706, 38.77112623478486],
              [-119.67508090600235, 38.77529323444959],
              [-119.67709090621352, 38.77668323445702],
              [-119.67745890645955, 38.77693723454486],
              [-119.67856290629933, 38.77770023502638],
              [-119.67893090654533, 38.77795523503328],
              [-119.67957090587961, 38.77839723498625],
              [-119.68149190730063, 38.77972523454484],
              [-119.68213290735815, 38.780168234740756],
              [-119.6839099079408, 38.781396234484646],
              [-119.68924390826517, 38.78508323409655],
              [-119.69102190957103, 38.78631223454792],
              [-119.69144790954338, 38.78660623418741],
              [-119.6917779092563, 38.786832234929534],
              [-119.69530391083248, 38.789272234220626],
              [-119.69535891018575, 38.78931023527955],
              [-119.69539491017078, 38.789335234380516],
              [-119.69547091033876, 38.78938723511521],
              [-119.6954809112828, 38.789394234268656],
              [-119.69551791109274, 38.78942023461925],
              [-119.69557391027092, 38.78945823489908],
              [-119.7038269133475, 38.795163234103434],
              [-119.72591691827365, 38.810430234297534],
              [-119.72680591802828, 38.811045234036335],
              [-119.7293369186463, 38.81279523364115],
              [-119.74192092159151, 38.82149123350913],
              [-119.74406292204714, 38.822973233627735],
              [-119.74436892326722, 38.82318523375615],
              [-119.74998992364678, 38.82703423338366],
              [-119.75004392407344, 38.82707123384995],
              [-119.75101992476502, 38.82778323382006],
              [-119.75391592525607, 38.82978123355576],
              [-119.75397792518034, 38.82982423336344],
              [-119.75466992439316, 38.83030223445598],
              [-119.75674892599794, 38.83173623387029],
              [-119.75744192593396, 38.83221523329801],
              [-119.75763092607984, 38.83234623378249],
              [-119.76042092716399, 38.83427323365951],
              [-119.76051592670024, 38.83433923376144],
              [-119.76356392662893, 38.83644223413239],
              [-119.76464392797588, 38.837188233116606],
              [-119.76484592764224, 38.83732823339955],
              [-119.76968092909766, 38.840666233435996],
              [-119.77903993166385, 38.84713123344502],
              [-119.7791419317711, 38.84720123328485],
              [-119.7867029329399, 38.85242023314343],
              [-119.78676293321433, 38.85246123317776],
              [-119.7908069339261, 38.85525323324844],
              [-119.79095493406412, 38.855355233578166],
              [-119.79738093543101, 38.85978123290095],
              [-119.79746593581983, 38.85984123348949],
              [-119.80260993707172, 38.863381232460696],
              [-119.80353793808271, 38.86402523262571],
              [-119.81055693982654, 38.868828233080364],
              [-119.81353594015826, 38.87086623341588],
              [-119.81421294020079, 38.8713302332681],
              [-119.81672194107752, 38.873024232628204],
              [-119.82097094182869, 38.87589923208243],
              [-119.82107394176086, 38.87596223254327],
              [-119.8220969423081, 38.87669123301491],
              [-119.83038394392322, 38.882589231994295],
              [-119.83119994388292, 38.883166232809245],
              [-119.83198094458085, 38.88372023211633],
              [-119.83201694456585, 38.8837452323404],
              [-119.8324579446068, 38.884058232275464],
              [-119.83360894520057, 38.88483823253021],
              [-119.83365094413502, 38.884866232871396],
              [-119.83515494490621, 38.88588423213829],
              [-119.83829794616777, 38.888011232453174],
              [-119.83955994619132, 38.88886423308453],
              [-119.83986194631508, 38.88906923212522],
              [-119.83995194582845, 38.889130232342936],
              [-119.84064994668569, 38.88960223287564],
              [-119.8430139468992, 38.891202232653654],
              [-119.84380294709467, 38.891736231922316],
              [-119.84427294744798, 38.89205423218777],
              [-119.8456829476095, 38.89300823213271],
              [-119.8461539477877, 38.893327232813796],
              [-119.84628794768199, 38.893418232271976],
              [-119.84703894824268, 38.89392623242204],
              [-119.84969694908234, 38.89572523266492],
              [-119.85058294846391, 38.896325232099436],
              [-119.85060494910351, 38.896340232230074],
              [-119.85199894937153, 38.897283232452146],
              [-119.85746795031343, 38.901039231618114],
              [-119.8575059508466, 38.90106523244695],
              [-119.86450195212588, 38.9058712324909],
              [-119.86451395271978, 38.905879231718515],
              [-119.87021695311508, 38.90978123179737],
              [-119.8760239559624, 38.913753231288275],
              [-119.87778595557813, 38.914967231620416],
              [-119.87783395615703, 38.91500023162682],
              [-119.88725795812222, 38.921492232363214],
              [-119.88972295861802, 38.923204231697646],
              [-119.89711896082872, 38.92834123134566],
              [-119.89958496204777, 38.93005423102564],
              [-119.89978896136397, 38.93019623152109],
              [-119.9004039614822, 38.93062223130179],
              [-119.90060896152158, 38.93076523134849],
              [-119.90066396177319, 38.93080323163982],
              [-119.90082996145455, 38.93091823168025],
              [-119.90088596153106, 38.93095723117765],
              [-119.90157396234252, 38.93143123174074],
              [-119.90363896280526, 38.932854231853696],
              [-119.90432796254336, 38.93332923157194],
              [-119.9045779618903, 38.933502231683775],
              [-119.90533096299912, 38.93402123158359],
              [-119.90558196306927, 38.934194231405],
              [-119.9073859625178, 38.93543723127601],
              [-119.9127979644566, 38.93916723140228],
              [-119.91460296462834, 38.940411231299954],
              [-119.91805396586146, 38.94279023073925],
              [-119.92840796848748, 38.94992723075473],
              [-119.93185996954556, 38.95230623082844],
              [-119.93213396918192, 38.952488230691586],
              [-119.93295596898939, 38.95303623101932],
              [-119.93311897009433, 38.95314423081862],
              [-119.933230969349, 38.95321923147511],
              [-119.93387396995465, 38.95364723129931],
              [-119.93580296997494, 38.9549312313307],
              [-119.93644697040551, 38.95536023093708],
              [-119.93687297037786, 38.955647231199094],
              [-119.93815197101812, 38.95650823129823],
              [-119.93857897081539, 38.95679623072473],
              [-119.93861697134854, 38.95682123106114],
              [-119.93873097115137, 38.95689823125961],
              [-119.93876897078619, 38.956924231180736],
              [-119.93880797114424, 38.956950230393765],
              [-119.93898897089423, 38.957077230953125],
              [-119.9396489712183, 38.957540230927464],
              [-119.93986997115124, 38.95769523068507],
              [-119.93991197188235, 38.95772423123748],
              [-119.94003797138072, 38.95781223103462],
              [-119.94007997121352, 38.957842231146905],
              [-119.94020297123716, 38.95792823088601],
              [-119.94057297203135, 38.95818823077847],
              [-119.94069697098156, 38.95827523039781],
              [-119.94098797123472, 38.95848023085291],
              [-119.94186397236717, 38.959094230466754],
              [-119.9420549721629, 38.95922923017578],
              [-119.94215597244522, 38.95929923134652],
              [-119.94290997248065, 38.95984623111849],
              [-119.94323997219354, 38.96008523148234],
              [-119.94503397249461, 38.96128823095362],
              [-119.94522797266336, 38.96141323021152],
              [-119.94594197251581, 38.96187523094171],
              [-119.94601097301108, 38.96192123051992],
              [-119.94673897310724, 38.96239123057262],
              [-119.94892497304551, 38.963804230850165],
              [-119.94965397386484, 38.96427523119926],
              [-119.94999297379859, 38.96450823071702],
              [-119.95101297397277, 38.96520823116083],
              [-119.95135297373139, 38.9654422306028],
              [-119.95245097462171, 38.9661962306091],
              [-119.95354797389048, 38.96695023097142],
              [-119.95413797479267, 38.96735523121639],
              [-119.95927197599882, 38.97088423108933],
              [-119.96249197725328, 38.973097229955584],
              [-119.96499597720883, 38.97481823060469],
              [-119.96513697767413, 38.97491423064256],
              [-119.96527697741622, 38.975011230614136],
              [-119.96541997753137, 38.97510923051532],
              [-119.96584897787676, 38.97540423016178],
              [-119.96599197709357, 38.975503230274334],
              [-119.96624397788698, 38.97567623012464],
              [-119.96700097829543, 38.97619622998043],
              [-119.96725397801539, 38.97637023097584],
              [-119.96914397857599, 38.97766923024275],
              [-119.97481398025764, 38.98156623031431],
              [-119.97670498064308, 38.982865229926084],
              [-119.97976098096773, 38.984965230446285],
              [-119.98892898373819, 38.99126523038972],
              [-119.99198498406281, 38.99336623008027],
              [-119.9937929846076, 38.99460822989256],
              [-119.99921798606688, 38.998336229963115],
              [-120.00102698643657, 38.99957922953101],
              [-120.00102698643657, 38.99964522965748],
              [-120.00102698643657, 38.99984623020286],
              [-120.00102698643657, 38.99991322979233],
              [-120.00105798639873, 39.00137422966554],
              [-120.00115198700837, 39.00575623083615],
              [-120.00118398769374, 39.00721823111849],
              [-120.00121198728282, 39.00854623111148],
              [-120.00129598784672, 39.0125312310976],
              [-120.00132498905735, 39.01386023136213],
              [-120.00134098895089, 39.0146392310355],
              [-120.0013579886693, 39.01541823120137],
              [-120.00141998949191, 39.01832223115632],
              [-120.0015809891504, 39.02579623231184],
              [-120.00170699044541, 39.03171123324439],
              [-120.00180299160318, 39.036174233257206],
              [-120.0018819921442, 39.0398552330793],
              [-120.00192199232718, 39.04174723372679],
              [-120.00196099268524, 39.043536233697786],
              [-120.0021809936916, 39.053789235081005],
              [-120.00227999432411, 39.05846823556237],
              [-120.00239999487302, 39.064042235812074],
              [-120.00241399511673, 39.06473223534965],
              [-120.00245899532257, 39.06680323550476],
              [-120.00247399539117, 39.067494236104004],
              [-120.00252099524687, 39.06973323620739],
              [-120.00266499698353, 39.07645123716598],
              [-120.00271299666409, 39.07869123692257],
              [-120.00272499725796, 39.079249236938146],
              [-120.00273699695353, 39.07980623744516],
              [-120.00285799732737, 39.085491237063174],
              [-120.00308899910267, 39.096249237843374],
              [-120.00329599969024, 39.10589123888403],
              [-120.00344200107672, 39.11269223965644],
              [-120.00362400244823, 39.11984924029308],
              [-120.00375400304287, 39.12491524010823],
              [-120.00384700382762, 39.131632241276535],
              [-120.00395400485604, 39.141324242285016],
              [-120.00403400612034, 39.14848324256276],
              [-120.00403700559505, 39.14876924241918],
              [-120.00431000810147, 39.165608244177434],
              [-120.00444201014258, 39.177986245096385],
              [-120.00454301042491, 39.187450246328716],
              [-120.00549701496846, 39.21631224860807],
              [-120.00555401576817, 39.218034249031554],
              [-120.00557601550948, 39.2187002481968],
              [-120.00557601550948, 39.2200272487761],
              [-120.00562301536515, 39.22175924974393],
              [-120.00564701565459, 39.2226152494868],
              [-120.00574001554102, 39.22583324978118],
              [-120.0057390157161, 39.22604524977997],
              [-120.00573701606626, 39.22645124955911],
              [-120.00573501551813, 39.226978249677586],
              [-120.00559001665151, 39.227431249571936],
              [-120.00561101656791, 39.227992250056715],
              [-120.00562401608838, 39.228340249503006],
              [-120.00564201653005, 39.22886224961201],
              [-120.00568101598978, 39.22936524904324],
              [-120.00571101702533, 39.22977724940946],
              [-120.00570601700247, 39.23323925023321],
              [-120.00569201765707, 39.236254249888745],
              [-120.00569301838031, 39.24404325117729],
              [-120.00569901822807, 39.244268251078665],
              [-120.00575901850254, 39.24629725129619],
              [-120.0057690194466, 39.24666025138647],
              [-120.00580101923363, 39.24775125156954],
              [-120.00581201820597, 39.2481152514607],
              [-120.00594201969896, 39.25256225155462],
              [-120.00611602067453, 39.25849625246871],
              [-120.00630602154364, 39.26590625291557],
              [-120.0064210220697, 39.27035525343484],
              [-120.00646802192536, 39.272199253604896],
              [-120.00648602236703, 39.272883253553246],
              [-120.00646902264857, 39.27773425346639],
              [-120.00646502334894, 39.27890225363398],
              [-120.00646302280082, 39.279579254063684],
              [-120.00646102315099, 39.279829253988765],
              [-120.00645902260284, 39.28058225369321],
              [-120.00645902260284, 39.280833254113794],
              [-120.00645202382847, 39.282778254548916],
              [-120.00643202463529, 39.28861425489826],
              [-120.00642902426226, 39.289506255438056],
              [-120.00642402423937, 39.29056025524889],
              [-120.00642302441446, 39.290679254881255],
              [-120.00642302441446, 39.29104025507014],
              [-120.00642302441446, 39.29116025503279],
              [-120.00642202458954, 39.291290255107896],
              [-120.00642102476462, 39.29168125502358],
              [-120.00642102476462, 39.29181225457285],
              [-120.00640602559433, 39.29604725505496],
              [-120.00636302683496, 39.308756256405715],
              [-120.00634902748956, 39.31299225647219],
              [-120.00634802766467, 39.31309225706978],
              [-120.00634702783975, 39.313392257310056],
              [-120.00634702783975, 39.3134932574676],
              [-120.0063460271165, 39.31357825678529],
              [-120.00634502729159, 39.313834257025505],
              [-120.00634502729159, 39.31392025744446],
              [-120.00634402746667, 39.31400625706269],
              [-120.00634402746667, 39.31426525679364],
              [-120.00634402746667, 39.31435225749716],
              [-120.00634302764178, 39.31441025744268],
              [-120.00634302764178, 39.314585257801845],
              [-120.00634302764178, 39.3146442576694],
              [-120.00634202781688, 39.31488025664203],
              [-120.00633902744383, 39.31558725702198],
              [-120.00633902744383, 39.31582425708196],
              [-120.00633802761891, 39.31595925701239],
              [-120.0063360279691, 39.3163652567211],
              [-120.0063360279691, 39.31650125708615],
              [-120.00632902829638, 39.31859125741858],
              [-120.00630702855509, 39.32486325826836],
              [-120.0063010287073, 39.32695425816982],
              [-120.00629702940766, 39.32795525818702],
              [-120.00628902991006, 39.33068825853119],
              [-120.00628702936193, 39.330958258431025],
              [-120.00628402988717, 39.33195925880573],
              [-120.00627103036672, 39.33556225931056],
              [-120.00625003134864, 39.341503259164604],
              [-120.00623303163019, 39.346374260042246],
              [-120.00622503213256, 39.34911125994668],
              [-120.00622303158443, 39.34997826050936],
              [-120.00620503293942, 39.35502926078128],
              [-120.0061530348575, 39.37018426240665],
              [-120.00614003533703, 39.374111262369546],
              [-120.00610203570218, 39.37523526274632],
              [-120.00609803550424, 39.37532026200429],
              [-120.00609003510834, 39.37557726250506],
              [-120.00608803545849, 39.375663262672155],
              [-120.00606103569432, 39.37646326302566],
              [-120.00598103622667, 39.378865262329306],
              [-120.00595503628743, 39.379666262669645],
              [-120.00594703589151, 39.379901262400466],
              [-120.00592303650038, 39.38060826282706],
              [-120.00591603592937, 39.3808442627208],
              [-120.00591503610445, 39.38085626245867],
              [-120.00591403627953, 39.38089526263416],
              [-120.00591403627953, 39.38090826291926],
              [-120.00587703646961, 39.381998263256044],
              [-120.00586103657608, 39.382459262945716],
              [-120.00570703748862, 39.3871132635974],
              [-120.00565603653668, 39.38866526364477],
              [-120.00563903681825, 39.38918926353379],
              [-120.00558003726701, 39.39094826412662],
              [-120.00548503773076, 39.39384926398412],
              [-120.00537103792794, 39.39727526389792],
              [-120.0053530383846, 39.39779726444602],
              [-120.00527803893984, 39.40008126489269],
              [-120.00519403837596, 39.40261126508606],
              [-120.00494103955428, 39.41020226625424],
              [-120.0048580397136, 39.4127332658484],
              [-120.0047870404668, 39.414860266193976],
              [-120.00470504045103, 39.41735826632829],
              [-120.00457504165301, 39.421244266420196],
              [-120.0045050413328, 39.42337226656545],
              [-120.00448104194167, 39.42410926661302],
              [-120.00436704213884, 39.427544266738],
              [-120.00426004200875, 39.43077426787476],
              [-120.00409404322572, 39.43586126782222],
              [-120.00395304365871, 39.440062267982064],
              [-120.00381304391662, 39.44423526815189],
              [-120.00380704406884, 39.44440026877282],
              [-120.0037910441753, 39.44489526898382],
              [-120.00378604415246, 39.44506126837052],
              [-120.00340304563443, 39.45663027006889],
              [-120.00339604506341, 39.45685426951229],
              [-120.00322904645547, 39.461862270640594],
              [-120.0030690466219, 39.4631902701875],
              [-120.0030350462867, 39.46347327040701],
              [-120.00292204720711, 39.46440727066986],
              [-120.00292104648389, 39.464636270294015],
              [-120.00291904683408, 39.465013270798856],
              [-120.00291804700916, 39.46518627035605],
              [-120.00291604646102, 39.46564027052424],
              [-120.00291404681118, 39.465925270549434],
              [-120.0029130469863, 39.46604427051138],
              [-120.00291204626305, 39.46630027026428],
              [-120.00291104643816, 39.46646726995849],
              [-120.00291104643816, 39.46651427027773],
              [-120.00291104643816, 39.466603270028045],
              [-120.00290604641529, 39.46758627088757],
              [-120.00290304694053, 39.46796127066679],
              [-120.00290204711564, 39.46804627065018],
              [-120.00290104729073, 39.46817427112272],
              [-120.00289504744295, 39.46887827124662],
              [-120.00290004746581, 39.468899270975434],
              [-120.0028500472371, 39.47245127121082],
              [-120.00284904741218, 39.472512270740346],
              [-120.00284604793747, 39.47272227133763],
              [-120.00284004808965, 39.47438627071748],
              [-120.00283904826476, 39.47460927135684],
              [-120.00283204769373, 39.47640927168544],
              [-120.00260304916154, 39.48396727229416],
              [-120.00259204929087, 39.484336271854396],
              [-120.00250904945018, 39.487091272324015],
              [-120.00250004922937, 39.48739827263184],
              [-120.00238804997467, 39.4910922733523],
              [-120.00235105016475, 39.49340927294724],
              [-120.00231205070502, 39.495804273014144],
              [-120.00230405030909, 39.4962842728402],
              [-120.00230205065927, 39.49637827336254],
              [-120.00223305106229, 39.50065027383213],
              [-120.00222105136675, 39.501358273292304],
              [-120.00222005154183, 39.50143827368632],
              [-120.00221405169405, 39.501779273847895],
              [-120.00221305097082, 39.50183727406869],
              [-120.00220005145034, 39.502572273665194],
              [-120.00219405160256, 39.50288727368725],
              [-120.00216805166329, 39.50436727371154],
              [-120.00216705094006, 39.50444927444545],
              [-120.00215205176977, 39.50533827410385],
              [-120.00215205176977, 39.50536227438216],
              [-120.00216305253873, 39.505425274466816],
              [-120.00217305168616, 39.50548527403224],
              [-120.00216305253873, 39.50609827357825],
              [-120.0021620518155, 39.506166274410205],
              [-120.00214205262235, 39.50748827440561],
              [-120.00212705165542, 39.508417274325765],
              [-120.00211605268308, 39.50864827413541],
              [-120.00209505186837, 39.50910427430468],
              [-120.00205205221064, 39.511895274804274],
              [-120.00204805201268, 39.512188274964494],
              [-120.00207405285026, 39.51268527407821],
              [-120.00203105229426, 39.51496127531143],
              [-120.00203005246934, 39.51499627522753],
              [-120.00194905407511, 39.5192062752941],
              [-120.00193905402935, 39.519707274583666],
              [-120.0019340531082, 39.51996427494557],
              [-120.00193105363346, 39.52010027504083],
              [-120.0019130531918, 39.521069276067],
              [-120.00189105345048, 39.52240727586168],
              [-120.00187605428019, 39.52328027535777],
              [-120.00187205408221, 39.523519275487594],
              [-120.00185405364056, 39.52468327521966],
              [-120.00183605409721, 39.52569827531028],
              [-120.00180605485829, 39.52739627565417],
              [-120.00180305448526, 39.52756927592926],
              [-120.00180205466035, 39.52764727557592],
              [-120.00178505494189, 39.528555276421585],
              [-120.00177705454597, 39.52903227576375],
              [-120.00177405417293, 39.529191275971044],
              [-120.00174905495689, 39.53058827613121],
              [-120.00175305605318, 39.53444927587968],
              [-120.00178705638834, 39.53677727666403],
              [-120.00180205555866, 39.537820276914445],
              [-120.00181905617539, 39.539012276418205],
              [-120.00183505606893, 39.54012027752214],
              [-120.0018390562669, 39.54034327721171],
              [-120.0018390562669, 39.54036127649061],
              [-120.00186005618328, 39.54179027700895],
              [-120.00191405660996, 39.54555727748382],
              [-120.00196005753904, 39.548729277276024],
              [-120.00165705848865, 39.56369927955101],
              [-120.00161206007944, 39.565927278697096],
              [-120.0016100595313, 39.56604727918691],
              [-120.00160005948557, 39.56653627946825],
              [-120.00159805983573, 39.56661527961076],
              [-120.00159405963778, 39.56681627944481],
              [-120.00151806036811, 39.57057527978574],
              [-120.0015170605432, 39.57267128046581],
              [-120.00151506089335, 39.57544928011764],
              [-120.00151306124356, 39.57736128059036],
              [-120.00151306124356, 39.57782128014269],
              [-120.00149006167734, 39.57883228080787],
              [-120.00148906095411, 39.578861280249846],
              [-120.00122306261196, 39.590166280900704],
              [-120.00121106291638, 39.59069828158169],
              [-120.00120806344164, 39.590815281184774],
              [-120.00120106287065, 39.5911182821849],
              [-120.0011980624976, 39.59125828112792],
              [-120.00086706475643, 39.605381282342],
              [-120.00085606488578, 39.605859283030505],
              [-120.00085306541104, 39.60597128287393],
              [-120.00084806448986, 39.606188282790455],
              [-120.00084806448986, 39.60620428280201],
              [-120.00084706466495, 39.60624928324733],
              [-120.00084306446699, 39.606416282952445],
              [-120.00083306531957, 39.60683328283638],
              [-120.00088306554828, 39.610986283734945],
              [-120.00088406537317, 39.61109528284844],
              [-120.00100706719347, 39.62122928447045],
              [-120.00104006680542, 39.62455628429365],
              [-120.00104306717847, 39.62489428488838],
              [-120.00107106856419, 39.62763928475234],
              [-120.0010720674908, 39.62772028466854],
              [-120.00108006788672, 39.62854128501942],
              [-120.00114806945543, 39.63533428508316],
              [-120.00115306857995, 39.63580028503393],
              [-120.00115306857995, 39.635892285472636],
              [-120.00115306857995, 39.636187285708154],
              [-120.00115306857995, 39.63639428571084],
              [-120.00116206969912, 39.643377286459895],
              [-120.00116206969912, 39.643481286621245],
              [-120.00116206969912, 39.64375628573559],
              [-120.00116206969912, 39.643969286619715],
              [-120.00116407024724, 39.64473128579404],
              [-120.00116407024724, 39.64479228617648],
              [-120.00116407024724, 39.644809285785854],
              [-120.00117007009503, 39.65029928662382],
              [-120.00116507097049, 39.651258287135704],
              [-120.00110307284282, 39.66299228794778],
              [-120.00110207211961, 39.663233287771476],
              [-120.00110307284282, 39.66458828749707],
              [-120.00109707209671, 39.66474828795621],
              [-120.00109207207385, 39.66504228824902],
              [-120.00106307265985, 39.666966288102905],
              [-120.00106207283496, 39.667025287737005],
              [-120.00101907317723, 39.66982428887905],
              [-120.00095507270481, 39.67180328801639],
              [-120.00094707410553, 39.672007288392884],
              [-120.00093807298639, 39.67226028854155],
              [-120.00093507351166, 39.67259028839514],
              [-120.00093107421199, 39.67300528881238],
              [-120.00092807383894, 39.67333728887221],
              [-120.00092507346591, 39.67364728889121],
              [-120.00092107326793, 39.67405328892646],
              [-120.00091907361812, 39.67427328905562],
              [-120.00091807379323, 39.674344288963496],
              [-120.0009160732451, 39.6751492889689],
              [-120.00095507450145, 39.67917428862113],
              [-120.0009720751182, 39.68061828878303],
              [-120.00099207970126, 39.71435329212292],
              [-120.00107508044024, 39.722423293302185],
              [-120.00103108185594, 39.73261329345529],
              [-120.001027081658, 39.734017294108355],
              [-120.00102608183307, 39.73419429367833],
              [-120.0010190821604, 39.735410294052194],
              [-120.0010190821604, 39.73542129379694],
              [-120.00104508299798, 39.739744293799724],
              [-120.00104608282287, 39.742101294859886],
              [-120.00114608417864, 39.75223429536697],
              [-120.00113108411001, 39.75258229553649],
              [-120.0009040852276, 39.75784329563352],
              [-120.00087208544055, 39.75858929604817],
              [-120.00081808501388, 39.75985129600685],
              [-120.00073608679475, 39.76616629682987],
              [-120.00071508687834, 39.76751329638196],
              [-120.0006960866118, 39.768730296845185],
              [-120.000690086764, 39.76937729676932],
              [-120.00066408592642, 39.77082529732874],
              [-120.00056108779089, 39.77522829748997],
              [-120.00055308829329, 39.77996029733504],
              [-120.00055108774512, 39.78079329746923],
              [-120.00055108774512, 39.7809502974948],
              [-120.0005410885977, 39.781530298405585],
              [-120.00053108765366, 39.78208829811014],
              [-120.00051608848334, 39.78291929744471],
              [-120.00050908881065, 39.790941298583995],
              [-120.00050808898575, 39.79145329918701],
              [-120.00050808898575, 39.79167429922702],
              [-120.00050808898575, 39.791711299076866],
              [-120.00050409058441, 39.795678298626974],
              [-120.00050409058441, 39.795714298978524],
              [-120.00050209093459, 39.7972742986439],
              [-120.00048908961749, 39.79808629956112],
              [-120.00048808979257, 39.79814029922605],
              [-120.00046808970109, 39.79934929948713],
              [-120.00046708987617, 39.79943929932274],
              [-120.00032109208296, 39.808401300423434],
              [-120.00031909153479, 39.80852829991655],
              [-120.00018309288899, 39.815255300293664],
              [-120.0001120936422, 39.818770300789936],
              [-120.0001050930712, 39.81913530074854],
              [-120.00008209260668, 39.82019930160282],
              [-120.00004109349709, 39.822089301207754],
              [-120.0000350936493, 39.82329230159539],
              [-119.99992009581821, 39.83651830289748],
              [-119.9999540961534, 39.837585302757944],
              [-119.9998560962441, 39.84342530351739],
              [-119.99978909629696, 39.84745830334578],
              [-119.99975709740822, 39.84939130398704],
              [-119.9997340969437, 39.850762304085876],
              [-119.99972909692083, 39.851035304004135],
              [-119.9997050975297, 39.852037304045744],
              [-119.99961609784124, 39.857404304282205],
              [-119.99961109781835, 39.85769730461019],
              [-119.99947409844931, 39.865540305236486],
              [-119.99918710019077, 39.87491830639631],
              [-119.99914010213173, 39.88738930660482],
              [-119.99913910230681, 39.88771930762438],
              [-119.99911710346383, 39.893835307638795],
              [-119.99911710346383, 39.89389430744612],
              [-119.99911310326586, 39.89477830806847],
              [-119.99911210344096, 39.89534330799883],
              [-119.99911210344096, 39.89543930839747],
              [-119.99909910481878, 39.903109307844645],
              [-119.99909810499389, 39.903822308601164],
              [-119.99909810499389, 39.90391730823943],
              [-119.99909810499389, 39.90397330860278],
              [-119.99909710427065, 39.904148308754266],
              [-119.99909710427065, 39.904262308175454],
              [-119.99909410479594, 39.906161308627276],
              [-119.99884610779374, 39.92356431091672],
              [-119.99883610684971, 39.92426031067125],
              [-119.99883310647665, 39.9244663102453],
              [-119.99874810788447, 39.93043031066527],
              [-119.99874210803668, 39.93084931068976],
              [-119.99873410764076, 39.931382311341466],
              [-119.99872710796807, 39.93188631132306],
              [-119.99871910847047, 39.93244931139586],
              [-119.9987091084247, 39.93313731107028],
              [-119.99870010820389, 39.93378531047853],
              [-119.99869210870628, 39.93434031092677],
              [-119.99867410826462, 39.93555831095651],
              [-119.99867110878988, 39.935794310803374],
              [-119.99867110878988, 39.93581931134074],
              [-119.99866610876701, 39.93617131126948],
              [-119.99863910900282, 39.938037310873895],
              [-119.99851111075296, 39.95257331264543],
              [-119.9984701116434, 39.95454331298861],
              [-119.99845811194781, 39.955115313290236],
              [-119.99838811162762, 39.95850431345504],
              [-119.99838311160474, 39.95875431324562],
              [-119.99834711161972, 39.96046031347762],
              [-119.99834311142178, 39.96068231330507],
              [-119.99833011190128, 39.961312313710174],
              [-119.99831111253305, 39.96223931318479],
              [-119.99829911283749, 39.96281731363531],
              [-119.99829211226645, 39.96311031371277],
              [-119.99829011261664, 39.96321531309419],
              [-119.99827611237293, 39.96390831391806],
              [-119.99827411272312, 39.96401631329759],
              [-119.99826111320264, 39.96465831324068],
              [-119.99822511231932, 39.966396313744674],
              [-119.99820211275309, 39.9674783142875],
              [-119.99819611290532, 39.96776731432085],
              [-119.99819011305753, 39.968040314435676],
              [-119.99815111269947, 39.969984313885504],
              [-119.99815111269947, 39.96999531465651],
              [-119.99815011287455, 39.97001931407941],
              [-119.99814911304964, 39.970065314326604],
              [-119.9981471125015, 39.9701773142004],
              [-119.99812011363564, 39.97150731416295],
              [-119.99810811304177, 39.9721223151242],
              [-119.99806911358202, 39.974046314425756],
              [-119.99792711508843, 39.981133314992135],
              [-119.99792111434233, 39.981414315261674],
              [-119.99791611431947, 39.981641314562054],
              [-119.9978881156287, 39.984267315644836],
              [-119.99788411543072, 39.98462131564108],
              [-119.99781311618392, 39.99121631553193],
              [-119.99771911647261, 39.999910316844584],
              [-119.99763211912891, 40.01065831848227],
              [-119.99755912023228, 40.022872318652496],
              [-119.99754712053672, 40.02495631846595],
              [-119.99749012153364, 40.03202231925827],
              [-119.99743312253055, 40.039208320685965],
              [-119.99743812345172, 40.04156632059974],
              [-119.9974221235582, 40.04437731986365],
              [-119.9974221235582, 40.04442832051192],
              [-119.99738212427356, 40.05189832157967],
              [-119.99738112444864, 40.05204032172629],
              [-119.99735912470732, 40.05608032157299],
              [-119.99734512536195, 40.0575433215045],
              [-119.99734512536195, 40.05757932192885],
              [-119.99734512536195, 40.05759032165361],
              [-119.99732112597081, 40.06025932165186],
              [-119.99723312610726, 40.069817322844315],
              [-119.99724712724928, 40.07014732260071],
              [-119.99728612760734, 40.071044322602155],
              [-119.99728912618376, 40.071642322685406],
              [-119.99729012690699, 40.07177232323417],
              [-119.9972911267319, 40.07210032274384],
              [-119.99730512787391, 40.07478232281534],
              [-119.99731712756947, 40.07721332331759],
              [-119.99731712756947, 40.07727132362853],
              [-119.99732012794253, 40.07776132392826],
              [-119.99732312831557, 40.07841732348073],
              [-119.99732312831557, 40.07850432376507],
              [-119.99732712851352, 40.07923232369946],
              [-119.9973321276381, 40.080171323614834],
              [-119.99734112875724, 40.08174732351321],
              [-119.99734112875724, 40.081810323682866],
              [-119.99733612873436, 40.08378432398256],
              [-119.99733612873436, 40.08391232398208],
              [-119.99733412818624, 40.0845283240933],
              [-119.9973311287115, 40.085786324052044],
              [-119.9973311287115, 40.0859783241568],
              [-119.99733412908455, 40.08696332433679],
              [-119.99733912910742, 40.08924732460491],
              [-119.99733912910742, 40.089345324890665],
              [-119.99734212948044, 40.090504324019804],
              [-119.99734212948044, 40.09051832439975],
              [-119.99734313020369, 40.09083132409257],
              [-119.9973451298535, 40.091569324674296],
              [-119.99734613057673, 40.091793324841525],
              [-119.99734613057673, 40.09211932431382],
              [-119.99734712950334, 40.092734325169594],
              [-119.9973571304474, 40.09636832480879],
              [-119.99736513084329, 40.099996324744076],
              [-119.99733013068324, 40.103799325354466],
              [-119.99732913085832, 40.10396332546187],
              [-119.99732513155865, 40.104432325631656],
              [-119.99732313190884, 40.10463832557936],
              [-119.99732213208392, 40.105067325632994],
              [-119.99731713116273, 40.10526932549663],
              [-119.99731713116273, 40.10532132562295],
              [-119.99731513151292, 40.10541732532893],
              [-119.99731713116273, 40.105500325251775],
              [-119.99731713116273, 40.10572532599026],
              [-119.9972981317945, 40.10757232572982],
              [-119.99726913148216, 40.11091432681623],
              [-119.9972641323576, 40.11134332645072],
              [-119.99724213261628, 40.11330632656685],
              [-119.99722813327091, 40.1145033267593],
              [-119.99720213333163, 40.11670032655407],
              [-119.99716513352172, 40.11979132689881],
              [-119.9971641336968, 40.120037327465255],
              [-119.9971501343514, 40.12490932725746],
              [-119.99717713411562, 40.126085328002084],
              [-119.9971831348617, 40.12632732741743],
              [-119.99710913524186, 40.12944532743308],
              [-119.99701513732715, 40.14258432923416],
              [-119.99702813864427, 40.15328232950856],
              [-119.99702813864427, 40.15343232926447],
              [-119.99702913846916, 40.15433632985027],
              [-119.99702913846916, 40.1544973298823],
              [-119.9970311390173, 40.15602532952188],
              [-119.99703213884221, 40.15716333020062],
              [-119.99698113878858, 40.15858933051456],
              [-119.99698113878858, 40.15884733084527],
              [-119.99698013896368, 40.159228330498806],
              [-119.99695714029579, 40.17158533186154],
              [-119.99700714232114, 40.18329133213221],
              [-119.99700814214603, 40.18357233243779],
              [-119.99701914201668, 40.18624033269372],
              [-119.99696414266342, 40.187454332838],
              [-119.99693614307434, 40.18873333287206],
              [-119.996679144953, 40.200398333717445],
              [-119.996672144382, 40.20069933429838],
              [-119.99663314492227, 40.20615033426134],
              [-119.99662414559974, 40.207437334406734],
              [-119.99658014611713, 40.21352733494859],
              [-119.9965411475557, 40.218925335327434],
              [-119.99654014683247, 40.21900533555342],
              [-119.99646414846111, 40.22968633614244],
              [-119.99647314868196, 40.23086133642906],
              [-119.99634515043206, 40.24427333751174],
              [-119.9962991504013, 40.24532233759056],
              [-119.99629715075147, 40.245454338000094],
              [-119.99629715075147, 40.245468337997266],
              [-119.99627815138324, 40.24991133813958],
              [-119.9962751519085, 40.25810533856408],
              [-119.9962751519085, 40.2582333385969],
              [-119.9962751519085, 40.25875233904438],
              [-119.996273153157, 40.259214338510574],
              [-119.996273153157, 40.25926533918421],
              [-119.996273153157, 40.25928333913054],
              [-119.99627215333209, 40.25930333944608],
              [-119.99627215333209, 40.2593363387542],
              [-119.99627015278392, 40.25979533849216],
              [-119.99626915295903, 40.25997433889467],
              [-119.99626915295903, 40.26035233896986],
              [-119.99627115350717, 40.262434339072065],
              [-119.99627115350717, 40.26247633948552],
              [-119.99627115350717, 40.263500338789164],
              [-119.99627115350717, 40.26362133940663],
              [-119.99627215333209, 40.26412233894053],
              [-119.99627215333209, 40.264252339470694],
              [-119.99627815497648, 40.27452634015069],
              [-119.99629715524306, 40.277570340821555],
              [-119.9963131560349, 40.28008134053364],
              [-119.9963131560349, 40.280143340590506],
              [-119.99631515568471, 40.28055034077921],
              [-119.99631615550963, 40.28069534069063],
              [-119.99639415712406, 40.29317734233701],
              [-119.99651715984265, 40.31299034387727],
              [-119.99651715984265, 40.31306034312963],
              [-119.99651816056588, 40.3132133430728],
              [-119.99652116004063, 40.313676343148444],
              [-119.99652516113689, 40.31432934381695],
              [-119.9965281597133, 40.31474834287743],
              [-119.99652916043655, 40.31493434336485],
              [-119.99653516028431, 40.31583734400678],
              [-119.99653616100755, 40.31598134352067],
              [-119.99654916052802, 40.318136343890075],
              [-119.99654616105329, 40.31854534402908],
              [-119.9965391613806, 40.319797344080435],
              [-119.99653116098467, 40.32096834477065],
              [-119.99653016115978, 40.32115134400559],
              [-119.99653016115978, 40.321232343901535],
              [-119.99653016115978, 40.32125734416266],
              [-119.99652616186013, 40.32184534418262],
              [-119.99652316148708, 40.322249344065526],
              [-119.99651216161644, 40.324084344683826],
              [-119.99651116179152, 40.324167343624865],
              [-119.9965051619437, 40.32518034449973],
              [-119.99650416211881, 40.32527734474664],
              [-119.99645816298639, 40.33264634524438],
              [-119.9963521644778, 40.33919934571544],
              [-119.9963521644778, 40.33921334547759],
              [-119.99634916410474, 40.33937034583912],
              [-119.9963451639068, 40.33960834559014],
              [-119.99622516515453, 40.34700434577388],
              [-119.99620716471284, 40.34796034595289],
              [-119.99597316705604, 40.360160347555095],
              [-119.9959681670332, 40.360458348026484],
              [-119.99596616648506, 40.360552347355224],
              [-119.99594916676661, 40.361421347402306],
              [-119.99593616724614, 40.36220434782213],
              [-119.99577316793784, 40.372421348594735],
              [-119.99577316793784, 40.372432348660325],
              [-119.99574716889686, 40.374020348373286],
              [-119.99571816858457, 40.37583534863542],
              [-119.99571616983307, 40.384850349843276],
              [-119.99571517090646, 40.39041934975232],
              [-119.99570017173615, 40.394341350006805],
              [-119.99568817204059, 40.39719935056918],
              [-119.9956871722157, 40.397567350594],
              [-119.99567617234504, 40.4002093504326],
              [-119.99567117232215, 40.401464351188444],
              [-119.99566917267234, 40.402000350760495],
              [-119.99566917267234, 40.40207635076783],
              [-119.99566917267234, 40.40219435042919],
              [-119.9956681728474, 40.402327351028646],
              [-119.9956681728474, 40.40241335050481],
              [-119.9956651733727, 40.40326535135856],
              [-119.99565917262659, 40.404723351258454],
              [-119.9956581728017, 40.40495035129409],
              [-119.9956581728017, 40.406273350763584],
              [-119.99565417440036, 40.416450351559696],
              [-119.99565417440036, 40.41653035199245],
              [-119.99565417440036, 40.41860535234208],
              [-119.99565317457544, 40.4202093526515],
              [-119.99565317457544, 40.420410352150455],
              [-119.99565217564883, 40.42420035273341],
              [-119.99564017595327, 40.42828035314061],
              [-119.99563817630346, 40.42888235297857],
              [-119.9956111783359, 40.43837135373859],
              [-119.99561617746046, 40.43941035394395],
              [-119.99564417884618, 40.445576354918316],
              [-119.99564517867111, 40.445746354320086],
              [-119.99567717935646, 40.45290735492824],
              [-119.99569118139681, 40.47016435676272],
              [-119.99570018341426, 40.48175735807402],
              [-119.99580918588916, 40.49625335841945],
              [-119.9957971861936, 40.499908359490426],
              [-119.99584318802097, 40.51073035993213],
              [-119.99581918952816, 40.522721360685445],
              [-119.99581918952816, 40.52292836039059],
              [-119.99581119003055, 40.526933361320246],
              [-119.99582319152273, 40.53526036168442],
              [-119.99582419224598, 40.535644361385096],
              [-119.99583319246679, 40.541633362565264],
              [-119.99588419341875, 40.54907936304987],
              [-119.99588519324367, 40.54919736265978],
              [-119.99590919353311, 40.55265636353047],
              [-119.99591019335803, 40.55281336368402],
              [-119.99592119412698, 40.55426036383142],
              [-119.99592119412698, 40.554315363561656],
              [-119.99593219399765, 40.555889363771264],
              [-119.99593319472088, 40.556054363589624],
              [-119.99593319472088, 40.55607336407206],
              [-119.99593519437067, 40.55651636337473],
              [-119.9959361941956, 40.55664936367322],
              [-119.99598919659398, 40.57055536442674],
              [-119.996180197288, 40.580831365401814],
              [-119.99618419748597, 40.5810503659084],
              [-119.99624419865874, 40.58428936621732],
              [-119.99627319897105, 40.58500936586086],
              [-119.99661320052633, 40.598748367651666],
              [-119.99665720090725, 40.59945236712602],
              [-119.9967362023466, 40.61078336795869],
              [-119.99673920271965, 40.61128536882116],
              [-119.9967502025903, 40.6128133677599],
              [-119.99675220224012, 40.613137368946546],
              [-119.99675420278825, 40.613347368573436],
              [-119.99677420287975, 40.61391436883821],
              [-119.99677620342788, 40.61424236823657],
              [-119.9967782030777, 40.61464536791444],
              [-119.99678520275042, 40.61632236818644],
              [-119.99680620356513, 40.62075836924678],
              [-119.99682420400678, 40.62476936943489],
              [-119.9968252038317, 40.62491036941877],
              [-119.99682920402962, 40.625146369625085],
              [-119.99683020475287, 40.62521436906757],
              [-119.99683420495084, 40.62552136999996],
              [-119.99684020390029, 40.625902369479],
              [-119.99684620464642, 40.62627636950392],
              [-119.99684620464642, 40.626298369720864],
              [-119.996861204715, 40.62727636981338],
              [-119.99687020493585, 40.627858369667166],
              [-119.99689520505018, 40.628391370051915],
              [-119.99691620586489, 40.62993336970047],
              [-119.99700420572846, 40.636345370676594],
              [-119.99708620664254, 40.642325370856405],
              [-119.99707520677188, 40.6429133707769],
              [-119.99725120829561, 40.656907371834315],
              [-119.99724820971919, 40.6573743714538],
              [-119.99749021136515, 40.67142737337455],
              [-119.99743921131154, 40.671428373575374],
              [-119.9974792114945, 40.67191837341543],
              [-119.99749121119007, 40.67304537341748],
              [-119.9974932117382, 40.67319037296809],
              [-119.99760321224137, 40.68355237425418],
              [-119.99785021570683, 40.70189537551322],
              [-119.99785121553175, 40.70195737525406],
              [-119.99785721537953, 40.702421375480704],
              [-119.9978602157526, 40.702638375672116],
              [-119.99810121847196, 40.720493377271794],
              [-119.99810421884501, 40.720707377381196],
              [-119.99810821814464, 40.72104537688428],
              [-119.99811121851769, 40.721262376981926],
              [-119.99840022091766, 40.74269137823572],
              [-119.99842222155728, 40.74432837922312],
              [-119.99849222277578, 40.74990437992159],
              [-119.99849922244846, 40.75047737958734],
              [-119.99851522324033, 40.751449379179334],
              [-119.9986472243831, 40.75923838060549],
              [-119.99877522532796, 40.77160138153007],
              [-119.99879822579248, 40.7738553812622],
              [-119.998785226272, 40.7755463822398],
              [-119.998756226858, 40.77952638258334],
              [-119.99873222656856, 40.78274038240579],
              [-119.99868922870748, 40.78850838288199],
              [-119.99867022933924, 40.794161382848806],
              [-119.99868522940784, 40.79612438378018],
              [-119.99868622923275, 40.796217383270786],
              [-119.9987022300246, 40.79826238364954],
              [-119.99870322984951, 40.798347384268624],
              [-119.99875422990311, 40.8048793841975],
              [-119.99876823104515, 40.80673338487087],
              [-119.99876823104515, 40.80674538464928],
              [-119.99877023159327, 40.806934384273234],
              [-119.99877123051988, 40.80704538452465],
              [-119.9988282322179, 40.814386384964806],
              [-119.99888623374086, 40.821791385081696],
              [-119.99891423422828, 40.831372385883164],
              [-119.99891423422828, 40.83153438643905],
              [-119.9989152340532, 40.83181638603452],
              [-119.99891623477642, 40.831985386338054],
              [-119.99891623477642, 40.832095386312275],
              [-119.9991802379603, 40.85786538883889],
              [-119.99923023908735, 40.863804388654614],
              [-119.9992472397041, 40.865883388322615],
              [-119.9992472397041, 40.865899389608636],
              [-119.9992602392246, 40.86745338926806],
              [-119.99927624001641, 40.86934438923986],
              [-119.99929124008503, 40.871082389511265],
              [-119.99929224080826, 40.87121138955636],
              [-119.99929224080826, 40.8712373893823],
              [-119.99929324063318, 40.87137538969838],
              [-119.9992942404581, 40.87147138939421],
              [-119.99930124013079, 40.87236838993009],
              [-119.99929924048094, 40.873092389986546],
              [-119.99929924048094, 40.873106389757595],
              [-119.99929924048094, 40.87316438926286],
              [-119.99929824065602, 40.87364039016918],
              [-119.99929824065602, 40.87375639023101],
              [-119.99929723993282, 40.87397138986091],
              [-119.99929524118131, 40.874903389651564],
              [-119.99928024021439, 40.87538939016079],
              [-119.99927324144, 40.87563438945342],
              [-119.99926524104407, 40.87590539058685],
              [-119.99926424121915, 40.8759363898262],
              [-119.9993012419274, 40.883875390476845],
              [-119.99932524311515, 40.88900639102172],
              [-119.99938424446303, 40.90134439203614],
              [-119.99942224679279, 40.91368139329898],
              [-119.99942224679279, 40.91370439287733],
              [-119.99942224679279, 40.91384939322232],
              [-119.99942424644264, 40.914420393310024],
              [-119.99942624699077, 40.91499839342396],
              [-119.99942824664059, 40.91561839273207],
              [-119.99942824664059, 40.91562939324211],
              [-119.99943124701363, 40.91676639282958],
              [-119.99943424648838, 40.91716539335631],
              [-119.9994572469529, 40.920799393697074],
              [-119.9995182488489, 40.93029239435995],
              [-119.99959925173471, 40.94870639555263],
              [-119.99960625230571, 40.94916539615714],
              [-119.9996532521614, 40.95224839595055],
              [-119.99968025372219, 40.95989439702137],
              [-119.99968025372219, 40.959902396472124],
              [-119.99969525379082, 40.96399639654784],
              [-119.99988825862623, 40.99989939944538],
              [-119.99984226039209, 41.005589401141194],
              [-119.99984226039209, 41.00564440060645],
              [-119.99983326017127, 41.00676840021926],
              [-119.9998282601484, 41.00682440063223],
              [-119.99987526090239, 41.007519400646586],
              [-119.99985726135904, 41.011920400995734],
              [-119.99985726135904, 41.011930401235205],
              [-119.99984526076514, 41.01476340124143],
              [-119.99983026159485, 41.01839740147974],
              [-119.99982326282046, 41.01991940190081],
              [-119.99982326282046, 41.01997640167869],
              [-119.99981526242453, 41.021841401775944],
              [-119.99981526242453, 41.02195640169049],
              [-119.99981426259964, 41.02221640169997],
              [-119.99990126533322, 41.039543403874234],
              [-119.99988826671107, 41.05404640486674],
              [-119.9999722690716, 41.065826405221955],
              [-119.99995526935315, 41.06851040514227],
              [-120.00005227213248, 41.08300440695971],
              [-120.00002127396698, 41.102322408189586],
              [-120.00002127396698, 41.102467408332785],
              [-120.00001027589295, 41.109752408596904],
              [-120.00001027589295, 41.11213740887004],
              [-120.00001027589295, 41.11224240946201],
              [-120.00001027589295, 41.11289140874924],
              [-120.00000827714142, 41.12256440939152],
              [-120.00002427793329, 41.12490341036119],
              [-119.99998727812337, 41.12656941044283],
              [-119.99991928014792, 41.1379094117332],
              [-119.99991828032302, 41.138056410946696],
              [-119.99991828032302, 41.138089410780104],
              [-119.99991828032302, 41.1381294108019],
              [-119.99991727959979, 41.13816541107128],
              [-119.99991727959979, 41.13819041139706],
              [-119.9999162797749, 41.138367411239116],
              [-119.99991127975201, 41.13927241173903],
              [-119.99990827937897, 41.139898411794384],
              [-119.99990627972912, 41.14024041109701],
              [-119.99988028068817, 41.144515412234746],
              [-119.99988028068817, 41.14457741213661],
              [-119.99981228181446, 41.15592641334249],
              [-119.9998222836568, 41.16227441327704],
              [-119.9998222836568, 41.16231341318474],
              [-119.99982028310868, 41.1623334132498],
              [-119.99982328348172, 41.16235241306924],
              [-119.99982628295646, 41.16435341407896],
              [-119.9998282835046, 41.165256413288965],
              [-119.9998282835046, 41.16542941301517],
              [-119.9998282835046, 41.165757413810354],
              [-119.99983628479883, 41.17057441450941],
              [-119.99986028508827, 41.17332741358648],
              [-119.99986028508827, 41.1733504138858],
              [-119.99988728485246, 41.176449413823796],
              [-119.99987928715149, 41.183979414981664],
              [-119.99987728660334, 41.184778414756],
              [-119.99986128850647, 41.193653415579206],
              [-119.9998592879583, 41.19457841635308],
              [-119.99984528861293, 41.201513416351354],
              [-119.99984428878801, 41.20199741614215],
              [-119.99983828983854, 41.205026416739535],
              [-119.99983629018872, 41.20587741670012],
              [-119.99983428964059, 41.20670641725493],
              [-119.99983428964059, 41.20672841708255],
              [-119.99983328981567, 41.20701941736297],
              [-119.99983328981567, 41.207309416796214],
              [-119.99983129016586, 41.208548416956944],
              [-119.9998282897928, 41.20978741730878],
              [-119.99982728996788, 41.21050141732424],
              [-119.99982529031809, 41.211215417657094],
              [-119.99982029119352, 41.21346741722467],
              [-119.99981529117065, 41.21571941765586],
              [-119.9998052911249, 41.22059541819642],
              [-119.9997952928758, 41.22547141872745],
              [-119.99979229250272, 41.22681441843177],
              [-119.99978929302799, 41.22815741892818],
              [-119.99978329407854, 41.23122541911133],
              [-119.99977629440585, 41.23429441903433],
              [-119.99977329403278, 41.23606641867815],
              [-119.9997802946038, 41.23663041892189],
              [-119.99979329502258, 41.241856419466465],
              [-119.99979329502258, 41.24195341939664],
              [-119.99988029595954, 41.24427541977518],
              [-119.9999412951606, 41.24589241977754],
              [-120.00008629672216, 41.24976342071377],
              [-120.00006229733106, 41.256380420877825],
              [-120.00006129750616, 41.25677042090358],
              [-120.00004329796279, 41.263362421853415],
              [-120.00004129831298, 41.264010421269866],
              [-120.00002929861739, 41.26649242169908],
              [-120.00002929861739, 41.266553421600506],
              [-120.00002929861739, 41.267428421342004],
              [-120.00002929861739, 41.26749842224624],
              [-120.00000329957645, 41.274799422487185],
              [-120.00000229975156, 41.27501742249158],
              [-119.99994530254507, 41.29243842436256],
              [-119.99994430272018, 41.29280242404053],
              [-119.99992130315394, 41.29975542413193],
              [-119.99989830538436, 41.307072424994985],
              [-119.99987830619118, 41.313106425286946],
              [-119.99984930677718, 41.32249642597171],
              [-119.99984930677718, 41.32261542614818],
              [-119.99984530747754, 41.32364242687247],
              [-119.99983330778197, 41.32732442676088],
              [-119.99983330778197, 41.327455426460396],
              [-119.99974731205982, 41.35558142916191],
              [-119.99971231369635, 41.365115429523094],
              [-119.99971331352127, 41.36532842983745],
              [-119.9997293134148, 41.36781942973869],
              [-119.99977031521931, 41.37465543071894],
              [-119.99971631838591, 41.398217432580026],
              [-119.99969532026614, 41.40643243283467],
              [-119.99968731987022, 41.410583432771205],
              [-119.99967832144603, 41.414735434018],
              [-119.99967232159824, 41.41767243403746],
              [-119.99966632264874, 41.420609433955],
              [-119.99967432214638, 41.42216343486874],
              [-119.99966132262587, 41.4231454344131],
              [-119.99966132262587, 41.4232804337292],
              [-119.99965532277808, 41.42641543530792],
              [-119.99964832310542, 41.42968443500251],
              [-119.9996463243539, 41.43247543547672],
              [-119.99964432470408, 41.43526543573213],
              [-119.99963532448324, 41.43581643594763],
              [-119.99963532448324, 41.43607843542987],
              [-119.99963432465835, 41.43634043587492],
              [-119.99963432465835, 41.43641843588533],
              [-119.99962532533581, 41.44117743638744],
              [-119.99961532529008, 41.44593743666],
              [-119.99961232581536, 41.44733143657249],
              [-119.99960832651571, 41.449270436566565],
              [-119.99960332739116, 41.45178543696642],
              [-119.99959432717031, 41.455955437032515],
              [-119.99957932889834, 41.46308943752423],
              [-119.99956532955295, 41.470223438092866],
              [-119.99953033118948, 41.478572439055455],
              [-119.99953033118948, 41.47867443866272],
              [-119.9995253311666, 41.48090343946161],
              [-119.99952133186697, 41.4827324390632],
              [-119.9995163318441, 41.48493743933144],
              [-119.99951133271955, 41.48714343991092],
              [-119.99950933306971, 41.48798943968685],
              [-119.99950733252157, 41.48883143937965],
              [-119.99950733252157, 41.4890114396908],
              [-119.99950733252157, 41.48902243911793],
              [-119.99949933302396, 41.49275644019365],
              [-119.99949133442468, 41.49646344048103],
              [-119.99949133442468, 41.4965044403484],
              [-119.99948833405162, 41.498200440607015],
              [-119.99948433385366, 41.49989944087123],
              [-119.99947833400589, 41.50023344051512],
              [-119.99905933729949, 41.521814442516146],
              [-119.99905633782475, 41.522869442653665],
              [-119.99903133771038, 41.52598444298808],
              [-119.99900633849435, 41.529099442655756],
              [-119.99897033850935, 41.533575443861764],
              [-119.99893433942263, 41.53805044345968],
              [-119.99891133985642, 41.540876443444546],
              [-119.99888934011513, 41.54370344409785],
              [-119.9988813406175, 41.54467044457194],
              [-119.9988733411199, 41.54563744403103],
              [-119.99887234039669, 41.5457704437069],
              [-119.99877634283217, 41.55783944560555],
              [-119.99877534300725, 41.55794844564062],
              [-119.99875834328881, 41.56009544569322],
              [-119.99858834700277, 41.58143744671014],
              [-119.99832035170576, 41.61554944949573],
              [-119.99831635150778, 41.616197449621914],
              [-119.99830835201017, 41.61747844948832],
              [-119.99830035251257, 41.6188234500385],
              [-119.99887435262292, 41.624942451111664],
              [-119.9989103570995, 41.6544364526287],
              [-119.9989153580207, 41.657904452724],
              [-119.99890635869816, 41.658516453569796],
              [-119.99883535855308, 41.66371345446254],
              [-119.99883535945136, 41.663772454407706],
              [-119.99883235907835, 41.66425445393652],
              [-119.99883235907835, 41.66432645371232],
              [-119.9988363592763, 41.665153454162464],
              [-119.9988363592763, 41.665163453921984],
              [-119.99876736057763, 41.671333454313306],
              [-119.99876436110289, 41.67480345449177],
              [-119.99876436110289, 41.67486645471308],
              [-119.99876036090494, 41.67594845491748],
              [-119.99874336388147, 41.69168745607488],
              [-119.99871136858597, 41.72063745846591],
              [-119.99830837267143, 41.7499204608257],
              [-119.99834537337965, 41.75558046125952],
              [-119.99848537581668, 41.77365746250606],
              [-119.99848637653993, 41.77372246280888],
              [-119.99851237647918, 41.776920462949676],
              [-119.9985133772024, 41.776990462855295],
              [-119.99864237887046, 41.79369346401508],
              [-119.99868737997463, 41.79929846440919],
              [-119.99868838069786, 41.7994834652003],
              [-119.99870738096442, 41.80207646509934],
              [-119.99870838078934, 41.80217046525033],
              [-119.99870838078934, 41.80217946467335],
              [-119.99890938422406, 41.82740946723596],
              [-119.99890938422406, 41.82747046634233],
              [-119.99897038522172, 41.83513246772354],
              [-119.99897138594496, 41.83519546738453],
              [-119.99904838683618, 41.84475146784642],
              [-119.99922739052958, 41.86714646987903],
              [-119.99928939225049, 41.874900470136126],
              [-119.9992823925778, 41.88211747054354],
              [-119.9992743948768, 41.8912914717433],
              [-119.99926639627753, 41.89946147273853],
              [-119.99926639627753, 41.899626472200204],
              [-119.99930839611032, 41.90250347296486],
              [-119.99930839700865, 41.90284747220252],
              [-119.99930539663559, 41.90635547289054],
              [-119.99930539663559, 41.90654347299134],
              [-119.99934339716876, 41.90764847267144],
              [-119.99934539681857, 41.907707473196446],
              [-119.99931839885102, 41.92223547382683],
              [-119.9993173990261, 41.92257547470306],
              [-119.9993154002746, 41.92375347381078],
              [-119.99931340062477, 41.924930474688054],
              [-119.9992784022613, 41.943491475485594],
              [-119.99924340569449, 41.961978477389984],
              [-119.99924340569449, 41.962052477185196],
              [-119.99921740845014, 41.97516847847229],
              [-119.99920340820645, 41.9789804784125],
              [-119.99920340820645, 41.97905247910564],
              [-119.99918141026177, 41.994545479853585],
              [-120.00105741147694, 41.995144479673115],
              [-120.01349741268544, 41.995133478476646],
              [-120.0211174152021, 41.99512547760535],
              [-120.03154941674762, 41.99511347696411],
              [-120.03666841698684, 41.99511047663653],
              [-120.04098241803534, 41.99510347653927],
              [-120.04213341862909, 41.99510347653927],
              [-120.04214541742635, 41.99510247642998],
              [-120.04255941770312, 41.99510147632061],
              [-120.04267241768102, 41.99510247642998],
              [-120.0447154193008, 41.995099476101885],
              [-120.04675941894882, 41.99509747588305],
              [-120.0471394188904, 41.99509047578441],
              [-120.04716541882966, 41.99509047578441],
              [-120.04731041859462, 41.99509347544529],
              [-120.0474554192579, 41.99509647577366],
              [-120.04996741960937, 41.99509447555472],
              [-120.05169742033637, 41.99508347568495],
              [-120.05438042039208, 41.99506647448643],
              [-120.0563384207247, 41.99505347505924],
              [-120.05660142049042, 41.995054474501714],
              [-120.05850442057147, 41.99504147507207],
              [-120.05967842073144, 41.99503447429959],
              [-120.07159442295662, 41.9949604734303],
              [-120.07193742308831, 41.99495947331875],
              [-120.0724164227641, 41.99495447342823],
              [-120.08183942490437, 41.994892472483514],
              [-120.09113742647287, 41.994845471845494],
              [-120.11289542934138, 41.99473147016809],
              [-120.11620743065735, 41.99471447021083],
              [-120.11652243030161, 41.994712469979945],
              [-120.12055743169086, 41.99469246967033],
              [-120.1260284322826, 41.99467546903501],
              [-120.13265043256973, 41.994657467611205],
              [-120.13312743349404, 41.99465646883015],
              [-120.13360743299474, 41.99465646883015],
              [-120.15190143600793, 41.99460446609699],
              [-120.15195043641175, 41.99460246653029],
              [-120.15533443679942, 41.994593466142476],
              [-120.1594724372225, 41.99459246602516],
              [-120.15956243673588, 41.99459246602516],
              [-120.1607244380986, 41.994593466142476],
              [-120.16602043788983, 41.99459046512279],
              [-120.18167244085518, 41.99459746394119],
              [-120.19792244332206, 41.99446446222496],
              [-120.19997344354107, 41.99443946257413],
              [-120.20001844374691, 41.994388461787096],
              [-120.20126544460017, 41.99443246240307],
              [-120.20252044495099, 41.99442246253888],
              [-120.20278244399348, 41.99442146241883],
              [-120.20304444483264, 41.99442146241883],
              [-120.20577544546722, 41.994395461962995],
              [-120.21755644707488, 41.99413646028334],
              [-120.22042544780174, 41.99407245962594],
              [-120.22292244718632, 41.99401746004238],
              [-120.22542044729408, 41.99396345987085],
              [-120.22864844894448, 41.99388745950239],
              [-120.23066144952868, 41.99384845982275],
              [-120.23096144910433, 41.99384345917734],
              [-120.24218145102044, 41.99362045870081],
              [-120.2446794511282, 41.99356745765828],
              [-120.24492445135061, 41.993563458459604],
              [-120.24805245164524, 41.993507457634124],
              [-120.25006445240452, 41.993467457586604],
              [-120.25073945189891, 41.99345445783281],
              [-120.25366745307532, 41.993422457503115],
              [-120.25786745342266, 41.99337645658368],
              [-120.26259445402475, 41.99332445681054],
              [-120.2722214563795, 41.99321945566265],
              [-120.27694245623547, 41.99316745576123],
              [-120.28643745834577, 41.99306345449574],
              [-120.28728145789455, 41.993053454416454],
              [-120.28921145773977, 41.99303345425318],
              [-120.29065845860953, 41.993016454510034],
              [-120.29138745853058, 41.99300945418246],
              [-120.29209445960866, 41.993040453910446],
              [-120.29276045888219, 41.993054453890345],
              [-120.29294045880725, 41.99304145338453],
              [-120.29359245963371, 41.99302945368562],
              [-120.2937254597031, 41.99302645392748],
              [-120.29442545931185, 41.99301345408361],
              [-120.29455945920616, 41.99301745398451],
              [-120.2965194600869, 41.992990453480246],
              [-120.29752745966724, 41.99299845395229],
              [-120.29808845935878, 41.993003453328804],
              [-120.2997704604052, 41.99302045307542],
              [-120.29985246042094, 41.99301645384238],
              [-120.30165645986949, 41.99301445355812],
              [-120.30405246076832, 41.993054453222676],
              [-120.30669246116634, 41.99313145272317],
              [-120.30695646075698, 41.993139452509865],
              [-120.30732246135317, 41.99314045265001],
              [-120.30863246105729, 41.99316445267132],
              [-120.3100634620335, 41.993177451816734],
              [-120.31397946180044, 41.99312745216183],
              [-120.3175934632402, 41.99315645155249],
              [-120.31839046293331, 41.993152451660336],
              [-120.31842946329137, 41.99315145218799],
              [-120.3211064634993, 41.99313945117455],
              [-120.32388746346429, 41.99315045138035],
              [-120.32576446450437, 41.99314845110031],
              [-120.326028464095, 41.99314845110031],
              [-120.32641146440966, 41.9931614509166],
              [-120.32855246504037, 41.993227450764714],
              [-120.32867046504117, 41.99323245145852],
              [-120.33290446572371, 41.99324545059004],
              [-120.33714046695442, 41.99325944985718],
              [-120.37613347230383, 41.99338644659748],
              [-120.37803047343543, 41.99339144594353],
              [-120.39531647597, 41.99343544457813],
              [-120.40466347704397, 41.99345944382055],
              [-120.41400947919136, 41.99348244358678],
              [-120.457702486277, 41.99359243962523],
              [-120.48823549155557, 41.99373143660521],
              [-120.50122249311028, 41.99378943549066],
              [-120.50601149363663, 41.99378243458045],
              [-120.5072554941168, 41.99377743526517],
              [-120.508488493828, 41.993772435281784],
              [-120.51019249461572, 41.993771435151515],
              [-120.51800449585468, 41.99375243400917],
              [-120.5202624966613, 41.993747434023824],
              [-120.52228649711613, 41.99374243337048],
              [-120.53255949775468, 41.993718432899456],
              [-120.53324149871835, 41.993716432637264],
              [-120.54509249974792, 41.993689431761865],
              [-120.54795050060413, 41.993647430896694],
              [-120.56984850411303, 41.99332242983003],
              [-120.57214950457733, 41.99328842982592],
              [-120.57364350440446, 41.99327942925233],
              [-120.58243550563465, 41.99322342817695],
              [-120.59122650793825, 41.99316742771995],
              [-120.59147550746029, 41.993165427440445],
              [-120.59192350807224, 41.99316242768865],
              [-120.59210050762425, 41.99316142754885],
              [-120.597585509358, 41.99312742679108],
              [-120.60306950947019, 41.993092426541914],
              [-120.60327950953246, 41.993091426400966],
              [-120.60441550915931, 41.993091426400966],
              [-120.60555951008037, 41.99309042626],
              [-120.60561750980668, 41.99309042626],
              [-120.60643851068755, 41.99309042626],
              [-120.61616351205332, 41.99309042559239],
              [-120.61620051186324, 41.99309042559239],
              [-120.61632251206197, 41.99309042559239],
              [-120.61803751182204, 41.99309042559239],
              [-120.61975351230532, 41.99309042492472],
              [-120.62203451267811, 41.99308942478375],
              [-120.62431651287584, 41.99308942478375],
              [-120.62509851339865, 41.99308842464275],
              [-120.62615251390805, 41.99308842464275],
              [-120.62876251416881, 41.99308542421976],
              [-120.63021351433821, 41.99308342393763],
              [-120.63369151443723, 41.99308042351436],
              [-120.6346395146414, 41.99308042351436],
              [-120.63863551567259, 41.9930854235521],
              [-120.64263051598054, 41.993089422780805],
              [-120.6433535160538, 41.993089422780805],
              [-120.6440775168503, 41.993089422780805],
              [-120.64719151690122, 41.993089422780805],
              [-120.65140951769025, 41.993190422250514],
              [-120.65322351808281, 41.99323342155303],
              [-120.65341251733041, 41.99323742210775],
              [-120.6555105174051, 41.99328942195195],
              [-120.69058152403817, 41.99368241815544],
              [-120.69101852388117, 41.99368241815544],
              [-120.69114652392769, 41.993684418418695],
              [-120.69254952441652, 41.993699419056014],
              [-120.69375752401338, 41.993714418354436],
              [-120.69394452450945, 41.993684418418695],
              [-120.69449452433035, 41.99371641861675],
              [-120.69453552433822, 41.993711418628564],
              [-120.69483852518525, 41.99372741805514],
              [-120.70038752559478, 41.99378941813194],
              [-120.70083752495826, 41.993788418001934],
              [-120.7060205256699, 41.99377841803656],
              [-120.74769153374713, 41.993699414382476],
              [-120.74826153276119, 41.993698414251064],
              [-120.74839653248041, 41.993698414251064],
              [-120.74883253339681, 41.993697414119694],
              [-120.75049053325546, 41.99369441372536],
              [-120.76076053441926, 41.99381941200939],
              [-120.76509753593228, 41.99387341230308],
              [-120.7777615383451, 41.99404641095743],
              [-120.77784053798783, 41.994047411083336],
              [-120.77810653812661, 41.99405041146101],
              [-120.77837253736708, 41.994053410503305],
              [-120.77856753825905, 41.99405741100645],
              [-120.77870653817622, 41.994058411132215],
              [-120.77884853846645, 41.99406041071601],
              [-120.77894153835288, 41.99406141084173],
              [-120.77941153780783, 41.994068411053604],
              [-120.78090253905852, 41.99408841089168],
              [-120.81023154314161, 41.99418240857758],
              [-120.81071654356349, 41.99418440815752],
              [-120.81247554370448, 41.99418940744084],
              [-120.81952854488517, 41.99411240721733],
              [-120.82055454490715, 41.994101407177766],
              [-120.82156954505848, 41.99409040780397],
              [-120.82405154527272, 41.99406340708727],
              [-120.82653354638529, 41.99403740648517],
              [-120.830047545571, 41.994000406483096],
              [-120.8413085483933, 41.99388440503801],
              [-120.84271454835687, 41.9938804051916],
              [-120.84293254881507, 41.99387940506303],
              [-120.85136554912177, 41.99386040395286],
              [-120.85327855014685, 41.99385640477259],
              [-120.85473555106238, 41.99385240425677],
              [-120.85482455075083, 41.99385240425677],
              [-120.87601955337962, 41.993795402888026],
              [-120.8794945540039, 41.99378640171848],
              [-120.89111455595308, 41.99374340078664],
              [-120.89658055742025, 41.99371140060216],
              [-120.90692355837898, 41.99366539922395],
              [-120.90705155842548, 41.993664399092005],
              [-120.92515256199314, 41.99358539729932],
              [-120.92723656182415, 41.993579397835276],
              [-120.93530256260804, 41.99354239756694],
              [-120.93834356376237, 41.993529396493145],
              [-120.9457875647553, 41.9934993964702],
              [-120.94642956553604, 41.99349639606654],
              [-120.95833656664209, 41.993442395452966],
              [-120.95913256651028, 41.99343339490115],
              [-120.95980456742825, 41.993430394494375],
              [-120.96382656839867, 41.99341039444954],
              [-120.97395956929513, 41.99336339405238],
              [-120.98041457007605, 41.993332392478756],
              [-120.98050057118807, 41.993333392615874],
              [-120.98058657050348, 41.99333439275302],
              [-120.98080757043644, 41.99332639299082],
              [-120.98084157077163, 41.99332639299082],
              [-120.99014657201278, 41.9932883924376],
              [-120.99345757260555, 41.99327139209489],
              [-121.00085357391794, 41.99324139128267],
              [-121.01903957607776, 41.993310390125195],
              [-121.01909357650445, 41.993310390125195],
              [-121.03526057913062, 41.993329388728974],
              [-121.03531057935933, 41.993330388866134],
              [-121.03944757995751, 41.993422388067756],
              [-121.05620258293776, 41.99380538615967],
              [-121.06571458386816, 41.99402338535696],
              [-121.07420758534762, 41.994216384736774],
              [-121.09324958854846, 41.9946263832136],
              [-121.09489058868868, 41.994665383084204],
              [-121.09652258860804, 41.994733382938385],
              [-121.10547159019708, 41.995269382308976],
              [-121.1055775905023, 41.99527638238799],
              [-121.10604659103068, 41.99530538213483],
              [-121.1062605912909, 41.995319382284165],
              [-121.11125759222972, 41.99549238168148],
              [-121.12614459349238, 41.9960143806752],
              [-121.15446859836818, 41.99635637753328],
              [-121.16776360079277, 41.99635437601873],
              [-121.17672060187941, 41.99643937557227],
              [-121.18069760264402, 41.99647837566712],
              [-121.1989986053299, 41.99659837406311],
              [-121.19930760602472, 41.99660137432054],
              [-121.19961560599627, 41.99660337382449],
              [-121.19988860580776, 41.996604373910195],
              [-121.20016260634247, 41.99660837358542],
              [-121.20708460710358, 41.996692373382984],
              [-121.20869260673354, 41.99671137298005],
              [-121.20989560810412, 41.996719372984366],
              [-121.23420461078385, 41.99693837029249],
              [-121.23988561233618, 41.99698937037131],
              [-121.24762961380311, 41.99705936923489],
              [-121.25021261340139, 41.99724236933363],
              [-121.25028461426973, 41.9972693700369],
              [-121.25041761433911, 41.997317369627],
              [-121.2511136137499, 41.99757536964072],
              [-121.26066461503838, 41.9975923688338],
              [-121.26800061697463, 41.99754936780295],
              [-121.27598761811579, 41.99753136719202],
              [-121.28397461925695, 41.99751336657601],
              [-121.28524561950131, 41.99750936629004],
              [-121.28648761943334, 41.99750636607543],
              [-121.2865176204689, 41.99750636607543],
              [-121.28993662011835, 41.99750036631337],
              [-121.29524562122667, 41.99751136509785],
              [-121.29652662061847, 41.99751936566922],
              [-121.29658762071784, 41.99751936566922],
              [-121.29668562152543, 41.99751636545507],
              [-121.29678462125965, 41.99751236516935],
              [-121.29744562140861, 41.9975273649044],
              [-121.31005062337191, 41.99761836464557],
              [-121.31650762470093, 41.997343363548296],
              [-121.31750062511095, 41.99730136375919],
              [-121.31751262390821, 41.99730036368438],
              [-121.33076362685017, 41.996800362373314],
              [-121.33088662687382, 41.996796362710164],
              [-121.33456162751465, 41.996625362355],
              [-121.33469262703589, 41.9966333617025],
              [-121.33484762684658, 41.99660936165405],
              [-121.3350376277157, 41.996565361875504],
              [-121.3352496274278, 41.99653636136754],
              [-121.33541162780949, 41.996546362234845],
              [-121.33552062758945, 41.99657736157535],
              [-121.3395516278824, 41.99628636120607],
              [-121.33962462857566, 41.996313361647324],
              [-121.3398326280898, 41.99635236181945],
              [-121.34007462793915, 41.996366361738474],
              [-121.34022162825224, 41.996361361290845],
              [-121.34102662834127, 41.996359361111715],
              [-121.34137862869377, 41.9963733610292],
              [-121.34324162859185, 41.996376360629604],
              [-121.34338962783151, 41.9963783608082],
              [-121.34628262884783, 41.99641536076307],
              [-121.34947362889164, 41.996587359765705],
              [-121.34968062947921, 41.996587359765705],
              [-121.35216563006652, 41.99661636025043],
              [-121.35485863016797, 41.99664935972696],
              [-121.35985363145696, 41.99668735960874],
              [-121.36007063119192, 41.996686359524276],
              [-121.36026663101052, 41.996685359439844],
              [-121.36043663088982, 41.996690359194346],
              [-121.36057763135514, 41.99669135927874],
              [-121.36095163144893, 41.99669535961607],
              [-121.36918363281248, 41.99687735934488],
              [-121.37611463379446, 41.99703135834935],
              [-121.3789116345513, 41.99699535816456],
              [-121.37913163465932, 41.99699535816456],
              [-121.37953463416713, 41.99699535816456],
              [-121.39328163650335, 41.99690635635935],
              [-121.39369863715316, 41.99690935660225],
              [-121.39457763686207, 41.99691435700682],
              [-121.39862563777176, 41.99696435635723],
              [-121.40060063782282, 41.996988356271814],
              [-121.40330063759697, 41.99701535641529],
              [-121.40638263875917, 41.99704635552734],
              [-121.40741063932927, 41.997063355529356],
              [-121.40836063918326, 41.99706135537223],
              [-121.41070763967832, 41.997075354467675],
              [-121.41316763925295, 41.997111355274775],
              [-121.41587664014622, 41.997151355035044],
              [-121.41642363959409, 41.99715435393116],
              [-121.41714663966738, 41.99716035439346],
              [-121.41743264079595, 41.997168355008945],
              [-121.41745264088745, 41.997168355008945],
              [-121.4174796406516, 41.99716335462439],
              [-121.41751963993627, 41.9971703551627],
              [-121.4175926397312, 41.997168355008945],
              [-121.4177806409505, 41.99716535477825],
              [-121.41816664073987, 41.99716935508583],
              [-121.42286664157777, 41.99722235379649],
              [-121.42296664113685, 41.99722335387247],
              [-121.42306664159427, 41.997224353948496],
              [-121.42313564119128, 41.9972253540245],
              [-121.42710664210807, 41.997275353798194],
              [-121.42775764221133, 41.99730235381987],
              [-121.42815664241952, 41.99730435396936],
              [-121.42908164215913, 41.99729935359549],
              [-121.43051864298316, 41.99730935300765],
              [-121.43136964310297, 41.99732135323483],
              [-121.43222164214934, 41.99733235271786],
              [-121.43477764288177, 41.99737035285939],
              [-121.43554564316088, 41.997365353158315],
              [-121.43716364373486, 41.99738735210723],
              [-121.44017364402872, 41.99740835231066],
              [-121.44020564381577, 41.99740835231066],
              [-121.44037964389304, 41.997414352749],
              [-121.44111864385985, 41.99743835249392],
              [-121.44747164453351, 41.997491351648115],
              [-121.44755164489943, 41.99751235181723],
              [-121.44804364499404, 41.99748235233651],
              [-121.44810164561866, 41.9974783520486],
              [-121.44815264477397, 41.99747535183252],
              [-121.44825164540649, 41.99746935139993],
              [-121.45209964629966, 41.99745635179592],
              [-121.45224964608748, 41.99744835121663],
              [-121.45255564640925, 41.9974533515788],
              [-121.46216064722607, 41.997386350698584],
              [-121.46242464771504, 41.99736635122925],
              [-121.46313464736951, 41.99737535055732],
              [-121.46372664792153, 41.99738235040464],
              [-121.46709764878872, 41.997425350880775],
              [-121.47175064887261, 41.997483350405616],
              [-121.47215564982689, 41.99748834942986],
              [-121.47255264858862, 41.997493349788876],
              [-121.47284364884175, 41.99749735007585],
              [-121.48014365079297, 41.997587349122014],
              [-121.48111265001522, 41.99759934929676],
              [-121.48157365104596, 41.997605348381924],
              [-121.48277365114521, 41.997620349430235],
              [-121.4829896510553, 41.99762334830431],
              [-121.48320965116332, 41.99761034873175],
              [-121.48650965188541, 41.99766634794994],
              [-121.491357651963, 41.997725347990894],
              [-121.49246665272395, 41.99774334787934],
              [-121.49270265272548, 41.99774834821837],
              [-121.50059565325701, 41.997841347108555],
              [-121.50072365420186, 41.99784234717487],
              [-121.50095165380749, 41.99784534737364],
              [-121.50139665404642, 41.99784834757224],
              [-121.50242665336803, 41.9978863474057],
              [-121.50267665451162, 41.9978863474057],
              [-121.5059856545562, 41.99788234647563],
              [-121.51017665558105, 41.99791234643539],
              [-121.51215265545702, 41.99792734607617],
              [-121.51488865521618, 41.9979473460368],
              [-121.51912065624889, 41.99800334562605],
              [-121.52026165679689, 41.9979983453071],
              [-121.52174465765168, 41.99800034543472],
              [-121.52197065670917, 41.998013344927614],
              [-121.52216665652774, 41.99800634581725],
              [-121.52409965764433, 41.998025345022036],
              [-121.52526765705821, 41.9980373451142],
              [-121.52554365724275, 41.998039345240585],
              [-121.53027065874309, 41.998090344437166],
              [-121.53505465924658, 41.99813234370556],
              [-121.5351716585241, 41.99814134426047],
              [-121.53530765896654, 41.998152343601724],
              [-121.54002965954575, 41.99818534428457],
              [-121.54465466093886, 41.998225342702185],
              [-121.5448536611305, 41.99822834288291],
              [-121.54516866077476, 41.9982303430033],
              [-121.54930866084767, 41.99826634248947],
              [-121.54934766120573, 41.99826634248947],
              [-121.55797366275459, 41.99834134224363],
              [-121.55941466287825, 41.99835434233446],
              [-121.55943866316767, 41.99835434233446],
              [-121.56387666316641, 41.998423340974696],
              [-121.56403666389832, 41.99841834202391],
              [-121.57032566499787, 41.99848434109385],
              [-121.57321266526807, 41.998515340825556],
              [-121.58087866691719, 41.9986733407525],
              [-121.58286366701398, 41.998743339766605],
              [-121.58447566684187, 41.998800340041804],
              [-121.5878196679449, 41.998862339849865],
              [-121.58938466791712, 41.99889133929783],
              [-121.59453366829358, 41.99889333872983],
              [-121.59568166851429, 41.998949338154226],
              [-121.59586366898746, 41.99895833859359],
              [-121.59776166904562, 41.999052338433145],
              [-121.59820066853845, 41.99907533884857],
              [-121.59878466869456, 41.99910233877415],
              [-121.59915067018909, 41.999120338940706],
              [-121.60047866943654, 41.99907933836849],
              [-121.6019756696367, 41.99903233815218],
              [-121.60319767037555, 41.998997338479946],
              [-121.60365166993701, 41.99898533856881],
              [-121.60692867109287, 41.99901833815209],
              [-121.60730667048632, 41.999037337722335],
              [-121.6122156715616, 41.99933333774345],
              [-121.61598467191372, 41.999373337442236],
              [-121.61765567219116, 41.99939133686454],
              [-121.6228246735574, 41.999561336424065],
              [-121.62293167278919, 41.9995713361484],
              [-121.6266966738417, 41.9996163358898],
              [-121.62748967333687, 41.99962633627304],
              [-121.62828267462864, 41.999635335949094],
              [-121.62844967413491, 41.99963833606335],
              [-121.62853667417356, 41.99963933610137],
              [-121.62862367421216, 41.99964033613942],
              [-121.62879767339113, 41.99964233621544],
              [-121.62888667397792, 41.99964333625344],
              [-121.62897567366637, 41.999644336291375],
              [-121.62926867356934, 41.99964833644313],
              [-121.63951167586727, 41.99983433521019],
              [-121.64065267551696, 41.99985133446738],
              [-121.64182667567694, 41.99986933442207],
              [-121.6418506759664, 41.99986833438762],
              [-121.64186967623297, 41.999872334525286],
              [-121.6419076758678, 41.99986633431871],
              [-121.64195267607364, 41.9998673343532],
              [-121.64200967597506, 41.99986833438762],
              [-121.64616067681692, 41.99994633435622],
              [-121.6494886771281, 41.99999333389745],
              [-121.66012067869015, 42.00014233322197],
              [-121.6621366796474, 42.000170333392155],
              [-121.66279967944621, 42.00017933232364],
              [-121.6634616794201, 42.00018933328599],
              [-121.66966068100629, 42.000276331778934],
              [-121.67564468160899, 42.000272332334234],
              [-121.67570268133531, 42.00027333102717],
              [-121.67657768174456, 42.00029133219761],
              [-121.67818368172468, 42.00032333174396],
              [-121.6782496827452, 42.00032433177127],
              [-121.68030368243902, 42.00034533167303],
              [-121.68314368285354, 42.00039433097194],
              [-121.68444668288495, 42.00041633087651],
              [-121.68594068271206, 42.00044233087528],
              [-121.68905368383639, 42.00048133051973],
              [-121.69354168406385, 42.000603330759496],
              [-121.69955568570211, 42.000686329267694],
              [-121.70505868608087, 42.000771329043374],
              [-121.70539568636477, 42.000771329043374],
              [-121.70546668650988, 42.000810329153715],
              [-121.7055186863884, 42.000839329049164],
              [-121.70603868697042, 42.00080732909472],
              [-121.70625468688048, 42.000794329505055],
              [-121.70662268712651, 42.00081632927128],
              [-121.70751168688113, 42.00081632927128],
              [-121.70765568682117, 42.000828328837144],
              [-121.70782768635031, 42.00084232843907],
              [-121.70798368688425, 42.000853329316215],
              [-121.70806368725017, 42.00086232881869],
              [-121.70809968723518, 42.000852329297224],
              [-121.70821268631477, 42.00082032868178],
              [-121.71793568892902, 42.00095732786575],
              [-121.72988769024091, 42.0011263272324],
              [-121.73710269180332, 42.001228326644764],
              [-121.74564969191283, 42.00134932544115],
              [-121.75112169322779, 42.001426324919535],
              [-121.75155069357317, 42.00143532500855],
              [-121.75665469464208, 42.001543324642185],
              [-121.75667769420832, 42.001543324642185],
              [-121.75679469438417, 42.00154632466648],
              [-121.76355869585987, 42.00168932432526],
              [-121.76641269651812, 42.001749323979006],
              [-121.7665036958564, 42.00175132398878],
              [-121.77750669803753, 42.00198332268888],
              [-121.77755069841848, 42.00198432335767],
              [-121.77771969757454, 42.001988323362276],
              [-121.77779369719438, 42.00199032269697],
              [-121.77786669698932, 42.001991322698075],
              [-121.77800869727953, 42.00199432270124],
              [-121.77817669840736, 42.00199832270522],
              [-121.77820769747117, 42.001999322706205],
              [-121.78699669922666, 42.00218432127877],
              [-121.78720869893876, 42.00218832193841],
              [-121.78728069980708, 42.002190321934336],
              [-121.79132369979561, 42.00227532170359],
              [-121.79584370070845, 42.00234032078292],
              [-121.79604270000175, 42.002342320774105],
              [-121.79613770133462, 42.0023443207652],
              [-121.80568470242514, 42.002482319999054],
              [-121.80588670298981, 42.00248431998578],
              [-121.80596470280763, 42.0024863199724],
              [-121.81574170315363, 42.00262731953918],
              [-121.81602770428218, 42.00263131950341],
              [-121.82176270536286, 42.00271431870411],
              [-121.82449970494693, 42.00275331829112],
              [-121.82462270497057, 42.00275431828024],
              [-121.8247977057711, 42.00275831890399],
              [-121.82500570528522, 42.00276231885999],
              [-121.82508470492795, 42.00276331884896],
              [-121.82510670556758, 42.00276331884896],
              [-121.82515670579629, 42.002764318837876],
              [-121.82551470509826, 42.00276931811481],
              [-121.84672570851889, 42.003075316638316],
              [-121.84907770903679, 42.00309631696735],
              [-121.8491617096007, 42.00309731695102],
              [-121.8492327088475, 42.00309731695102],
              [-121.84929870986808, 42.00309831693473],
              [-121.85082570930713, 42.00310931608672],
              [-121.85971771009646, 42.0031783162466],
              [-121.8686087119592, 42.00324631501521],
              [-121.87136971273102, 42.003268314601236],
              [-121.87413071260453, 42.003289314199016],
              [-121.8761267134703, 42.00330531388788],
              [-121.88902471533653, 42.003406313166195],
              [-121.8890857154359, 42.003406313166195],
              [-121.89083571625437, 42.00342031286843],
              [-121.89120571615024, 42.003422312825634],
              [-121.89772771687826, 42.00347431169109],
              [-121.90154671656082, 42.00349231128848],
              [-121.90185271778088, 42.00349331126598],
              [-121.90192371702767, 42.00349331126598],
              [-121.90814471835516, 42.0035223112737],
              [-121.91756571994729, 42.003564310962155],
              [-121.92246972099967, 42.003587310414254],
              [-121.92580672063336, 42.00360231005245],
              [-121.9537167252324, 42.003731306794926],
              [-121.95382472608573, 42.003731306794926],
              [-121.9539857248459, 42.003731306794926],
              [-121.95649672627079, 42.00374430645216],
              [-121.96283072667788, 42.00377330634543],
              [-121.9680077275417, 42.00380130625293],
              [-121.97097372745466, 42.00381630584063],
              [-121.97470972909315, 42.00383630528545],
              [-121.9753767290899, 42.00384030584123],
              [-121.97634772886029, 42.00384430506166],
              [-122.00033273257326, 42.00397230334618],
              [-122.0011317328145, 42.00402230249138],
              [-122.01489773541726, 42.004259301416454],
              [-122.01734773494616, 42.00430130195351],
              [-122.01786673570324, 42.004310300968314],
              [-122.02481273675383, 42.00443030061647],
              [-122.02507973671753, 42.004435301097544],
              [-122.03887573855921, 42.004672299819276],
              [-122.05642374193292, 42.00497429805185],
              [-122.06513274242414, 42.00512329772823],
              [-122.06775774275351, 42.00516829688091],
              [-122.07807074537166, 42.00534629594674],
              [-122.08403074568491, 42.00544929588378],
              [-122.08623674661297, 42.005490295689164],
              [-122.09474374743782, 42.00564529448679],
              [-122.09809374838862, 42.00570429447249],
              [-122.10193574853568, 42.00577129460491],
              [-122.10954274973524, 42.00595529361923],
              [-122.11596975092705, 42.00611129255533],
              [-122.12613675305703, 42.00635729243678],
              [-122.12755075251819, 42.006390292201935],
              [-122.12805475320667, 42.00640329198341],
              [-122.14145675486304, 42.006908290217595],
              [-122.14518975523018, 42.00704928999742],
              [-122.14719275576864, 42.007124290079624],
              [-122.15544475722366, 42.0074342893479],
              [-122.15576675743895, 42.00744628966816],
              [-122.15593575749337, 42.00745228915995],
              [-122.15610275699962, 42.00741029003553],
              [-122.15667975748302, 42.007389289795434],
              [-122.15889075753563, 42.007537289241974],
              [-122.15946275799615, 42.007575289296895],
              [-122.16045175730987, 42.00764228946138],
              [-122.16134175868608, 42.00764228946138],
              [-122.16143275802435, 42.00764928884682],
              [-122.16272175871036, 42.007751288482275],
              [-122.1729587602622, 42.007542288143824],
              [-122.17661875993608, 42.007467287886946],
              [-122.17671876039348, 42.007467287886946],
              [-122.1822147610996, 42.00746328755923],
              [-122.18228176104675, 42.00746328755923],
              [-122.18550976179881, 42.00746128706155],
              [-122.18583976151167, 42.00746128706155],
              [-122.18616876229797, 42.00746128706155],
              [-122.18627876190284, 42.00746128706155],
              [-122.18658276167643, 42.00745528623563],
              [-122.18860176210843, 42.00746028647895],
              [-122.1886507616139, 42.00746028647895],
              [-122.18872776160681, 42.00746028647895],
              [-122.18880576232291, 42.00746028647895],
              [-122.18888576179056, 42.00746028647895],
              [-122.220669767222, 42.00743928358536],
              [-122.22153276703736, 42.00743928358536],
              [-122.22161576777634, 42.00743928358536],
              [-122.23680877025907, 42.00742828251188],
              [-122.24876577159384, 42.007421281099596],
              [-122.251140771678, 42.007419280600594],
              [-122.26114077340338, 42.00736928011996],
              [-122.26223577392062, 42.007384280201514],
              [-122.27110977516658, 42.00750927896371],
              [-122.28487177667309, 42.007703277405284],
              [-122.28948577819556, 42.007768277614396],
              [-122.28954677829492, 42.00777427774334],
              [-122.29630477902452, 42.00792627659303],
              [-122.3068327808295, 42.008164276231724],
              [-122.32038778264678, 42.00842227498573],
              [-122.32375678296582, 42.00847027417278],
              [-122.32931778396922, 42.008578274547446],
              [-122.33388178436468, 42.00865327349457],
              [-122.3433427861398, 42.00880927315726],
              [-122.35004778716592, 42.008938272024594],
              [-122.35226778743936, 42.00896927200322],
              [-122.36395178896267, 42.00924627068911],
              [-122.36597778906734, 42.009276270631],
              [-122.36786279050335, 42.00934027068234],
              [-122.36805779049699, 42.009344270224474],
              [-122.37823979179726, 42.00952226962108],
              [-122.37836979149358, 42.00951726953984],
              [-122.37855679109134, 42.009511269575306],
              [-122.38265979225267, 42.00938326908494],
              [-122.3975447947638, 42.0087672682539],
              [-122.39797979405867, 42.00873626817689],
              [-122.39908879481965, 42.008734268386725],
              [-122.40190779531778, 42.008742267547014],
              [-122.402161795761, 42.00873926719452],
              [-122.40347479583815, 42.00872626722294],
              [-122.40757879592606, 42.00869526712594],
              [-122.41661479755372, 42.0086262662744],
              [-122.43133779968319, 42.008528264965406],
              [-122.44427580083408, 42.0084122633026],
              [-122.45461080319352, 42.00837426241263],
              [-122.45718180399454, 42.008361263033954],
              [-122.47741880637344, 42.00845926126282],
              [-122.49193080951403, 42.008529259523854],
              [-122.49343880868653, 42.0085362594792],
              [-122.49369380895466, 42.008532259218754],
              [-122.50701081201883, 42.00831625812982],
              [-122.51029981197198, 42.008253257618435],
              [-122.51272381245991, 42.008180257339895],
              [-122.51691681313459, 42.00805325741456],
              [-122.52239381357408, 42.007887256814485],
              [-122.55038581729053, 42.007136254413204],
              [-122.55089281745374, 42.007123254114035],
              [-122.5585748180981, 42.00693925380511],
              [-122.55890681835909, 42.00693125308311],
              [-122.56633682000667, 42.006701252920934],
              [-122.56642081967225, 42.00669825247217],
              [-122.57415182161868, 42.00645925142303],
              [-122.5741888214286, 42.0064572515613],
              [-122.58453582258531, 42.00616625098132],
              [-122.5898998230469, 42.006017250409975],
              [-122.5922988234205, 42.00595725010822],
              [-122.59246382417525, 42.005948249991306],
              [-122.59466282453228, 42.005896249810164],
              [-122.59510482439816, 42.00588525047244],
              [-122.59562482498015, 42.00587224991763],
              [-122.60723382616035, 42.00558024871972],
              [-122.61150582647777, 42.005473248541875],
              [-122.61531082681492, 42.00538524786148],
              [-122.61567182738824, 42.00537224787203],
              [-122.61861582755986, 42.00532624757991],
              [-122.62054382775526, 42.005245248348714],
              [-122.62208782870941, 42.00520624761905],
              [-122.62534982800003, 42.00513024665893],
              [-122.63074382949718, 42.00500324665255],
              [-122.6318658297786, 42.00496324648769],
              [-122.63475183022392, 42.00485924580779],
              [-122.6450928315328, 42.004825245291876],
              [-122.64541283209827, 42.00482324537878],
              [-122.64578683129375, 42.00482424533531],
              [-122.64620283211868, 42.00482324537878],
              [-122.64640883198301, 42.00482224542218],
              [-122.64664383126134, 42.00481724497151],
              [-122.6482378324442, 42.004777245357204],
              [-122.6485338327202, 42.004775245442595],
              [-122.64858983279672, 42.004772245570535],
              [-122.64866583206638, 42.00486524487601],
              [-122.64882383225013, 42.00477424548524],
              [-122.65267283206988, 42.00481724430398],
              [-122.6543698331849, 42.00479224471487],
              [-122.65554083297185, 42.00478724426185],
              [-122.65842883306698, 42.00477624473239],
              [-122.66084183368427, 42.00476724378087],
              [-122.6614078333987, 42.00476524386595],
              [-122.66195383391995, 42.00476324395096],
              [-122.67266483602302, 42.00463724317146],
              [-122.6936818383766, 42.0043892407176],
              [-122.70368984049787, 42.004271239587474],
              [-122.70662784082174, 42.004237239424874],
              [-122.71295584138102, 42.00416223927684],
              [-122.71687984244217, 42.00416223860929],
              [-122.71901184285205, 42.0041572387743],
              [-122.72198184296293, 42.00414123863213],
              [-122.72578684330009, 42.004145238501145],
              [-122.72593084413843, 42.004145238501145],
              [-122.7367528456713, 42.00415923670575],
              [-122.74400284649549, 42.00415223693628],
              [-122.74753884721912, 42.004119236010204],
              [-122.74778184689337, 42.004119236010204],
              [-122.75364884732022, 42.004126235783296],
              [-122.76152684957974, 42.00410723506238],
              [-122.76221484859461, 42.00410423515882],
              [-122.76720185038597, 42.003985234197906],
              [-122.76852884980849, 42.00399023471396],
              [-122.76896585054983, 42.00398323425835],
              [-122.77710685167678, 42.003890233663675],
              [-122.77885085174917, 42.003880233950504],
              [-122.77900585155986, 42.003880233950504],
              [-122.77902085162846, 42.00388223322574],
              [-122.78057985265124, 42.003883233197065],
              [-122.78063485200451, 42.003883233197065],
              [-122.78071085217249, 42.00388323252951],
              [-122.78161985201858, 42.003850232799],
              [-122.78340485299718, 42.00386323243195],
              [-122.78390885278732, 42.00388623244349],
              [-122.78402285259013, 42.003876233397285],
              [-122.78408985253728, 42.003869232929134],
              [-122.78441385240238, 42.00384223235604],
              [-122.78954785360852, 42.00402323236926],
              [-122.79233185394656, 42.00412123194025],
              [-122.79617985483975, 42.00409723137812],
              [-122.79913585470693, 42.004079231284315],
              [-122.79971485484016, 42.0040692316009],
              [-122.80176185486125, 42.004042231112635],
              [-122.8026588550118, 42.00402223106505],
              [-122.81050685623576, 42.00388122991666],
              [-122.81292685652575, 42.003840230409395],
              [-122.82039285815833, 42.00372423021141],
              [-122.82176185831197, 42.003702230115465],
              [-122.82621885857728, 42.003633229188665],
              [-122.82975885949888, 42.003571228688735],
              [-122.8385868607141, 42.003431228522],
              [-122.83906086126534, 42.00342322802635],
              [-122.84005386077705, 42.0034102283035],
              [-122.84135086096067, 42.00342222738019],
              [-122.84144186119725, 42.00342322802635],
              [-122.8681788654612, 42.00328922541568],
              [-122.86837286562995, 42.00328922541568],
              [-122.86984186534272, 42.003288225434964],
              [-122.87026686549015, 42.003286224806],
              [-122.87547386649123, 42.00327322505522],
              [-122.89000386827685, 42.002800223637294],
              [-122.89115886817025, 42.00276322338938],
              [-122.89387986875913, 42.00267422230803],
              [-122.89426386889869, 42.00267322231766],
              [-122.90062586979315, 42.002649222544406],
              [-122.90073986959598, 42.00264822255368],
              [-122.90286987035603, 42.00263922196867],
              [-122.91296887181561, 42.00272522179532],
              [-122.9416228764043, 42.00309121891932],
              [-122.95243887808935, 42.00306321736427],
              [-122.95925387872035, 42.00307321720585],
              [-122.96142187911526, 42.003064216680954],
              [-122.98771988298806, 42.003234215106126],
              [-122.99550088426491, 42.0032002137218],
              [-123.01293688658731, 42.00310321204826],
              [-123.01792788767834, 42.00303521179165],
              [-123.02360788850741, 42.003034211139436],
              [-123.03179689021327, 42.003027210578644],
              [-123.03205088975815, 42.00302821056345],
              [-123.04319789098102, 42.003080209751],
              [-123.04535689115508, 42.003080209751],
              [-123.0513268924124, 42.003632208519655],
              [-123.06476289440398, 42.004933208465395],
              [-123.07219589552626, 42.00511120685391],
              [-123.08340289702359, 42.005375206329425],
              [-123.10075190020567, 42.00667120437157],
              [-123.10126790058973, 42.0067102042032],
              [-123.10290990055482, 42.006832204514936],
              [-123.11192690281425, 42.00750620379313],
              [-123.12060790371635, 42.00777620347152],
              [-123.1251919051016, 42.00793520300565],
              [-123.13162890544083, 42.00853220181469],
              [-123.1318879050086, 42.00854620172401],
              [-123.14597590782665, 42.00924720049059],
              [-123.15255890775579, 42.008351199944414],
              [-123.15333590825571, 42.00824520032483],
              [-123.15362390903412, 42.00821119961605],
              [-123.15379790911138, 42.00818920040417],
              [-123.15424090880218, 42.00812620043441],
              [-123.15452190900956, 42.008086200230586],
              [-123.15580690949763, 42.007972200245824],
              [-123.16628291052574, 42.00726019834178],
              [-123.17201291158358, 42.006923197624566],
              [-123.18585391273277, 42.00590719707972],
              [-123.1901359130959, 42.00561519670975],
              [-123.19235691409258, 42.00542319580013],
              [-123.19631191511587, 42.00527819595644],
              [-123.22236991878914, 42.00418919365427],
              [-123.22442191793479, 42.00410819364301],
              [-123.22453291916116, 42.00410419310408],
              [-123.22854591901249, 42.00394419270281],
              [-123.23077791898147, 42.0038591931604],
              [-123.23274991955782, 42.00375819259839],
              [-123.23292391963507, 42.003750192143855],
              [-123.23447691991174, 42.00370519198818],
              [-123.25117792156698, 42.003222190627255],
              [-123.26656392439358, 42.00234318926155],
              [-123.27086292537345, 42.002097189213],
              [-123.27146392524799, 42.00206318922377],
              [-123.2724059256044, 42.00202518921427],
              [-123.27323092488659, 42.001989188516795],
              [-123.27370992546071, 42.00197118849419],
              [-123.28555792701552, 42.00148218726718],
              [-123.28592692708646, 42.00146518711052],
              [-123.29144692718366, 42.00123918726646],
              [-123.29155292838719, 42.00123518721471],
              [-123.32723993316677, 41.99984818349009],
              [-123.3289959329347, 41.99984818349009],
              [-123.3317959331663, 41.9997371835402],
              [-123.33186193328852, 41.99973418343066],
              [-123.33256093397068, 41.99970618373616],
              [-123.34247593530722, 41.999314182714144],
              [-123.34757593527985, 41.99911318173384],
              [-123.35152393663046, 41.99916018189038],
              [-123.37618194018796, 41.9991751792343],
              [-123.38159194068031, 41.99926917875354],
              [-123.38159294140354, 41.99926917875354],
              [-123.39658294259837, 41.99984617741232],
              [-123.40805494530787, 42.00038717657865],
              [-123.40829094530942, 42.000398176199354],
              [-123.41391094586406, 42.00066317589312],
              [-123.41396194591769, 42.00066517593703],
              [-123.43393494870594, 42.00161917367756],
              [-123.43498994904023, 42.00164217383278],
              [-123.48106695553254, 42.00064416946505],
              [-123.48168195654905, 42.000631169841995],
              [-123.4818679563219, 42.000630169819516],
              [-123.48205195644492, 42.00062716975207],
              [-123.48967995666258, 42.00058416943674],
              [-123.48977795657188, 42.000583169413524],
              [-123.49823495896463, 42.00053316823336],
              [-123.4985159582737, 42.00053216820934],
              [-123.49855195915703, 42.00053216820934],
              [-123.4988439592351, 42.000531168185304],
              [-123.5002749584147, 42.00052616873257],
              [-123.50145795969381, 42.00052816811315],
              [-123.50148695910782, 42.000531168185304],
              [-123.50201095898949, 42.000531168185304],
              [-123.50435995913435, 42.000640168040775],
              [-123.50442495853335, 42.00064316810765],
              [-123.50499695899386, 42.00066916801372],
              [-123.50707095967743, 42.00076516736954],
              [-123.50986296041143, 42.000799168052374],
              [-123.51136595956106, 42.000834167401166],
              [-123.51193395982364, 42.000813167660674],
              [-123.51414296112472, 42.00086816737959],
              [-123.51675096083736, 42.000894167193735],
              [-123.5174379609256, 42.000852167077845],
              [-123.51792096079939, 42.00085916654279],
              [-123.51901696114155, 42.000875166842775],
              [-123.52089296145842, 42.00090516605922],
              [-123.52525896238545, 42.00105216655481],
              [-123.52996396324616, 42.00093116585824],
              [-123.5301829635293, 42.000925165751504],
              [-123.53520096348618, 42.00076616471958],
              [-123.53546396415021, 42.000758165223985],
              [-123.53592896358232, 42.000744164936],
              [-123.54379496524798, 42.00048516439309],
              [-123.54411996493798, 42.000471164045045],
              [-123.54441496538908, 42.000460164437015],
              [-123.5446559645152, 42.00045116421008],
              [-123.5484919657128, 42.00030716441143],
              [-123.54916096535939, 42.00029716346761],
              [-123.55257396605938, 42.00025116417923],
              [-123.552707966852, 42.000249163454775],
              [-123.55771196746349, 42.00023716244453],
              [-123.56581796753203, 42.00021416244904],
              [-123.56934296928334, 42.000224162070786],
              [-123.56945396871309, 42.000224162070786],
              [-123.57011796923514, 42.00022616212845],
              [-123.57029696933526, 42.000211162361936],
              [-123.57069096862226, 42.00018516160114],
              [-123.57176696887294, 42.00012116168588],
              [-123.57191596973419, 42.00010916198662],
              [-123.57361197012597, 42.0001581614674],
              [-123.57409997002262, 42.00014116162458],
              [-123.57820596976033, 42.00008116112199],
              [-123.58612897132738, 42.00008216048551],
              [-123.59163797155395, 42.00010615989186],
              [-123.59301697265165, 42.000109159983914],
              [-123.60305597383675, 42.000097159614846],
              [-123.60998997429347, 41.9998421585808],
              [-123.61012097471303, 41.9998421585808],
              [-123.61027597542204, 41.9998421585808],
              [-123.61062697505133, 41.99984415798287],
              [-123.61570097508468, 41.99984215791321],
              [-123.61622497586465, 41.99984215791321],
              [-123.61634997553814, 41.99984215791321],
              [-123.61745197572806, 41.99984215791321],
              [-123.62008897575302, 41.99984115787837],
              [-123.6222979761558, 41.99984215791321],
              [-123.62241397650676, 41.99984215791321],
              [-123.62324597635998, 41.99984415664774],
              [-123.6236479769412, 41.99984315728048],
              [-123.62393297644824, 41.99984315728048],
              [-123.62456797665797, 41.99984215724561],
              [-123.62540397670914, 41.99952915758221],
              [-123.6255189772352, 41.99948815727339],
              [-123.62619097635651, 41.99952915691466],
              [-123.62759397774367, 41.99932915665627],
              [-123.62764197742423, 41.99932215635549],
              [-123.63159797737414, 41.99879915640307],
              [-123.6316509779759, 41.99879215604394],
              [-123.64053697891742, 41.997512155541536],
              [-123.65701398116501, 41.995142154320234],
              [-123.66722398205435, 41.99541015284847],
              [-123.66734298188001, 41.99541215305749],
              [-123.71839898976776, 41.99675414825653],
              [-123.71866399008165, 41.9967601487565],
              [-123.72144399022173, 41.996834148200854],
              [-123.72155898984944, 41.99683714844716],
              [-123.72817799156019, 41.99701314796245],
              [-123.73262499267807, 41.99693314757552],
              [-123.73352899160301, 41.99691714761958],
              [-123.7336609927458, 41.99691514745792],
              [-123.73517999268728, 41.99690714681054],
              [-123.7511949949775, 41.99682714495511],
              [-123.75406299498113, 41.99677814557993],
              [-123.75434299536363, 41.996774145247755],
              [-123.76600299659745, 41.996585144621896],
              [-123.76637999706432, 41.99657814401927],
              [-123.77479599765256, 41.996388143389815],
              [-123.77500599861318, 41.99638314294394],
              [-123.78728599998813, 41.99615414213025],
              [-123.78840400007158, 41.99613314218059],
              [-123.78930899971974, 41.9961161419301],
              [-123.78961900023947, 41.996019142142025],
              [-123.78982800047682, 41.9959551420426],
              [-123.78992600038612, 41.99592014201317],
              [-123.79021900028906, 41.995841142352866],
              [-123.79112200028742, 41.99578014170295],
              [-123.7912340004404, 41.995772141580574],
              [-123.79366200112628, 41.99570214130118],
              [-123.79382500133292, 41.995697141469],
              [-123.79600100122543, 41.99563414114677],
              [-123.80098800122016, 41.99548814092325],
              [-123.80423700278692, 41.99539514059712],
              [-123.80428500246751, 41.99539314105526],
              [-123.80470300294228, 41.995381140464495],
              [-123.80485700202973, 41.9953761406071],
              [-123.8127660033531, 41.99514713950811],
              [-123.81296100334677, 41.995141140191286],
              [-123.8140050038104, 41.99510113983519],
              [-123.81607100409805, 41.99520413899866],
              [-123.81627500341422, 41.99521413940768],
              [-123.81766800385732, 41.995287139207925],
              [-123.81883500434462, 41.99534313913515],
              [-123.8189470044976, 41.99534913910058],
              [-123.82046000459131, 41.995427139267406],
              [-123.82148600461326, 41.995478138554425],
              [-123.82644800539197, 41.99573213828295],
              [-123.83421800679814, 41.996122137816975],
              [-123.84122100775015, 41.99611213755063],
              [-123.8561340107487, 41.99609513595932],
              [-123.86611301165938, 41.996086135115014],
              [-123.8705830123435, 41.996081133977796],
              [-123.87116001192857, 41.996081133977796],
              [-123.87192001181175, 41.99608013388381],
              [-123.87618201208338, 41.996157134397215],
              [-123.88398601382477, 41.996045133255485],
              [-123.8840340144037, 41.99604413316098],
              [-123.88517001492883, 41.99602813298153],
              [-123.88531601362038, 41.99602613279188],
              [-123.89329401543903, 41.99619213296106],
              [-123.89517601560367, 41.99619413247787],
              [-123.89637901607595, 41.99620013169544],
              [-123.9080940175614, 41.996226131414005],
              [-123.91184301782201, 41.99623513157089],
              [-123.91401101821693, 41.99623513090326],
              [-123.9286570203535, 41.99623812917498],
              [-123.93641702171394, 41.99623312871732],
              [-123.9415800223341, 41.996227128167604],
              [-123.94223902193494, 41.99622912835089],
              [-123.94997002388139, 41.99623712708062],
              [-123.96720402563912, 41.99625612547839],
              [-123.96730102572347, 41.99625612547839],
              [-123.96743402579288, 41.99625612547839],
              [-123.96783802692225, 41.99625412596353],
              [-123.96809302629205, 41.996253125872265],
              [-123.96835402640797, 41.99625612547839],
              [-123.99925603085917, 41.996158122472806],
              [-124.00119703057506, 41.99615012306557],
              [-124.0156950334719, 41.99620912184175],
              [-124.03310303530691, 41.996280119651495],
              [-124.04583803786484, 41.99638411899898],
              [-124.0466030377709, 41.99638411899898],
              [-124.05772703852922, 41.99635011795996],
              [-124.05786803899456, 41.99635211813938],
              [-124.06757004079405, 41.99646511682594],
              [-124.07729004213697, 41.99657811597944],
              [-124.07941704252397, 41.996603116125456],
              [-124.07944904231103, 41.996604116211216],
              [-124.0849510428649, 41.996667114905634],
              [-124.08497004313148, 41.996667114905634],
              [-124.0872600437251, 41.99665711539256],
              [-124.08739204307126, 41.99664611445761],
              [-124.08750204267614, 41.996655115222715],
              [-124.08765504373531, 41.99669111493235],
              [-124.08777204391119, 41.99676411437373],
              [-124.08785704340168, 41.99679611502616],
              [-124.08798104325022, 41.99681311509496],
              [-124.10039004539492, 41.99671711378272],
              [-124.10048404600455, 41.99676611387252],
              [-124.1006070451299, 41.9967901138619],
              [-124.10071904528289, 41.996797113773646],
              [-124.10100904571112, 41.99677511395308],
              [-124.10132304553046, 41.9967901138619],
              [-124.10162504565427, 41.996813113759764],
              [-124.10172804558644, 41.99679311411028],
              [-124.1018180450998, 41.996750113874626],
              [-124.10187104570156, 41.996719113950604],
              [-124.10201504564162, 41.9966911135971],
              [-124.1021630457796, 41.99669711410307],
              [-124.10240304508083, 41.996753113457274],
              [-124.10254604519594, 41.996815113924626],
              [-124.102668046293, 41.99689811403575],
              [-124.10279704526612, 41.99703111400427],
              [-124.10403704644663, 41.997079113106444],
              [-124.10457104547572, 41.99709911333366],
              [-124.11653904847778, 41.9970431122811],
              [-124.11880004875907, 41.997032112748066],
              [-124.12112904791414, 41.99702111187795],
              [-124.12134404799929, 41.99702011179873],
              [-124.1213790481594, 41.99702011179873],
              [-124.1415960513451, 41.99726111040255],
              [-124.14295705200118, 41.9972981098442],
              [-124.14641705165849, 41.997343109857916],
              [-124.14662605189586, 41.99734711015427],
              [-124.16227705413802, 41.997615108743986],
              [-124.16801605541667, 41.99771310817068],
              [-124.17808005671614, 41.99788610706952],
              [-124.17880605716245, 41.99789810652033],
              [-124.18161405778994, 41.99794610697141],
              [-124.18699105777202, 41.998039106240206],
              [-124.18874405806521, 41.99806910545846],
              [-124.19271805845678, 41.99814110592803],
              [-124.19285705837395, 41.99814310605116],
              [-124.19294805861054, 41.998144106112726],
              [-124.19298405949388, 41.998144106112726],
              [-124.19303905884712, 41.99814510617423],
              [-124.1931340592817, 41.99814610623576],
              [-124.19656005950215, 41.99820510583193],
              [-124.19668405935073, 41.99820710461789],
              [-124.19680706027269, 41.99820910473894],
              [-124.19686105980104, 41.99821010479947],
              [-124.19690405945875, 41.998211104859934],
              [-124.19694205999191, 41.998211104859934],
              [-124.19695505951238, 41.998211104859934],
              [-124.19697505960386, 41.998212104920434],
              [-124.1970760598862, 41.99821410504133],
              [-124.19852006038292, 41.998238105152254],
              [-124.19856206021574, 41.99823910521228],
              [-124.2082970607289, 41.99840610433975],
              [-124.20831106187092, 41.99840610433975],
              [-124.20961206135419, 41.998430104378215],
              [-124.2116190611923, 41.99846510369487],
              [-124.21200706152979, 41.998464103638355],
              [-124.2152720620918, 41.99845610385336],
              [-124.21704106227853, 41.99845210362666],
              [-124.21777406239754, 41.99845010351324],
              [-124.23324406488972, 41.99841710230008],
              [-124.2512140671395, 41.99836710008545],
              [-124.2512150678627, 41.9983481003151],
              [-124.3288490782091, 41.99833909378111],
              [-124.32830607895923, 41.99807809333797],
              [-124.3272860778867, 41.99773909325147],
              [-124.31795507580794, 41.99464209399203],
              [-124.30700907442655, 41.99291109499214],
              [-124.30474907397011, 41.98872109510265],
              [-124.30119807227956, 41.98298909516328],
              [-124.29460906890942, 41.97547509521625],
              [-124.28859206779643, 41.96956909522886],
              [-124.28728806704179, 41.9639760950269],
              [-124.28478306456637, 41.95683909486864],
              [-124.28782806502035, 41.95179309355978],
              [-124.28994006444043, 41.94543709319907],
              [-124.29165006327929, 41.93739609347974],
              [-124.29166206387316, 41.93734009337972],
              [-124.29169406276192, 41.936351092758336],
              [-124.29195306232968, 41.928503092822424],
              [-124.28995305946933, 41.92006209229884],
              [-124.28570105834511, 41.912921091994185],
              [-124.28067805656872, 41.907017091704326],
              [-124.27613405536647, 41.90305709227725],
              [-124.27639005456118, 41.89890609181645],
              [-124.27784105383228, 41.89111009119494],
              [-124.27967305197157, 41.880301089987654],
              [-124.28074605095091, 41.874841089471396],
              [-124.2802930521127, 41.874841089471396],
              [-124.27966305102751, 41.874841089471396],
              [-124.2810560505723, 41.870868089653676],
              [-124.28504505013414, 41.85949208807237],
              [-124.28926305092317, 41.86014508797933],
              [-124.29366305128707, 41.86042708722075],
              [-124.29801805234347, 41.860675087390646],
              [-124.30448805229464, 41.86015408661489],
              [-124.31195005283095, 41.85879308580216],
              [-124.32999505811877, 41.87475508556918],
              [-124.33004905854543, 41.874799085853454],
              [-124.33010305807377, 41.87484408542873],
              [-124.33299805963824, 41.877005085262475],
              [-124.33862706041371, 41.8797940847298],
              [-124.34766106239155, 41.88315908446649],
              [-124.35657006379762, 41.88515008389751],
              [-124.36521306506492, 41.88657308345964],
              [-124.37207206607687, 41.886751082907374],
              [-124.37350606652781, 41.88688808264427],
              [-124.37621906761909, 41.88695908190422],
              [-124.37621906761909, 41.88700408227972],
              [-124.38880506841748, 41.88676908138122],
              [-124.40125607039496, 41.8855930794822],
              [-124.41133107066675, 41.882061078158365],
              [-124.4186620707835, 41.8748420774216],
              [-124.42234607074681, 41.872296076977214],
              [-124.42612207167, 41.868781076635194],
              [-124.43093407086424, 41.86291707550533],
              [-124.43502907073128, 41.856512074781755],
              [-124.43773707000302, 41.84932607470974],
              [-124.44072106856098, 41.838745073181094],
              [-124.4404280668614, 41.831209073069246],
              [-124.43951106661936, 41.827127072753335],
              [-124.43892306536699, 41.8245090726137],
              [-124.43504706398643, 41.81658607272198],
              [-124.4291990620295, 41.809731072560545],
              [-124.42241006043945, 41.803712072961254],
              [-124.41754005882396, 41.8000220728034],
              [-124.41620705775702, 41.79692107303907],
              [-124.41424905742439, 41.79300907345792],
              [-124.41077105642708, 41.78831707238824],
              [-124.40572905528242, 41.78314607262626],
              [-124.39952405295016, 41.7778670733813],
              [-124.39206905118824, 41.77238207306914],
              [-124.38438504909747, 41.76823907451593],
              [-124.37621304711006, 41.76557407441443],
              [-124.37621404783327, 41.76463307506934],
              [-124.37474004719934, 41.764381073806966],
              [-124.37290304724053, 41.76397307432297],
              [-124.36999104595766, 41.76346107522825],
              [-124.36920204666046, 41.763417074764696],
              [-124.36552204509846, 41.7596760753997],
              [-124.36105204351603, 41.755959075191164],
              [-124.35600204197547, 41.75224007570658],
              [-124.35238204158627, 41.749846075775935],
              [-124.35230304194354, 41.74978607574951],
              [-124.34539004050494, 41.744591075644315],
              [-124.33062303619792, 41.733798076596806],
              [-124.31612703295086, 41.72839507794504],
              [-124.31371803253153, 41.72749607765185],
              [-124.30031503015189, 41.7241500780224],
              [-124.29192802807935, 41.718095078826494],
              [-124.28423202629301, 41.71341907949975],
              [-124.27807602436452, 41.709679078979775],
              [-124.26243502126981, 41.70186208016658],
              [-124.25120501840965, 41.69754008172928],
              [-124.24948701827655, 41.6969630819288],
              [-124.24544701776273, 41.69595508173703],
              [-124.24194601719921, 41.69501008246936],
              [-124.23687001661769, 41.694645082066],
              [-124.23605601630783, 41.69416208258058],
              [-124.23592901608622, 41.69415008237223],
              [-124.22987901446297, 41.68970708311969],
              [-124.22261901269472, 41.68527208303299],
              [-124.21517401187687, 41.682278083906816],
              [-124.21172001116898, 41.681198084102945],
              [-124.20856000929066, 41.673821083761254],
              [-124.21001600858462, 41.66932408345796],
              [-124.21179800739351, 41.66191208259045],
              [-124.21183700595496, 41.65270608226237],
              [-124.2105030050631, 41.649468082077874],
              [-124.2114330048256, 41.64169308142631],
              [-124.20979900256144, 41.63521008092236],
              [-124.20740000128953, 41.629300080966125],
              [-124.20454900100435, 41.624844081169634],
              [-124.20135399896593, 41.619409080751225],
              [-124.19584299729293, 41.6131670805405],
              [-124.19012699558051, 41.60819508074041],
              [-124.19047099463877, 41.60461208058697],
              [-124.19054699480675, 41.59874508076056],
              [-124.18920199404423, 41.59178508003474],
              [-124.18714099198282, 41.5889750798887],
              [-124.1882869916554, 41.583658080368],
              [-124.18874399158989, 41.57896907924522],
              [-124.18848799059855, 41.57574707925986],
              [-124.18834999050627, 41.57400107940101],
              [-124.18500398885512, 41.56577407898469],
              [-124.17997498723095, 41.55833007841807],
              [-124.17228798476712, 41.550984078834496],
              [-124.16447798227966, 41.54524507924076],
              [-124.16050698136284, 41.54341407930554],
              [-124.16052998092906, 41.53801507909084],
              [-124.1601249799748, 41.52939107861924],
              [-124.15795697778327, 41.5189670785489],
              [-124.15358197573708, 41.510758078084486],
              [-124.15183497529166, 41.50821907835764],
              [-124.15174597380657, 41.50389207821429],
              [-124.15131897311099, 41.49984707754434],
              [-124.14735297131872, 41.49304107722064],
              [-124.1441419702851, 41.486886077259854],
              [-124.14252196916296, 41.48278507734108],
              [-124.14055796808427, 41.47724007677741],
              [-124.13907396740457, 41.47293807681528],
              [-124.13790596709235, 41.468303076670985],
              [-124.13657496567524, 41.464457076531055],
              [-124.13651096520283, 41.46427007706312],
              [-124.13679596470985, 41.4565560760008],
              [-124.13691996276178, 41.44682807537327],
              [-124.13641196187535, 41.443471075127086],
              [-124.13633596170737, 41.44182607495156],
              [-124.1356459621444, 41.43883707527174],
              [-124.13503796169886, 41.43682107459703],
              [-124.13438596087236, 41.43470407546862],
              [-124.13381795971148, 41.433192074631265],
              [-124.13324496032436, 41.432316074544346],
              [-124.13384395965076, 41.430072074341325],
              [-124.13421995939437, 41.427625074539804],
              [-124.13478995930676, 41.4233670741292],
              [-124.13531495901333, 41.41917607406077],
              [-124.13571095705183, 41.41428007362098],
              [-124.13624295732939, 41.40921707345077],
              [-124.13691895575036, 41.40287907320965],
              [-124.13865295487867, 41.39242107205339],
              [-124.1395939536135, 41.3864200709139],
              [-124.13998695307558, 41.3818260711403],
              [-124.14242795418026, 41.38328107050429],
              [-124.14406995414541, 41.38412807055826],
              [-124.14611395469174, 41.38501007075864],
              [-124.14842495520178, 41.38599407020999],
              [-124.15087195525594, 41.386711070625644],
              [-124.15420895668625, 41.38763306996381],
              [-124.15763695655656, 41.38832107012549],
              [-124.16142095787562, 41.38904406931791],
              [-124.16591995797371, 41.38960206907002],
              [-124.17090995834153, 41.39006206929341],
              [-124.17656995997744, 41.39035706869068],
              [-124.18125296019855, 41.39014406810654],
              [-124.18531496135196, 41.389559068056506],
              [-124.18861796065048, 41.38927206681686],
              [-124.19299396162324, 41.38835206608906],
              [-124.19781696248478, 41.38720006658277],
              [-124.20286496347717, 41.38588106566606],
              [-124.20652896334902, 41.38472306561426],
              [-124.2097029636744, 41.38342806508282],
              [-124.21202796352983, 41.38239906505033],
              [-124.21583296386699, 41.38026806406969],
              [-124.21923396487142, 41.37830306394015],
              [-124.22438496399937, 41.37484806297362],
              [-124.22563196395429, 41.37371006275501],
              [-124.22684196409926, 41.37260606278605],
              [-124.22823196416931, 41.37147006259399],
              [-124.2291729647008, 41.370600062510015],
              [-124.23029396425902, 41.36963006213549],
              [-124.23110096399786, 41.36886106227231],
              [-124.23195496449071, 41.36772206201918],
              [-124.23280796515861, 41.366751061398155],
              [-124.23352696503393, 41.36584706150386],
              [-124.23428996439186, 41.36497706173648],
              [-124.235187963469, 41.36383806091157],
              [-124.23581896437908, 41.36269806117796],
              [-124.23716796444126, 41.36072106072526],
              [-124.23820496433387, 41.35871006046004],
              [-124.23901796392052, 41.35679805988816],
              [-124.2398769635379, 41.354550060761795],
              [-124.24037696313009, 41.35280506029794],
              [-124.24074396355122, 41.350892059518095],
              [-124.24110796270098, 41.3495490596262],
              [-124.24156196316073, 41.348006059901714],
              [-124.2417909625913, 41.34679705942345],
              [-124.24193096233336, 41.34575605969199],
              [-124.24211496155806, 41.34451405896658],
              [-124.2424339622986, 41.343305059067255],
              [-124.24230696117868, 41.34199506004506],
              [-124.24249296184985, 41.34061805896579],
              [-124.24267896072436, 41.33917405900018],
              [-124.24263996126463, 41.33796405885674],
              [-124.2426039612796, 41.33645205890452],
              [-124.24230496063055, 41.33389805887532],
              [-124.24217796040894, 41.332621058407646],
              [-124.24165295980407, 41.33073705865002],
              [-124.24134796020553, 41.329291058759196],
              [-124.24086495943347, 41.32791205878664],
              [-124.24020595893428, 41.325961058899615],
              [-124.23959095881605, 41.32434505893511],
              [-124.23884095808029, 41.32266305827068],
              [-124.23822395831222, 41.32145105873222],
              [-124.23751595740924, 41.32030505842495],
              [-124.23685395743536, 41.31902605828248],
              [-124.23619095763655, 41.317982058288635],
              [-124.23526195680064, 41.3167350587381],
              [-124.23455395679598, 41.31575805846554],
              [-124.23344595675825, 41.31451005826082],
              [-124.23255895575512, 41.3136000585529],
              [-124.23140695533647, 41.31231805782111],
              [-124.23034295567965, 41.311239058773545],
              [-124.22945495485163, 41.310496058727196],
              [-124.22799095516174, 41.3093140581638],
              [-124.22612695454045, 41.30759305925618],
              [-124.22510695346793, 41.306682058082124],
              [-124.22368695326067, 41.305567058214734],
              [-124.2218659531954, 41.30428305858691],
              [-124.22004595295505, 41.302999058644936],
              [-124.21857895199379, 41.30228705901738],
              [-124.21724595182516, 41.30157605917574],
              [-124.21608995210684, 41.30100005915592],
              [-124.21506895120943, 41.30032405883007],
              [-124.21373595104077, 41.299612059016674],
              [-124.21226995080278, 41.29883305909165],
              [-124.21137995032493, 41.29842705968408],
              [-124.21009094963888, 41.297816059495595],
              [-124.20880194985118, 41.297273059944565],
              [-124.20773494982132, 41.296832059044654],
              [-124.20586694990038, 41.29608505997343],
              [-124.20493394976485, 41.29557706008272],
              [-124.20346594897869, 41.29513405939458],
              [-124.20239894894883, 41.294726059426814],
              [-124.20092994833774, 41.29438405971094],
              [-124.19955194886158, 41.2939070598481],
              [-124.19794994818113, 41.29346506022792],
              [-124.19639194788157, 41.29308806011082],
              [-124.19527894782098, 41.292848060534055],
              [-124.1940779469985, 41.29244006044203],
              [-124.19234194732203, 41.29199506015695],
              [-124.19096294622433, 41.29172006136026],
              [-124.18891294583021, 41.29161106099607],
              [-124.18664194640148, 41.2912980609009],
              [-124.18445894593793, 41.29128806133674],
              [-124.18285494560766, 41.291247061420236],
              [-124.18026994546123, 41.291135062076705],
              [-124.17799694458604, 41.29122606197979],
              [-124.17612494446713, 41.2913510616027],
              [-124.17411794462905, 41.29154406252091],
              [-124.17175494424048, 41.291634062239815],
              [-124.16961394360975, 41.291960062387076],
              [-124.16778494404687, 41.29225406277916],
              [-124.1661339429626, 41.29261606293862],
              [-124.16448394349987, 41.292843063233256],
              [-124.16341194344716, 41.29317406338898],
              [-124.16301394216558, 41.29260106288244],
              [-124.16248494315938, 41.29179306339715],
              [-124.16195694307976, 41.29078206316499],
              [-124.16147094283296, 41.290041063512],
              [-124.16071794172417, 41.28929806356863],
              [-124.16238794127837, 41.28604706231793],
              [-124.16441894140591, 41.282159062535186],
              [-124.16518994115977, 41.28001206224054],
              [-124.16600494129456, 41.27793306171739],
              [-124.16659894149636, 41.275651061127135],
              [-124.16822194029662, 41.27273606128641],
              [-124.16925894018924, 41.27075806070784],
              [-124.17025394024908, 41.268478060392525],
              [-124.17133793999737, 41.26609706038929],
              [-124.17332993886855, 41.261000060641095],
              [-124.17396693962642, 41.25888605970658],
              [-124.17436393838811, 41.25705205946573],
              [-124.17470493886998, 41.25549605953985],
              [-124.17516893847717, 41.25318005998799],
              [-124.17553693782489, 41.24985005989534],
              [-124.1754949379921, 41.249490059429554],
              [-124.1754529381593, 41.24904905980278],
              [-124.1755029374897, 41.24834405964273],
              [-124.17555493736823, 41.247202058492796],
              [-124.17547093770261, 41.24636105891826],
              [-124.17535093715374, 41.2443430591395],
              [-124.17513993726652, 41.24256005831276],
              [-124.175730936197, 41.24098305831261],
              [-124.17618793702982, 41.23937105846305],
              [-124.17641993683343, 41.23796005810168],
              [-124.17638093647534, 41.23715305885667],
              [-124.17728493629859, 41.23540905805932],
              [-124.17814493663921, 41.23353005774181],
              [-124.1791449358236, 41.230777057975395],
              [-124.18149993491792, 41.225442057316236],
              [-124.18485393427007, 41.21738805629468],
              [-124.18607893448366, 41.2142330564287],
              [-124.18780393339115, 41.209567055263534],
              [-124.1906659326487, 41.20140905409265],
              [-124.19353793195197, 41.19170505396228],
              [-124.19504493129955, 41.186265053627565],
              [-124.19554593071669, 41.18458705349592],
              [-124.19786493072432, 41.18439505346941],
              [-124.20018493145518, 41.18396705301799],
              [-124.20312993145171, 41.183442052428845],
              [-124.20670193216034, 41.18241405203321],
              [-124.20826493248278, 41.18195005160942],
              [-124.20955993301655, 41.181485052007304],
              [-124.21143493261019, 41.18092105150069],
              [-124.21353493323302, 41.18005605134803],
              [-124.21590293274615, 41.17905705144886],
              [-124.21764593299362, 41.178391050938885],
              [-124.2194319328988, 41.17769205092589],
              [-124.22063893356905, 41.177092050374156],
              [-124.22193593375266, 41.176391049971066],
              [-124.22332193362475, 41.175725050075265],
              [-124.22457393360254, 41.174956050129964],
              [-124.22622793416153, 41.17402205016936],
              [-124.22792693402805, 41.173087049663664],
              [-124.22899993390571, 41.172486050122146],
              [-124.23016393401994, 41.171650048925706],
              [-124.23150493368618, 41.17094904911528],
              [-124.2332959336142, 41.16951104868624],
              [-124.2346389347269, 41.168474048773405],
              [-124.23633993334495, 41.167102049035094],
              [-124.2376389340767, 41.16596404857897],
              [-124.23902693449693, 41.164725048479745],
              [-124.24028193394945, 41.1635200473783],
              [-124.24140293440598, 41.162213047568095],
              [-124.24252493378911, 41.1608390480909],
              [-124.24337893338362, 41.15956504741313],
              [-124.24432193356493, 41.15832404746766],
              [-124.24603293312703, 41.15530504722355],
              [-124.24724993384304, 41.15282204679313],
              [-124.24806593290438, 41.150572046365525],
              [-124.24919893305649, 41.14718104594366],
              [-124.2496579317425, 41.14493004624493],
              [-124.25016093260606, 41.14268004558129],
              [-124.25061793164222, 41.14069804591943],
              [-124.25098593188825, 41.13881704554675],
              [-124.25120293162324, 41.1375680450282],
              [-124.2519979307682, 41.13605904477065],
              [-124.252487931213, 41.13408004527662],
              [-124.25235693079341, 41.132536044679405],
              [-124.25217993034308, 41.13139504551255],
              [-124.2521369306854, 41.130186045215844],
              [-124.25191593075246, 41.129515045015005],
              [-124.25191593075246, 41.128675044829166],
              [-124.25169293027136, 41.12827204515896],
              [-124.25120493037474, 41.127398044745206],
              [-124.25120593019966, 41.12610904480952],
              [-124.2510129298558, 41.12533504398551],
              [-124.25078992937475, 41.12484904445165],
              [-124.25064892980772, 41.124473044712516],
              [-124.2503019294781, 41.12359704414105],
              [-124.24969492975579, 41.1219130445383],
              [-124.24917792864852, 41.12016204477126],
              [-124.24954592799625, 41.11895504503164],
              [-124.24973592796704, 41.11767904417433],
              [-124.25006192838026, 41.11610204401423],
              [-124.25034392751427, 41.11442404404101],
              [-124.25044892799455, 41.11274504349406],
              [-124.25059592740936, 41.11130104344704],
              [-124.25064992783602, 41.11029304412869],
              [-124.25057792696768, 41.10854504349383],
              [-124.2505939268612, 41.10683204315584],
              [-124.2505219268912, 41.10501704296098],
              [-124.25036192615931, 41.10323504380793],
              [-124.25002892517506, 41.1008470429102],
              [-124.24960192537779, 41.09903004276972],
              [-124.24895392564761, 41.096976043598104],
              [-124.24791392448361, 41.09418004319961],
              [-124.24744392413034, 41.09222904285145],
              [-124.24613092315485, 41.090103042526536],
              [-124.24446192342555, 41.08807604298892],
              [-124.24292192266938, 41.08641904271332],
              [-124.24169292225778, 41.08486504285074],
              [-124.24028492174608, 41.0834100429069],
              [-124.23957892139124, 41.082868043101364],
              [-124.23936992115388, 41.08145504254922],
              [-124.23898692173756, 41.07963804301064],
              [-124.23851592066103, 41.07778704283398],
              [-124.23795691972099, 41.07586804238271],
              [-124.23722092012726, 41.073847042633055],
              [-124.23617591983867, 41.07168904243611],
              [-124.23472991879383, 41.06959604304485],
              [-124.2331929184107, 41.06780404217807],
              [-124.23222691776489, 41.06655404254687],
              [-124.23121591781153, 41.06550604239265],
              [-124.2307939180371, 41.063251042328815],
              [-124.23081191758047, 41.06133604192922],
              [-124.2305279161017, 41.05864604171616],
              [-124.23032291696062, 41.05693104185019],
              [-124.23023591602366, 41.05669504180967],
              [-124.22994591559544, 41.05461004153476],
              [-124.22912891581085, 41.0518490422243],
              [-124.22822391526435, 41.049020041927356],
              [-124.2270929147621, 41.04662704102458],
              [-124.22556291405164, 41.044029041994406],
              [-124.22403591281595, 41.041296041882795],
              [-124.22228191269782, 41.03903304183808],
              [-124.22043791216802, 41.03686904162219],
              [-124.21815491124707, 41.034266041469486],
              [-124.21608691041129, 41.03230304140578],
              [-124.21511891101396, 41.03142204118859],
              [-124.21464191008965, 41.03031004129643],
              [-124.2144769093349, 41.02909904119073],
              [-124.213998909484, 41.02798704137017],
              [-124.21382591012997, 41.02737904105485],
              [-124.21365591025067, 41.02677504096116],
              [-124.21328691017972, 41.025809041330085],
              [-124.21325890969231, 41.02573604198312],
              [-124.21305090927986, 41.02519104165542],
              [-124.21235390824754, 41.023809040997875],
              [-124.21161190790767, 41.02256004069568],
              [-124.21043390844805, 41.02053604131305],
              [-124.20947390765002, 41.01891704088561],
              [-124.20802590695533, 41.01712604125345],
              [-124.20662190664157, 41.01550304063606],
              [-124.20499790711811, 41.01364304169791],
              [-124.2032379062539, 41.01211804118237],
              [-124.2016959058479, 41.01096504135502],
              [-124.20006490485513, 41.00977704141036],
              [-124.19830190451617, 41.008588041866],
              [-124.1964039035597, 41.00753304182161],
              [-124.19415290422242, 41.0063070418849],
              [-124.19079790324876, 41.004535041854155],
              [-124.18810090205103, 41.00350804191585],
              [-124.18584690234071, 41.00255004175086],
              [-124.18389990098044, 41.00193104217479],
              [-124.18270790127711, 41.00131804277623],
              [-124.18290890111858, 40.99985104266881],
              [-124.18620489984608, 40.98729404101233],
              [-124.18980689889531, 40.974053040310686],
              [-124.19374089730726, 40.963740039476065],
              [-124.19377589746738, 40.96364903874738],
              [-124.19451589725908, 40.96170803872746],
              [-124.19589889675811, 40.95675103848995],
              [-124.19763289588641, 40.95053403764665],
              [-124.2033708946452, 40.935857036232065],
              [-124.20408489359933, 40.934033036057485],
              [-124.20484589330741, 40.93208303622623],
              [-124.21063589194476, 40.917511034605965],
              [-124.21497789168401, 40.90640903322083],
              [-124.22111989067383, 40.892434031800946],
              [-124.22551088991861, 40.88359503050571],
              [-124.23045588918222, 40.874906029905155],
              [-124.23048688914436, 40.874851030147724],
              [-124.23263588837439, 40.86929102947136],
              [-124.23635088829984, 40.86339302845549],
              [-124.23764388828549, 40.861332028540964],
              [-124.24305788807752, 40.85289502691765],
              [-124.24632888669065, 40.84696902641412],
              [-124.25118888736208, 40.84093402631158],
              [-124.25694488656252, 40.83316502489786],
              [-124.26579188624767, 40.820083023191195],
              [-124.27231588572725, 40.810800022123765],
              [-124.28019488511674, 40.79993702077701],
              [-124.28141088510952, 40.79915402040428],
              [-124.28659388492282, 40.795902020131635],
              [-124.29267588543485, 40.78809901883486],
              [-124.29700388493039, 40.780968018365414],
              [-124.29835188426934, 40.775484017715044],
              [-124.29904488330708, 40.771077017450445],
              [-124.29934688343086, 40.768486017116146],
              [-124.31145888188136, 40.74985101452956],
              [-124.31996388125975, 40.73888201320082],
              [-124.32743888131654, 40.72772901194974],
              [-124.33412788065255, 40.718987010708354],
              [-124.34291388113667, 40.70883700890571],
              [-124.35228987982798, 40.69432900711374],
              [-124.35282787905501, 40.693496007110674],
              [-124.36081587912278, 40.68096800620309],
              [-124.36705187872224, 40.67227500478894],
              [-124.36859787752961, 40.6701210049755],
              [-124.3688918781558, 40.66971100464918],
              [-124.3761868773892, 40.65733400265367],
              [-124.38410387641353, 40.64487800142741],
              [-124.3929158759386, 40.63037399964497],
              [-124.3964658751093, 40.62485399932427],
              [-124.40338087529942, 40.61317499788626],
              [-124.41201687330076, 40.597026996001055],
              [-124.41984487263665, 40.57713199380684],
              [-124.42720487037076, 40.5620899919145],
              [-124.43482986931703, 40.54865299086759],
              [-124.44359286933661, 40.53564698917901],
              [-124.44769086867838, 40.52971398787012],
              [-124.4518878677544, 40.51561498674857],
              [-124.45290886505855, 40.499855986642025],
              [-124.45259386451595, 40.49798198638907],
              [-124.45257386352615, 40.49308898615589],
              [-124.45352986412622, 40.490434985730126],
              [-124.45466186355513, 40.4876799853673],
              [-124.45596586341146, 40.48405198487673],
              [-124.45893586262402, 40.479207984124095],
              [-124.46326186246975, 40.47311498367238],
              [-124.4657988629356, 40.47001698329389],
              [-124.47016686261412, 40.46634598242231],
              [-124.47065986253364, 40.46593198233952],
              [-124.47590786264428, 40.459766981646396],
              [-124.47917186248304, 40.45264098129106],
              [-124.48201686112381, 40.44032297969921],
              [-124.48138086019087, 40.43576797975024],
              [-124.48055685803864, 40.42849797934345],
              [-124.47863885788898, 40.422106978215425],
              [-124.47244885562534, 40.41282497868893],
              [-124.46348485306937, 40.40164997852114],
              [-124.45575784952423, 40.39136997849839],
              [-124.45001684859578, 40.383323978349836],
              [-124.44472184593454, 40.37641697810787],
              [-124.44317784587868, 40.374859978763794],
              [-124.44251884537952, 40.374234978716096],
              [-124.43865484459283, 40.371819979058266],
              [-124.4327248435185, 40.367627979055726],
              [-124.42947584285002, 40.36491097880558],
              [-124.42806884216324, 40.361789978927824],
              [-124.4277578409203, 40.35759297819524],
              [-124.42788383952036, 40.35151697840342],
              [-124.42805183974984, 40.344400977614015],
              [-124.42795883896513, 40.33882797778644],
              [-124.4271228371173, 40.33570697780874],
              [-124.42545283666479, 40.331611977799845],
              [-124.42299283619181, 40.32748397693064],
              [-124.42022683539712, 40.32258497746129],
              [-124.41855583422137, 40.31875797701293],
              [-124.41828983318426, 40.31429397668529],
              [-124.41951283374806, 40.308820976002686],
              [-124.42196283237864, 40.30213997578289],
              [-124.42463283201556, 40.29696897469047],
              [-124.42642683141833, 40.29280497503296],
              [-124.42791283174783, 40.28880897450085],
              [-124.42804082999773, 40.28410897414544],
              [-124.42869082937776, 40.27564897281451],
              [-124.42916382830745, 40.26691997231475],
              [-124.42823582639812, 40.25812597198224],
              [-124.42673882529964, 40.249862972127914],
              [-124.42130082342159, 40.23710697183217],
              [-124.41103981978368, 40.2252799710747],
              [-124.40316481789718, 40.218009971518],
              [-124.3927908151797, 40.20980397212604],
              [-124.38532481354709, 40.20605597248517],
              [-124.379265811703, 40.20287497210058],
              [-124.37617281156848, 40.20053097264719],
              [-124.36868880949422, 40.1932329724346],
              [-124.35991880800535, 40.18678797304328],
              [-124.34826980484551, 40.1782599734852],
              [-124.33370280055503, 40.167179973214445],
              [-124.32188579806405, 40.16019497486047],
              [-124.30994179535146, 40.15361197466112],
              [-124.30226979385456, 40.14823697545658],
              [-124.29433979171648, 40.142357975394944],
              [-124.28784678950412, 40.13768797606979],
              [-124.28305278895489, 40.13620997524075],
              [-124.27747478823306, 40.13473097595123],
              [-124.27211278742128, 40.13365497742255],
              [-124.26231578428889, 40.12486697710525],
              [-124.26034178496106, 40.123658977274694],
              [-124.25772178375622, 40.12151897722919],
              [-124.25531978300958, 40.11904197697075],
              [-124.25409578262091, 40.11766997704397],
              [-124.25204278185373, 40.11552797691635],
              [-124.25116478107144, 40.11462297698069],
              [-124.24725178077925, 40.11090497701956],
              [-124.23997777876731, 40.10291597757667],
              [-124.23121777552751, 40.093386977380426],
              [-124.21796677348388, 40.08645197813591],
              [-124.2047657698723, 40.08149297846513],
              [-124.20435877016652, 40.08136297860161],
              [-124.20330177018242, 40.08102597841301],
              [-124.1862827667132, 40.07560797979377],
              [-124.16893676390417, 40.0703869809493],
              [-124.15665976110564, 40.06588998103902],
              [-124.15377576031017, 40.06354898172824],
              [-124.14629975773353, 40.055787981575925],
              [-124.14411275797036, 40.052405981675314],
              [-124.1439817575508, 40.05176998154475],
              [-124.1443257575074, 40.04764498134721],
              [-124.14510475675885, 40.04090598073145],
              [-124.14522775498587, 40.03470298065952],
              [-124.14543975469796, 40.02900298046421],
              [-124.14534675391324, 40.02417597918385],
              [-124.14411875242826, 40.018176979420794],
              [-124.14109975101528, 40.01097597916846],
              [-124.13712275025064, 40.0047149785905],
              [-124.13490274997721, 40.00247497882911],
              [-124.13232074840721, 39.999869979524476],
              [-124.13326874950971, 39.999869979524476],
              [-124.12615574625792, 39.99356997923907],
              [-124.12278574521562, 39.98874097886301],
              [-124.11522774441987, 39.982404978780856],
              [-124.10859474246543, 39.97884998027262],
              [-124.09639674020794, 39.97502298080479],
              [-124.08633273801013, 39.97308798118898],
              [-124.07860973645958, 39.9722679813132],
              [-124.07429173611146, 39.968112981866284],
              [-124.0682267344196, 39.96155498133558],
              [-124.063588733506, 39.9566289818821],
              [-124.05706073113355, 39.951118982727955],
              [-124.05114772977761, 39.94566998247156],
              [-124.0476987281943, 39.94096498189458],
              [-124.04140772654661, 39.93635898210891],
              [-124.03536872569232, 39.93107798232483],
              [-124.02894672362507, 39.923782982457446],
              [-124.02347672195995, 39.91566898229836],
              [-124.01928471931357, 39.910735982074094],
              [-124.0162117192705, 39.90740598201201],
              [-124.01218971740174, 39.89937698217658],
              [-124.00965071728608, 39.89375398191348],
              [-124.00546771486054, 39.88929098167079],
              [-124.00114971361407, 39.88617698220509],
              [-123.9917917117711, 39.88111898266351],
              [-123.99177071185473, 39.881101982698944],
              [-123.98897971094566, 39.8798189829843],
              [-123.98679971085521, 39.879175983027395],
              [-123.98518471065427, 39.87782898326709],
              [-123.98295971035795, 39.87678298244414],
              [-123.98191170969635, 39.874875982914496],
              [-123.98076670984868, 39.872280982603094],
              [-123.97944670830222, 39.86825498260983],
              [-123.97855370745131, 39.86362098235095],
              [-123.97599170597282, 39.857988982454835],
              [-123.97349070639028, 39.85356698199184],
              [-123.97007670496707, 39.849251981883675],
              [-123.9681177039112, 39.84613698240682],
              [-123.9662657029855, 39.8445009823295],
              [-123.9632887023036, 39.84021598170669],
              [-123.95973370131338, 39.83505998178299],
              [-123.95751070066692, 39.83174498194598],
              [-123.95361369936991, 39.82699598180244],
              [-123.94920069768891, 39.822617982251884],
              [-123.94392369726594, 39.81874998178926],
              [-123.93860469611187, 39.81494898242052],
              [-123.931983693853, 39.8113569822476],
              [-123.92397169259749, 39.80790798296944],
              [-123.92049269087693, 39.80486898337375],
              [-123.91523469072057, 39.802242983363264],
              [-123.91054268938028, 39.79957998340004],
              [-123.90856368823295, 39.79461498320986],
              [-123.90582668685225, 39.788275983444805],
              [-123.90239368516247, 39.781874982546526],
              [-123.90098368589926, 39.78047098306759],
              [-123.90110168500169, 39.772703981964675],
              [-123.90265468348173, 39.76832498225693],
              [-123.90323868363782, 39.76307698181157],
              [-123.90403168223466, 39.75708798073047],
              [-123.90324168131595, 39.74988098097375],
              [-123.90163068041466, 39.74377998014916],
              [-123.90030867921834, 39.739293979747075],
              [-123.90008167943762, 39.73678898020921],
              [-123.89989867824119, 39.734766980362814],
              [-123.89924367883832, 39.731382979090554],
              [-123.89837467648023, 39.72501497937325],
              [-123.89728467598583, 39.71841197866114],
              [-123.89575467527538, 39.71141097843383],
              [-123.8932296736068, 39.704788978545714],
              [-123.89038067207309, 39.7000139784823],
              [-123.88535067062404, 39.69465297824977],
              [-123.88031966935004, 39.68909097809669],
              [-123.8763676686998, 39.68623997822109],
              [-123.87614466821871, 39.686107978285044],
              [-123.87392166757223, 39.68452997867823],
              [-123.87125666795819, 39.682889978707216],
              [-123.86745766746881, 39.68069497825668],
              [-123.86457266684845, 39.67875597900686],
              [-123.86181766592438, 39.676848978406255],
              [-123.8594666652314, 39.67594197882079],
              [-123.85719666472923, 39.674697979247675],
              [-123.85733866412116, 39.67231697908353],
              [-123.8569426633877, 39.66846897832736],
              [-123.85688966368426, 39.6643829782952],
              [-123.856549662129, 39.66153897828594],
              [-123.8560146623767, 39.65705597751472],
              [-123.85527366186177, 39.65331297755418],
              [-123.85432166056133, 39.650007977817964],
              [-123.85236866025159, 39.64634797799416],
              [-123.85193265933515, 39.642767976761135],
              [-123.85186765813951, 39.63770997641519],
              [-123.85153165768052, 39.63174997634446],
              [-123.85165165733113, 39.62759397579148],
              [-123.85187565763712, 39.62488597568107],
              [-123.85264365611962, 39.620430975291434],
              [-123.85309665585613, 39.61460397492507],
              [-123.85315965470701, 39.60897897480556],
              [-123.8534406549144, 39.60355397422188],
              [-123.85307065412023, 39.59756197344166],
              [-123.85252965272353, 39.59237597324967],
              [-123.85063765071654, 39.58448297342422],
              [-123.84940065080737, 39.578294972626054],
              [-123.84638864906704, 39.571678971869055],
              [-123.84359764725967, 39.56606797186659],
              [-123.8408486461834, 39.56035497197627],
              [-123.8396656458026, 39.55647597214072],
              [-123.83842464569548, 39.55492097251202],
              [-123.83657864461753, 39.552605971607896],
              [-123.83466264411771, 39.54919897162128],
              [-123.83701964465848, 39.54326397079984],
              [-123.84234464386371, 39.53326296998726],
              [-123.84663664247596, 39.52487396888673],
              [-123.84723364305086, 39.52388096886599],
              [-123.85266164308655, 39.51485396772087],
              [-123.85715264278872, 39.51414596784534],
              [-123.86358664275492, 39.51127296676266],
              [-123.86783964370404, 39.508309966330486],
              [-123.87122064371866, 39.50463396513701],
              [-123.87252864377294, 39.502390964861526],
              [-123.87329764297866, 39.49989196501526],
              [-123.8738496433477, 39.49816296496754],
              [-123.87444764284919, 39.49635796542294],
              [-123.87513964296032, 39.49418396465164],
              [-123.875251642215, 39.49243496483656],
              [-123.87538364156117, 39.49036096389669],
              [-123.87517264167398, 39.48532596357229],
              [-123.87439764082384, 39.48256696403123],
              [-123.87614164179452, 39.47996796357423],
              [-123.87614164089621, 39.4789919631966],
              [-123.8777106410664, 39.47622596283675],
              [-123.87823264039991, 39.47337396251911],
              [-123.87947464033195, 39.47109996262185],
              [-123.87961563989893, 39.47084096261991],
              [-123.88114463988617, 39.46773796231002],
              [-123.88259464023068, 39.464364961959966],
              [-123.8850406395616, 39.45824896134198],
              [-123.8874156387474, 39.45304096068675],
              [-123.88795663834749, 39.448101959965115],
              [-123.88890863785132, 39.44394395941636],
              [-123.88909563655073, 39.43781995879033],
              [-123.88927963667376, 39.43462495901855],
              [-123.88820063605003, 39.43009295944556],
              [-123.88764863568096, 39.4278879592188],
              [-123.88711663540343, 39.42576295930024],
              [-123.88786563451764, 39.42254495854369],
              [-123.88852563484171, 39.41942595882982],
              [-123.8895826339275, 39.41714895787392],
              [-123.8900596348518, 39.41612195818088],
              [-123.89131863360397, 39.413248957214996],
              [-123.89233663412834, 39.40976695730437],
              [-123.89246263362674, 39.4070419574331],
              [-123.89237163339013, 39.40434595671672],
              [-123.8921116330991, 39.40144595699704],
              [-123.89155463180889, 39.39833795660952],
              [-123.89065763165834, 39.395021956232824],
              [-123.89043663172541, 39.39229095617556],
              [-123.89045963039331, 39.39010295597768],
              [-123.89148163111564, 39.38931295592896],
              [-123.89290263114782, 39.38684795535213],
              [-123.89457863054984, 39.38310795503015],
              [-123.89588563077918, 39.380101954589726],
              [-123.89644462992261, 39.37738595394462],
              [-123.89666262948249, 39.3759539547852],
              [-123.8968226302144, 39.37489795412248],
              [-123.89656462867491, 39.36985795390585],
              [-123.89633662906925, 39.36718995338445],
              [-123.8960596281615, 39.363935953866495],
              [-123.89500762730198, 39.36027895383681],
              [-123.89435362772399, 39.356919953299965],
              [-123.89523162670963, 39.352425952370744],
              [-123.89494962577899, 39.34835395271432],
              [-123.8930986246782, 39.337498952607845],
              [-123.89013862371473, 39.33228795181833],
              [-123.88643062166533, 39.32503195193865],
              [-123.8810306203204, 39.31935095112302],
              [-123.88104762003886, 39.31908295168559],
              [-123.88161361885497, 39.310212951232224],
              [-123.88019661902074, 39.30420295088587],
              [-123.87929161757599, 39.301387950158585],
              [-123.8761416166417, 39.29159395012752],
              [-123.8761416166417, 39.29045295016984],
              [-123.87498161582712, 39.288595949944735],
              [-123.87022561401443, 39.28066294985668],
              [-123.86909261296401, 39.27588294922854],
              [-123.8690506122329, 39.27305894953742],
              [-123.86820561196092, 39.269873949059466],
              [-123.86737861123225, 39.26676194913387],
              [-123.8652436104493, 39.262543948630096],
              [-123.86449561026167, 39.25796794840507],
              [-123.86342360931064, 39.25476794870648],
              [-123.8607816083645, 39.24990394826101],
              [-123.85974760794662, 39.246824947616304],
              [-123.85686860717398, 39.24347894845557],
              [-123.85544460676877, 39.24140094757923],
              [-123.8548636069857, 39.24046194732345],
              [-123.85426260531453, 39.2384099482163],
              [-123.85301260588491, 39.236397948147754],
              [-123.85179760481874, 39.23387994748251],
              [-123.85010560462489, 39.23140094767821],
              [-123.85023160412327, 39.228768947465994],
              [-123.84969560364775, 39.22546894707354],
              [-123.84920260282992, 39.22206694772922],
              [-123.84840660296173, 39.21873594741156],
              [-123.84713860219212, 39.21567794649991],
              [-123.84715660173546, 39.21183294621361],
              [-123.84683060132222, 39.20812694691671],
              [-123.84644260008638, 39.20583694623184],
              [-123.84581160007463, 39.204460946282616],
              [-123.84585560045555, 39.202065946016795],
              [-123.84603160018264, 39.19980494549994],
              [-123.84548459983647, 39.198258946031025],
              [-123.84395959914889, 39.195371945788466],
              [-123.84253659856857, 39.193293945636746],
              [-123.84133059862155, 39.19128094544437],
              [-123.84014159749464, 39.190212945630634],
              [-123.84078459720196, 39.18733994472806],
              [-123.83889359681649, 39.183343945064564],
              [-123.83689259592784, 39.18042794511746],
              [-123.83409459534612, 39.17654194504791],
              [-123.8310695940853, 39.17204994441035],
              [-123.82858759297277, 39.16883494477699],
              [-123.82717059313853, 39.16705994453969],
              [-123.82583359187362, 39.1649129444894],
              [-123.82347059058672, 39.161055944447526],
              [-123.82124758994026, 39.15773694420749],
              [-123.81599458890842, 39.149487943822486],
              [-123.8143465881972, 39.146871944716715],
              [-123.81147958712015, 39.143827945122815],
              [-123.80922358686172, 39.141047944078515],
              [-123.80864858602813, 39.137815944556884],
              [-123.80814158496659, 39.133570944006756],
              [-123.80790358531523, 39.12976194346189],
              [-123.80747058477185, 39.12723594318027],
              [-123.8063465839423, 39.12490794369136],
              [-123.80554558405122, 39.12490794369136],
              [-123.80473758358913, 39.12160594340308],
              [-123.8030685829615, 39.11852794350367],
              [-123.8016195824419, 39.11591894376148],
              [-123.79877458200448, 39.11177394266267],
              [-123.79641358036741, 39.108564943420376],
              [-123.79471357977766, 39.106796942637246],
              [-123.79386957933058, 39.10418294329804],
              [-123.79282557976526, 39.102317942543856],
              [-123.79233357877236, 39.10143994266056],
              [-123.79145857926142, 39.100236942895904],
              [-123.7898385781393, 39.097694942546994],
              [-123.78848557787917, 39.09605894255189],
              [-123.78655757678546, 39.09294894276147],
              [-123.78611957711756, 39.09214594316893],
              [-123.78500557633372, 39.08829194204138],
              [-123.78459357570677, 39.0856089423369],
              [-123.78343657526523, 39.081788942088345],
              [-123.78228457394823, 39.07850594165167],
              [-123.78096357437347, 39.075559941934756],
              [-123.77951457295558, 39.07274894132129],
              [-123.77832257235393, 39.06973494143239],
              [-123.77648657311835, 39.06702794151788],
              [-123.77469957159164, 39.06505794169757],
              [-123.7726555710453, 39.06318994211628],
              [-123.77132356980327, 39.05900094087048],
              [-123.77043556987357, 39.05618694180274],
              [-123.76920056961418, 39.05303794086223],
              [-123.76835656916712, 39.05029094134914],
              [-123.76638856789043, 39.047280940806154],
              [-123.76459056828972, 39.043900940955794],
              [-123.7619785674808, 39.04109594146729],
              [-123.76208356616446, 39.03837694055533],
              [-123.76174656588057, 39.03424994065899],
              [-123.76142456566528, 39.03190194002687],
              [-123.7609395652434, 39.03062893979284],
              [-123.76148256539163, 39.02867893994115],
              [-123.76162856498148, 39.02565693991575],
              [-123.76116956449887, 39.02250393990906],
              [-123.7614005635792, 39.01931293859752],
              [-123.7615875640753, 39.01598893937578],
              [-123.76119156334184, 39.01505093892157],
              [-123.76203456396401, 39.01293093877174],
              [-123.76270556326045, 39.01071193899368],
              [-123.76316156337003, 39.00869493812805],
              [-123.76919056417859, 39.00788793725335],
              [-123.77662256457765, 39.005022936666776],
              [-123.77988056456863, 39.002989935950886],
              [-123.77989556463723, 39.002971936329175],
              [-123.77992256440142, 39.002941936484106],
              [-123.78543656554916, 38.999912935882584],
              [-123.7854815648567, 38.9998739359311],
              [-123.79520156530127, 38.99159593456858],
              [-123.797230565779, 38.9898679342756],
              [-123.8060815647638, 38.97704693322021],
              [-123.80987356378384, 38.96122393084659],
              [-123.80651856101355, 38.9404619303542],
              [-123.79846455812859, 38.927471930069316],
              [-123.79204855501081, 38.91207092904471],
              [-123.7846895508134, 38.893732928423084],
              [-123.76714154654138, 38.877900928419706],
              [-123.76204354532024, 38.87491492873549],
              [-123.75114254324637, 38.867396928414855],
              [-123.7379345390638, 38.85744592933829],
              [-123.72531353630868, 38.84412192940691],
              [-123.71782053311529, 38.8279259280023],
              [-123.70652753050594, 38.817728928369476],
              [-123.69260852774228, 38.810323929030616],
              [-123.69193952719736, 38.809423928999244],
              [-123.68271152415245, 38.797019928796125],
              [-123.66397752002489, 38.78554192964665],
              [-123.66004951876577, 38.784262929589595],
              [-123.65266451732403, 38.77497192965271],
              [-123.64126651423439, 38.76439892991257],
              [-123.63262451279203, 38.758177930317075],
              [-123.63251051209087, 38.758123930006995],
              [-123.63123551164857, 38.75742893015287],
              [-123.62741051121992, 38.75534493026959],
              [-123.62613651060252, 38.754650930340524],
              [-123.61521850881022, 38.74991693154824],
              [-123.61427150843096, 38.74991693154824],
              [-123.6070745073102, 38.74856993179133],
              [-123.60011250636609, 38.74472493187433],
              [-123.59197550453881, 38.740231931401915],
              [-123.58692850247297, 38.72807993110142],
              [-123.58175450018554, 38.72198693122571],
              [-123.57801849944535, 38.71758793080786],
              [-123.56610249632188, 38.70902593151485],
              [-123.54947649231471, 38.700139932369154],
              [-123.53190248900178, 38.69342593307312],
              [-123.52302348773291, 38.68751993308135],
              [-123.51059348477351, 38.68089493413673],
              [-123.50514748339782, 38.674393933814805],
              [-123.50391348296338, 38.6729199336995],
              [-123.50113348192501, 38.67052693353469],
              [-123.49868248167287, 38.66894793350562],
              [-123.49509748054543, 38.66066693352603],
              [-123.48855647775416, 38.651470933409335],
              [-123.48729947775352, 38.65043193323194],
              [-123.47738647516846, 38.642230933141086],
              [-123.47053447382925, 38.6385829332718],
              [-123.470392473539, 38.638301933945456],
              [-123.46562947205362, 38.62885093386112],
              [-123.46250947125658, 38.62491793293015],
              [-123.46038247086959, 38.622712932741756],
              [-123.45617246867982, 38.61479293277365],
              [-123.44840446692348, 38.60629693267312],
              [-123.43716346329434, 38.59789293292924],
              [-123.43050346247404, 38.59167693325433],
              [-123.43023546268543, 38.591213932497425],
              [-123.42540245998153, 38.58284893268539],
              [-123.41746245869604, 38.57483593280407],
              [-123.41418345789035, 38.57152693317409],
              [-123.40827045563613, 38.5659149334083],
              [-123.40501145492192, 38.56282293271477],
              [-123.39417045222417, 38.553946932754265],
              [-123.38911345011262, 38.54615693293141],
              [-123.384580448781, 38.53702693220829],
              [-123.38429944857361, 38.536679932459016],
              [-123.37858044648814, 38.529602932718824],
              [-123.37613344643398, 38.52681393260961],
              [-123.37086944463319, 38.52089493211664],
              [-123.36857144454194, 38.51842093194922],
              [-123.36094244180444, 38.51020693221079],
              [-123.34854243988059, 38.50424593272623],
              [-123.33966843863459, 38.50332793355746],
              [-123.33093443713072, 38.502425933632566],
              [-123.33073843641381, 38.49991793371346],
              [-123.33041643619855, 38.49991793371346],
              [-123.32945343592577, 38.49991793371346],
              [-123.32913243643372, 38.49991793371346],
              [-123.32741643595044, 38.49927193372585],
              [-123.32455043559662, 38.49868293410547],
              [-123.32382343532538, 38.49861893478291],
              [-123.31735843360042, 38.48864293371663],
              [-123.30675542965575, 38.47868593399879],
              [-123.28969842655171, 38.46758493440981],
              [-123.28318542514619, 38.464963934449905],
              [-123.28134542481433, 38.464501935183726],
              [-123.28031142439647, 38.46346593485203],
              [-123.26920142208519, 38.45757393493142],
              [-123.25353541887613, 38.45270993629347],
              [-123.25113441885271, 38.452083936352864],
              [-123.25112941882988, 38.45208293668463],
              [-123.24961741856107, 38.45190293637935],
              [-123.2423754172345, 38.450602936944826],
              [-123.24200241786389, 38.450535936662405],
              [-123.23640441615227, 38.4504329368944],
              [-123.23476541566187, 38.44842693700844],
              [-123.22802641430053, 38.444232936701624],
              [-123.22023341332812, 38.441958938015745],
              [-123.21876541254196, 38.43988393759463],
              [-123.21139541027053, 38.430821937628174],
              [-123.20425740870101, 38.42407193775101],
              [-123.20408440844865, 38.42390793820033],
              [-123.20269740785334, 38.420994937853784],
              [-123.20190940838104, 38.41968093683233],
              [-123.19617240585391, 38.41011293705234],
              [-123.19338440531793, 38.40748593720149],
              [-123.18974840413684, 38.40406093656106],
              [-123.18847840371741, 38.40286493714478],
              [-123.18505140277371, 38.400686936624695],
              [-123.17998740188776, 38.39746793738515],
              [-123.17172439966376, 38.394083937610034],
              [-123.17069040014418, 38.39267793792296],
              [-123.17013439957718, 38.392194937966394],
              [-123.16811439932029, 38.39044093770039],
              [-123.1654643979782, 38.388777938176986],
              [-123.16477039821726, 38.38834193736604],
              [-123.16420839870077, 38.387302937890205],
              [-123.16389139761006, 38.3863279380133],
              [-123.16198839752903, 38.38046293733111],
              [-123.16094439616708, 38.37774593741852],
              [-123.1598603964188, 38.374921937040035],
              [-123.15696539485434, 38.37027893755273],
              [-123.15575639453425, 38.3684009373055],
              [-123.15050539315224, 38.3616969370421],
              [-123.14899139233535, 38.36022693659681],
              [-123.14629939205881, 38.35761193647327],
              [-123.1427473905433, 38.355306936539996],
              [-123.14273739139588, 38.35416293712724],
              [-123.14002539012954, 38.35060993676776],
              [-123.13586638889176, 38.346860936501564],
              [-123.13432538831064, 38.34579093660419],
              [-123.13507738869622, 38.344172936759875],
              [-123.1383343888623, 38.3371929357122],
              [-123.14101438764665, 38.327458934717605],
              [-123.14130538520483, 38.31313193353472],
              [-123.14134238501475, 38.31134293426214],
              [-123.13453638280795, 38.29626793293539],
              [-123.12612937974556, 38.28729093314135],
              [-123.12612838081898, 38.28728893277235],
              [-123.12378738017173, 38.285791933398905],
              [-123.12348037912675, 38.284313933175156],
              [-123.11960437774617, 38.27710793273664],
              [-123.11098237549696, 38.26726793261022],
              [-123.1034543739401, 38.26232693285657],
              [-123.1009763730255, 38.26136293199787],
              [-123.08864337104878, 38.24992293280377],
              [-123.0519763608881, 38.21585993328553],
              [-123.04963036021796, 38.21429093257494],
              [-123.04893435990886, 38.21147093301318],
              [-123.04583835940129, 38.204930932207],
              [-123.040406357371, 38.19836693265783],
              [-123.03895635702649, 38.19753293273543],
              [-123.03791035601473, 38.19249593233511],
              [-123.03481635515696, 38.186022932334296],
              [-123.03293035479435, 38.18297293131582],
              [-123.03134935403028, 38.18146693140415],
              [-123.03154435402396, 38.17810493135189],
              [-123.03049635246404, 38.172462930743876],
              [-123.02722435133104, 38.16417493035142],
              [-123.02307334959086, 38.158176930576936],
              [-123.01974034925681, 38.15419093056076],
              [-123.01483034745834, 38.1491369298691],
              [-123.02371234550696, 38.12492792828244],
              [-123.06381034153797, 38.03649191750926],
              [-123.06726734172057, 38.03402391747122],
              [-123.07471434218823, 38.02720391650008],
              [-123.08121334155345, 38.01897591526196],
              [-123.08296034110055, 38.01533791436021],
              [-123.08514334066577, 38.008437913942856],
              [-123.0856743402201, 37.99993291348609],
              [-123.08527833948663, 37.99671591294619],
              [-123.08511534017836, 37.99538991327862],
              [-123.0846203388124, 37.98809291264068],
              [-123.08445633788253, 37.98703191266458],
              [-123.08396433868627, 37.98382891206183],
              [-123.08389333764285, 37.98337091189387],
              [-123.08189433730236, 37.97871191173313],
              [-123.07940333596895, 37.9719419115756],
              [-123.07420133409241, 37.964891911413474],
              [-123.0679783322168, 37.9586739116664],
              [-123.05904133122165, 37.9528459118087],
              [-123.05222232859605, 37.94916691125072],
              [-123.05009732875715, 37.94802091215657],
              [-123.04113432692442, 37.945469912827825],
              [-123.0304333257654, 37.94331191266344],
              [-123.02252032334577, 37.94206991357882],
              [-123.0102393221459, 37.94134191395522],
              [-123.00112232122568, 37.94136291447453],
              [-122.99314032010739, 37.94109591562273],
              [-122.98474831801197, 37.94054091638612],
              [-122.97644131720365, 37.94015391650235],
              [-122.96808631581646, 37.9402719166957],
              [-122.95960131473292, 37.94062391758778],
              [-122.9532373132903, 37.94109791841169],
              [-122.94592931273976, 37.9426749189282],
              [-122.93798231178158, 37.94444792000176],
              [-122.93194031145256, 37.946676920590185],
              [-122.92622031044048, 37.9506309212804],
              [-122.91918331005162, 37.95483992147846],
              [-122.91341031023444, 37.959769922739056],
              [-122.91254030984807, 37.96078892250447],
              [-122.90924931024514, 37.96464892326782],
              [-122.90550231053263, 37.970578924204126],
              [-122.9022973102451, 37.97739092500614],
              [-122.89743430920059, 37.97575192503567],
              [-122.89277730891875, 37.97469092506364],
              [-122.88930430794429, 37.97411392587887],
              [-122.88256830695599, 37.968880925736116],
              [-122.87907030586717, 37.96658292575758],
              [-122.87611730547475, 37.96634692612749],
              [-122.87519930540782, 37.96479292615027],
              [-122.87273530473689, 37.96248492601106],
              [-122.86867530323329, 37.95949292621812],
              [-122.86514630218234, 37.957885925895056],
              [-122.86397130219744, 37.95723892635772],
              [-122.8625163018301, 37.955273926345306],
              [-122.85959730177284, 37.95225492614073],
              [-122.85723530120916, 37.94991792677141],
              [-122.85709430074387, 37.94977892625005],
              [-122.85458730041523, 37.94763892666818],
              [-122.8504732993833, 37.945589926987296],
              [-122.8494662987296, 37.941807926699475],
              [-122.84787529791977, 37.93748292575538],
              [-122.84609329641593, 37.93160592560757],
              [-122.84429029679232, 37.92734692549682],
              [-122.84214729471516, 37.923321924551644],
              [-122.83890929391735, 37.91891892467164],
              [-122.83323929223567, 37.91341992479505],
              [-122.82981729221316, 37.910329925250345],
              [-122.82538429044068, 37.90709792494223],
              [-122.81880528891288, 37.90324392554519],
              [-122.81414728790783, 37.90108892612538],
              [-122.80750328698103, 37.89912192584391],
              [-122.80640228661598, 37.89880792520293],
              [-122.80035328661428, 37.89708292653133],
              [-122.79311828496039, 37.89500992604557],
              [-122.78904028391342, 37.893767926993945],
              [-122.78823428310118, 37.891031926679716],
              [-122.78705028289544, 37.88812492637536],
              [-122.78640428281507, 37.88695192604165],
              [-122.78548528202491, 37.885281926529125],
              [-122.78492728270639, 37.88441492691495],
              [-122.7823032813036, 37.880339925607295],
              [-122.77992728049624, 37.87716892606266],
              [-122.77915428109257, 37.876136926266874],
              [-122.77803227991281, 37.87493292654964],
              [-122.77371927868923, 37.87085192616563],
              [-122.7667842775093, 37.865808926485805],
              [-122.76020527598153, 37.86186392670112],
              [-122.75790827571518, 37.86048692702881],
              [-122.75247927405798, 37.85770392644509],
              [-122.75111127462753, 37.857352926711506],
              [-122.74145027283588, 37.85541892675254],
              [-122.74027127175471, 37.85517892741126],
              [-122.73067926956004, 37.85006492765814],
              [-122.72432426923655, 37.84768492778574],
              [-122.7158582675213, 37.84562992824078],
              [-122.70469226603186, 37.84430092860058],
              [-122.69701326486226, 37.84472992919827],
              [-122.69200026402993, 37.845010929713716],
              [-122.67803126193589, 37.84789593139969],
              [-122.67566726172242, 37.84852193174083],
              [-122.67531826174294, 37.848233931314816],
              [-122.66789326011825, 37.84210693154957],
              [-122.66743825983359, 37.841730931125944],
              [-122.65562325789075, 37.835825931806376],
              [-122.64317625431458, 37.83045593169235],
              [-122.641698254381, 37.830089932150635],
              [-122.632485252303, 37.827811932775354],
              [-122.63239925298758, 37.827708932896336],
              [-122.62959625238295, 37.82437193263813],
              [-122.62610825133989, 37.82160193272582],
              [-122.62610525186514, 37.8215979334162],
              [-122.62610425204025, 37.82164293273268],
              [-122.61229824925451, 37.81522893321247],
              [-122.60024924516328, 37.802487933577375],
              [-122.5881872424499, 37.78936693292608],
              [-122.58474124034132, 37.779160932689585],
              [-122.58330623916713, 37.77127093167077],
              [-122.58199423891487, 37.764054930814595],
              [-122.58129423750951, 37.76020793156784],
              [-122.57991323586367, 37.74808393036735],
              [-122.57830723408692, 37.7339929297102],
              [-122.57520223066356, 37.70672592708331],
              [-122.57504222993168, 37.70532592706898],
              [-122.57456423008081, 37.701125926856996],
              [-122.57440523007213, 37.69972692702754],
              [-122.57362122900119, 37.692848926642895],
              [-122.57127022561325, 37.672214924920105],
              [-122.57048722526551, 37.66533792421407],
              [-122.57028022467794, 37.6635249238752],
              [-122.56966222418666, 37.6580899234766],
              [-122.56945622342404, 37.65627792384372],
              [-122.56919522330813, 37.653991923234464],
              [-122.56841522243512, 37.64713692321923],
              [-122.56815522214413, 37.64485192296735],
              [-122.5678072219896, 37.64180392242788],
              [-122.56751022099034, 37.639189921990074],
              [-122.57017122130475, 37.63318392131103],
              [-122.5714142210617, 37.630380921752156],
              [-122.57204322142366, 37.62895992171544],
              [-122.57267922055996, 37.62752592099209],
              [-122.57390022147393, 37.624685920469986],
              [-122.57451422086893, 37.62325892030398],
              [-122.57544622028126, 37.6210879197354],
              [-122.57824522068795, 37.6145749190447],
              [-122.57917922064838, 37.612404919458136],
              [-122.5795732208337, 37.6114889194937],
              [-122.58018322003075, 37.60980891894453],
              [-122.58303821961559, 37.601958917828675],
              [-122.5839912189443, 37.59934291745441],
              [-122.58482921954361, 37.59703691784856],
              [-122.5864672193108, 37.592533917511375],
              [-122.58680121922161, 37.589985916405944],
              [-122.58712121888875, 37.587553916542234],
              [-122.58748521803851, 37.58477491598115],
              [-122.58819021767015, 37.579412915872815],
              [-122.58789521721901, 37.576428914999525],
              [-122.58762121668434, 37.57364091483028],
              [-122.58646721571752, 37.561917914273984],
              [-122.58378721513655, 37.55568091373962],
              [-122.57957621312191, 37.545879913684296],
              [-122.57785321027096, 37.528384912286256],
              [-122.57508920732947, 37.501068910610826],
              [-122.57497620645326, 37.49994791026241],
              [-122.57497620645326, 37.4999449098714],
              [-122.57406820643206, 37.49851291069814],
              [-122.57343220639741, 37.4936489096935],
              [-122.57279020471839, 37.489186909293224],
              [-122.57097120430291, 37.484476908821144],
              [-122.57035920455773, 37.48335390939694],
              [-122.56886920403026, 37.48061690901252],
              [-122.56810820342383, 37.47921890862284],
              [-122.56389020263481, 37.47427790847144],
              [-122.56300620200473, 37.47338290827323],
              [-122.56081720079514, 37.47116690893404],
              [-122.55953720122827, 37.469870908830735],
              [-122.55297419959402, 37.46403090931761],
              [-122.54960019925208, 37.460541908716046],
              [-122.54700919746124, 37.45786190827134],
              [-122.53735119604264, 37.45074290896763],
              [-122.52760919316182, 37.446100908759796],
              [-122.51460519099038, 37.44252291009964],
              [-122.50990219067778, 37.44155890980993],
              [-122.50992919044194, 37.43998690987618],
              [-122.50998518962014, 37.43680490987945],
              [-122.50936418965412, 37.43140490930836],
              [-122.50842818914548, 37.42710690881697],
              [-122.50805418815338, 37.424693908596836],
              [-122.50774718800672, 37.42271090903276],
              [-122.50724718751619, 37.42118490850123],
              [-122.50590818749977, 37.41709490868491],
              [-122.50355618698187, 37.41190690805636],
              [-122.50309618577602, 37.41121090751508],
              [-122.50110518493312, 37.40819790777543],
              [-122.4966891846757, 37.40176590827043],
              [-122.48746718147855, 37.3883329077138],
              [-122.48411817945434, 37.3820609067749],
              [-122.48044417863844, 37.375178906953614],
              [-122.48038217871417, 37.37506290638045],
              [-122.48032017878988, 37.3749469070556],
              [-122.4743751767486, 37.363812906173024],
              [-122.47156217519992, 37.35854290593597],
              [-122.46701817399764, 37.34989390582228],
              [-122.4658821725742, 37.3412449047838],
              [-122.46889117124651, 37.32738290342982],
              [-122.47162517045753, 37.314792902053426],
              [-122.472263170142, 37.31185290168312],
              [-122.47228617060652, 37.31174790260539],
              [-122.47232817043933, 37.31155590166708],
              [-122.47233617083523, 37.31151690126028],
              [-122.47292816959063, 37.308786901104114],
              [-122.474708169648, 37.30059790082269],
              [-122.47530117002496, 37.2978689005696],
              [-122.47610716904057, 37.29415690052547],
              [-122.48178716717472, 37.27109289778467],
              [-122.4830961661556, 37.25890489676195],
              [-122.48405916463176, 37.24994889652418],
              [-122.48369516458368, 37.242086895655646],
              [-122.48315516391018, 37.23474489476815],
              [-122.48171616343635, 37.229151894643245],
              [-122.47908416163763, 37.221686894342604],
              [-122.47555116038872, 37.21610689351714],
              [-122.4722481592936, 37.212218893756244],
              [-122.47159615846714, 37.207309893394786],
              [-122.47052915753895, 37.20216089315409],
              [-122.46947415720466, 37.19944489286142],
              [-122.46851415730491, 37.19581789242537],
              [-122.4685851565517, 37.193484892706856],
              [-122.46806615669296, 37.18796889221074],
              [-122.46592315461577, 37.181860891345345],
              [-122.46413015413961, 37.17785289074019],
              [-122.46104715315249, 37.17332489136106],
              [-122.45866315284754, 37.16978389069727],
              [-122.45543915139511, 37.166606890761805],
              [-122.45336615053645, 37.161682890980984],
              [-122.45152615020461, 37.158249890701],
              [-122.44564514863576, 37.15004189041324],
              [-122.4452111482675, 37.14967189079084],
              [-122.43935414698804, 37.14466889003176],
              [-122.42848014467839, 37.137759890350985],
              [-122.42136014265218, 37.13508189084275],
              [-122.41977014256561, 37.131886890271375],
              [-122.41775614215652, 37.12916089048553],
              [-122.41576214183885, 37.124951890324645],
              [-122.41337514026254, 37.12179589017766],
              [-122.40929113936782, 37.117753889642074],
              [-122.40507613805352, 37.11445989009705],
              [-122.40440813823184, 37.11393789051984],
              [-122.39692913618045, 37.10989289002645],
              [-122.39739913653375, 37.10704089035889],
              [-122.39688813617258, 37.10276889041194],
              [-122.39537113498262, 37.09374588888058],
              [-122.3931401339402, 37.08716888944858],
              [-122.38943413333728, 37.0809788887291],
              [-122.38632313186275, 37.07668588844351],
              [-122.38575213122714, 37.07589788812496],
              [-122.38172213075907, 37.07148588828469],
              [-122.37609912893309, 37.06565288861796],
              [-122.36966412734536, 37.062024888413056],
              [-122.36454312655798, 37.06009888901601],
              [-122.36001612597249, 37.05839788893931],
              [-122.34822112412114, 37.055676889116704],
              [-122.33642712209466, 37.05386288975075],
              [-122.32672711994493, 37.05386289046768],
              [-122.32356211984039, 37.05386289046768],
              [-122.31391211791937, 37.05476889153959],
              [-122.30329611625086, 37.04399189157117],
              [-122.30319211559548, 37.04388589143172],
              [-122.29032611261796, 37.03209489143756],
              [-122.27638810958776, 37.024838891837945],
              [-122.27317210853124, 37.018489891212496],
              [-122.27151710724901, 37.01382489029898],
              [-122.26995610657644, 37.00941989011602],
              [-122.26566710474398, 37.00012489057189],
              [-122.26553310484968, 36.99995489071603],
              [-122.26321610449186, 36.9965878900673],
              [-122.26106210344236, 36.99345689046419],
              [-122.25434110252267, 36.98831888997521],
              [-122.25109510132894, 36.98583789035736],
              [-122.24835410064858, 36.98424588985867],
              [-122.24013109950587, 36.97946989012655],
              [-122.23739109865046, 36.977878890956795],
              [-122.23153609702086, 36.97447889070626],
              [-122.22211209505566, 36.96901589070838],
              [-122.20933509266494, 36.961610890989185],
              [-122.18802208823874, 36.950255891488055],
              [-122.17530408629754, 36.94423289211166],
              [-122.17203708518741, 36.942685891574044],
              [-122.15899908268078, 36.93745589171831],
              [-122.1485340797267, 36.93299489238089],
              [-122.13058207702026, 36.92534289349353],
              [-122.11670707373922, 36.920764893642705],
              [-122.10590507229787, 36.91720089410775],
              [-122.10305307218775, 36.91625989421666],
              [-122.1000720713079, 36.91551889439026],
              [-122.08238906821498, 36.9111218958014],
              [-122.08174006776154, 36.91096089526579],
              [-122.07641206728496, 36.910203896146655],
              [-122.07640606743718, 36.91018089560891],
              [-122.0723680647766, 36.8925688939802],
              [-122.07221006459284, 36.8918788949581],
              [-122.06833006211598, 36.87495789322899],
              [-122.06011105847628, 36.847280890889934],
              [-122.05723605610498, 36.83760289073837],
              [-122.05189105411336, 36.81960489022255],
              [-122.04596005051914, 36.799636888512254],
              [-122.03120704376087, 36.74996088511524],
              [-122.03119304261885, 36.74991288448409],
              [-122.00113702838308, 36.647708878290466],
              [-122.00350002787336, 36.64640387779771],
              [-122.00577802877142, 36.64437387752716],
              [-122.00805502804798, 36.64241587649006],
              [-122.01103202872986, 36.639950876930364],
              [-122.01260902839762, 36.63857287708498],
              [-122.01418602806545, 36.63668687607537],
              [-122.01594002908186, 36.63429387608107],
              [-122.01743102853592, 36.63204487552227],
              [-122.0193640287542, 36.627765875329665],
              [-122.02041902819016, 36.62496387419981],
              [-122.02014002763259, 36.62280287480798],
              [-122.02207002837613, 36.62166087439584],
              [-122.02364902859206, 36.620447873992255],
              [-122.02514002894443, 36.618593874081476],
              [-122.02777102822331, 36.61602587357792],
              [-122.02987602886901, 36.614242872990424],
              [-122.03163002898714, 36.61210287275826],
              [-122.03426102916431, 36.60967787242965],
              [-122.03689002879334, 36.60568487238957],
              [-122.03855502922299, 36.60283387166095],
              [-122.04074602918412, 36.6001248710062],
              [-122.04276102851982, 36.5966318707632],
              [-122.04319802836282, 36.59435187044728],
              [-122.04416102773729, 36.591358870513105],
              [-122.04407102822393, 36.58872387007036],
              [-122.04433202833984, 36.58623087030449],
              [-122.04441802765525, 36.58352386911195],
              [-122.04441502728221, 36.58046086922876],
              [-122.0440630269297, 36.5782538694626],
              [-122.04344702698656, 36.575832869442294],
              [-122.0428310270434, 36.57277086878865],
              [-122.04116102569255, 36.56821586851906],
              [-122.03966702496712, 36.56465686820806],
              [-122.03747202390973, 36.56038586812374],
              [-122.03527802357557, 36.55746886727297],
              [-122.03352102308439, 36.554694868315664],
              [-122.0313280216768, 36.551991867853786],
              [-122.0290460214791, 36.548504867547464],
              [-122.02702802087202, 36.54658486740262],
              [-122.02682302083261, 36.54640986720552],
              [-122.02676802058103, 36.54636286753044],
              [-122.026591021029, 36.54621286819212],
              [-122.02527402075388, 36.5450908675763],
              [-122.023608019601, 36.54338386770179],
              [-122.02141501999009, 36.541250867239825],
              [-122.01939801920791, 36.53954386774306],
              [-122.01799501871909, 36.53869086739144],
              [-122.0174680184644, 36.5374098670694],
              [-122.01895701916695, 36.535270867584664],
              [-122.02053301900983, 36.53192086654149],
              [-122.021145018755, 36.528501866659475],
              [-122.02202001826593, 36.5252948659152],
              [-122.02272001787468, 36.52223186519507],
              [-122.0228060171901, 36.519310865252976],
              [-122.02306701730599, 36.515820864788],
              [-122.02271401712859, 36.51197486458361],
              [-122.0220110162485, 36.508912864390666],
              [-122.02078301566182, 36.505354864446986],
              [-122.01999201581648, 36.50321886415078],
              [-122.01832601466361, 36.499966863854674],
              [-122.01583801370326, 36.49139286413213],
              [-122.01334601254494, 36.483899862862046],
              [-122.00898401091757, 36.47533686285843],
              [-122.0082120113388, 36.47434186269933],
              [-122.00524600962925, 36.47052086221444],
              [-122.00108100854365, 36.468249861959144],
              [-122.00076300942466, 36.467892862745295],
              [-121.9994850086093, 36.46645586242559],
              [-121.99964100824491, 36.46518086264944],
              [-121.99976900918973, 36.464710862462816],
              [-122.0002470081423, 36.46296286185173],
              [-122.0005630085098, 36.46104986248735],
              [-122.00083200812331, 36.458432862163576],
              [-122.00084900784177, 36.45568386133573],
              [-122.00061900768799, 36.45327286053975],
              [-122.0001410078371, 36.45113286118719],
              [-121.9994460064546, 36.44812286036409],
              [-121.99871600670866, 36.445749860680394],
              [-121.99794300550832, 36.44327686032907],
              [-121.99713100574662, 36.44100585998477],
              [-121.99602500535867, 36.43863586003604],
              [-121.99505200504018, 36.437036859971265],
              [-121.9941170052548, 36.4350678599491],
              [-121.99293400397566, 36.43340285973088],
              [-121.99120700362172, 36.43140885917925],
              [-121.98998300413136, 36.42971086038894],
              [-121.98846500221815, 36.42784785955788],
              [-121.987412002432, 36.42661785988402],
              [-121.98577300194161, 36.4250908590616],
              [-121.98463800213972, 36.42412985988032],
              [-121.98337600121786, 36.42283485958675],
              [-121.98274600192931, 36.42227085977671],
              [-121.98194700168807, 36.42154085907952],
              [-121.98144100134976, 36.42087485955669],
              [-121.98105500066208, 36.419638859508794],
              [-121.98104500061635, 36.4184988587774],
              [-121.98099000126305, 36.41692385882826],
              [-121.98085300099572, 36.415618859170046],
              [-121.98067200034743, 36.41391085902673],
              [-121.98032900021575, 36.412841859125386],
              [-121.98027000066453, 36.41089785874079],
              [-121.97941899964641, 36.40889485838852],
              [-121.97890099961256, 36.4068218583558],
              [-121.97809299915048, 36.40498685829142],
              [-121.9774959985756, 36.40345085789579],
              [-121.97685999854093, 36.402249858542724],
              [-121.97739399846834, 36.40133985807462],
              [-121.97725899874915, 36.40013485801256],
              [-121.97690799822152, 36.39819385854055],
              [-121.9765539973209, 36.39571685798382],
              [-121.97595299744637, 36.393710858034176],
              [-121.97565099732256, 36.39257485745537],
              [-121.97441899743626, 36.38987085724535],
              [-121.97315199738988, 36.387972857298294],
              [-121.97213199631736, 36.385668856913334],
              [-121.97124599603747, 36.38440385716934],
              [-121.97040399613851, 36.383372857032086],
              [-121.97097999589869, 36.38249585699352],
              [-121.9714609952243, 36.38027885609823],
              [-121.97182099597272, 36.37856685635784],
              [-121.97197299541037, 36.37682185690564],
              [-121.97187699515091, 36.37534785624291],
              [-121.97174599562966, 36.3749678567858],
              [-121.97229899492531, 36.372852856076115],
              [-121.97204299393395, 36.371974855694226],
              [-121.97186399473215, 36.37048685513201],
              [-121.97169299412958, 36.369810855595404],
              [-121.9720109941469, 36.367949854921655],
              [-121.97211999482516, 36.36602085474067],
              [-121.97214599386612, 36.363889855484786],
              [-121.97208999378961, 36.36199585484078],
              [-121.97207399389609, 36.36003385438925],
              [-121.97188999287475, 36.35783585471475],
              [-121.97141399357201, 36.35543585450416],
              [-121.97093999302079, 36.35347585478512],
              [-121.97046499174631, 36.35124485405755],
              [-121.9699499920855, 36.34918285398756],
              [-121.96960599123062, 36.34786485325509],
              [-121.9692239916392, 36.34691885394385],
              [-121.96892799136317, 36.34631085347751],
              [-121.96917199176063, 36.345565853464365],
              [-121.96912099080869, 36.34431485309329],
              [-121.96910799128824, 36.34272485378914],
              [-121.96888499080714, 36.34076385388477],
              [-121.9683739913443, 36.33937885399483],
              [-121.9681549910612, 36.33795885305967],
              [-121.96759899049418, 36.336031852933296],
              [-121.9674299904398, 36.33462085332747],
              [-121.96737699073633, 36.334172852397636],
              [-121.96694899021584, 36.33261785283095],
              [-121.9662279897924, 36.33092885275391],
              [-121.96550498971914, 36.32890185249403],
              [-121.96482698895338, 36.3273478521232],
              [-121.96435498895029, 36.325420852239596],
              [-121.96359498906708, 36.32396885225478],
              [-121.96288598833921, 36.32273785226441],
              [-121.96348198819085, 36.32018085225897],
              [-121.96367198816165, 36.31787985191615],
              [-121.96423498750303, 36.31544285129708],
              [-121.96446198728377, 36.31256685100779],
              [-121.96443898681922, 36.30962485054021],
              [-121.9646259873153, 36.30698585064623],
              [-121.96422998658186, 36.30414585046823],
              [-121.96358498632638, 36.30140785055785],
              [-121.96318998541786, 36.298770850258684],
              [-121.96237698583121, 36.29586385025122],
              [-121.96189998580526, 36.29332884992502],
              [-121.96050298426587, 36.29005184951152],
              [-121.95906598434016, 36.287112849702424],
              [-121.95767898374486, 36.285121849283726],
              [-121.95637598371344, 36.2833328486399],
              [-121.95435998275619, 36.28066684897414],
              [-121.95284598283757, 36.2784738495975],
              [-121.95091798174388, 36.27638184889763],
              [-121.94861198125675, 36.27378484881992],
              [-121.94685098056762, 36.27179384880477],
              [-121.94421497946924, 36.26960284899206],
              [-121.94166497948292, 36.26768184881434],
              [-121.93924097899497, 36.26596384863125],
              [-121.93731897864737, 36.26461684886176],
              [-121.93539397792672, 36.26282884866498],
              [-121.93309597783548, 36.261211849171936],
              [-121.93200897681582, 36.26047184865683],
              [-121.93067297717246, 36.25956184801461],
              [-121.92972197749354, 36.2591878492522],
              [-121.92742197685418, 36.25828484912417],
              [-121.9246239753741, 36.25653384879228],
              [-121.92182997499032, 36.25522284883079],
              [-121.92037397479803, 36.25505684890705],
              [-121.91891197475795, 36.253910848922686],
              [-121.91757197491661, 36.25252784853152],
              [-121.91631697366749, 36.25148284890712],
              [-121.91493897419132, 36.250606849279954],
              [-121.91351997291065, 36.2499688490289],
              [-121.9112799725457, 36.24876084892367],
              [-121.90995097257505, 36.24725084897483],
              [-121.90778897202792, 36.24529284878081],
              [-121.90571197186961, 36.24302684879743],
              [-121.90367297044783, 36.241479849107584],
              [-121.90117696998986, 36.23965784865252],
              [-121.9004339698251, 36.23790884873597],
              [-121.8994899698189, 36.23499584846946],
              [-121.89804196912421, 36.232389848772314],
              [-121.89676096883412, 36.22995484836218],
              [-121.89551996782869, 36.22775984826067],
              [-121.89353396790699, 36.224295848556956],
              [-121.89154296706408, 36.22178984775103],
              [-121.88934596635687, 36.21883884802117],
              [-121.88726996602345, 36.21674384789557],
              [-121.88486196542907, 36.21430484738213],
              [-121.88228396495532, 36.212208848124035],
              [-121.88020596497212, 36.21031884755557],
              [-121.87833296412998, 36.20914884741854],
              [-121.87607996334627, 36.20801184800392],
              [-121.86916696280598, 36.20419284789243],
              [-121.86794896136675, 36.20351984755248],
              [-121.86514896113518, 36.2018338484495],
              [-121.85847695972099, 36.197979847721406],
              [-121.85517895954703, 36.19652884844503],
              [-121.85415495827657, 36.19529684832297],
              [-121.8501659578164, 36.19234484802415],
              [-121.84641695665742, 36.190346848336404],
              [-121.84155195686144, 36.188238848700635],
              [-121.8366029556032, 36.186299848130815],
              [-121.83169395452798, 36.184599848036726],
              [-121.82706895313486, 36.18347884936907],
              [-121.82260695284668, 36.18259784923748],
              [-121.8174009516705, 36.181676849178615],
              [-121.81380395174583, 36.181242848884956],
              [-121.81165295106936, 36.18098984903452],
              [-121.80888995064768, 36.18005184920242],
              [-121.80624794970157, 36.17928485017296],
              [-121.80236694919641, 36.17830484994777],
              [-121.80080794907197, 36.17696685042243],
              [-121.79690694847534, 36.173877849909026],
              [-121.79304294679034, 36.17123085045125],
              [-121.7879799466276, 36.1684728500923],
              [-121.78196294461632, 36.166013849666705],
              [-121.7767309443992, 36.163559850240276],
              [-121.77343194350202, 36.16244685032831],
              [-121.77070594289029, 36.162018850181084],
              [-121.76597894228824, 36.1589228503977],
              [-121.76396794135385, 36.15727485001184],
              [-121.76121194060491, 36.15572385052942],
              [-121.75937194027307, 36.15360085074584],
              [-121.75583993974739, 36.15109085107894],
              [-121.75239293871219, 36.14841185078355],
              [-121.75107693826199, 36.14745085059643],
              [-121.74891193824016, 36.14645185015511],
              [-121.74734393789488, 36.14599785125213],
              [-121.74607393747542, 36.144969850569645],
              [-121.74138893670616, 36.139234849955045],
              [-121.73812293542096, 36.13578285017226],
              [-121.73406193499078, 36.13310285039933],
              [-121.73131993358719, 36.130705850210234],
              [-121.72922393406063, 36.129568850595646],
              [-121.72782493287143, 36.12901385094088],
              [-121.72713993333133, 36.127618849971704],
              [-121.72608593282193, 36.12594785020882],
              [-121.7251879328465, 36.12496785005383],
              [-121.70873092799543, 36.102604849626836],
              [-121.6907329225633, 36.08293484835973],
              [-121.67437191797174, 36.06466584775123],
              [-121.66455391492292, 36.039369846417735],
              [-121.65800991175863, 36.021102845588985],
              [-121.64819290853472, 35.99862184428376],
              [-121.63183090411825, 35.97894984340811],
              [-121.62037790077702, 35.96911384306064],
              [-121.60565189827449, 35.964898843408186],
              [-121.58928989475635, 35.95927884433714],
              [-121.5696548911786, 35.949442844721496],
              [-121.56147388986867, 35.943822844784656],
              [-121.55492988670437, 35.92836484293615],
              [-121.54184088234744, 35.90166484220046],
              [-121.53202387912357, 35.88480284064293],
              [-121.52547987685759, 35.874967840836945],
              [-121.5192048751034, 35.86340483981464],
              [-121.50105986935817, 35.84274983937796],
              [-121.48161886594917, 35.82935883892826],
              [-121.46236386231304, 35.820191839440945],
              [-121.45610986047524, 35.8177178398089],
              [-121.45063985970847, 35.80978883992579],
              [-121.44531885800625, 35.804576839190965],
              [-121.43818885593433, 35.796659839129504],
              [-121.42850885387612, 35.78590983830839],
              [-121.41384585022445, 35.77550783882709],
              [-121.39976684762726, 35.765346839440234],
              [-121.39347284560651, 35.76340583902462],
              [-121.39375084454254, 35.74997283786412],
              [-121.39172784391259, 35.74389283754665],
              [-121.38564184230431, 35.73369283728949],
              [-121.37933983988766, 35.72696383667266],
              [-121.37919283957457, 35.72252383567548],
              [-121.3781398388901, 35.71864783594551],
              [-121.37716283927193, 35.716474836048064],
              [-121.3787448380643, 35.71153883528024],
              [-121.37897283856825, 35.706030834625246],
              [-121.37605283778777, 35.70051383430595],
              [-121.37120983593641, 35.690382833947865],
              [-121.36637483358271, 35.68042383270645],
              [-121.3533898307795, 35.66920883242051],
              [-121.34773382934154, 35.664988833321985],
              [-121.34774782958526, 35.663018833090135],
              [-121.3460688289119, 35.66141283263838],
              [-121.34561482755383, 35.6559688321585],
              [-121.33965782581699, 35.642432830840505],
              [-121.32352482172935, 35.62497383112797],
              [-121.30999281947831, 35.61709983030444],
              [-121.29601181679037, 35.6119278317997],
              [-121.28604881487493, 35.608440830950975],
              [-121.27042881259493, 35.60648383255928],
              [-121.25982281007384, 35.60176083287199],
              [-121.25104680873714, 35.60068483277298],
              [-121.24660180726912, 35.60036783294315],
              [-121.23556980567396, 35.59501483322563],
              [-121.23182380488807, 35.5940438337739],
              [-121.2201358022685, 35.58687883343332],
              [-121.20231179960857, 35.583822834757484],
              [-121.20156779961891, 35.58369483394726],
              [-121.18791279554758, 35.569286833626094],
              [-121.1877177955539, 35.56908183445335],
              [-121.18665579464862, 35.56824683395426],
              [-121.17776879298385, 35.56125983398641],
              [-121.16841379061562, 35.545616833231506],
              [-121.15959978784748, 35.529442831617324],
              [-121.15106878493657, 35.51641683114495],
              [-121.1495367845763, 35.51495883113019],
              [-121.14050978227117, 35.50637983135879],
              [-121.13246878070332, 35.49997783112578],
              [-121.12827877950335, 35.49561383112914],
              [-121.1260417795115, 35.49440883130064],
              [-121.12206077854894, 35.493619830853646],
              [-121.11818377734343, 35.49060883138262],
              [-121.1112207756761, 35.48132683106781],
              [-121.10015077264951, 35.47088283034509],
              [-121.09413477225975, 35.4676098302677],
              [-121.09225077064868, 35.46667683044416],
              [-121.0887337701916, 35.461783830667756],
              [-121.08296676842555, 35.45564782972999],
              [-121.0738187666449, 35.449572829825335],
              [-121.07063076607581, 35.44768083010107],
              [-121.06906976540321, 35.447256830143886],
              [-121.06513876377106, 35.44255882977965],
              [-121.06094176379673, 35.43920482934357],
              [-121.05952176358947, 35.43770482917828],
              [-121.05870876310452, 35.43647882947955],
              [-121.05714876225684, 35.434127829749336],
              [-121.05665876181207, 35.433389829913004],
              [-121.05232076137247, 35.428550829670314],
              [-121.04791976028532, 35.42505982912825],
              [-121.04164775890422, 35.41999482929208],
              [-121.03698275732813, 35.41777982944712],
              [-121.03173975724036, 35.415557829126925],
              [-121.02956475717275, 35.41485482955111],
              [-121.02316675539494, 35.41278782975835],
              [-121.02232975551885, 35.41256582920434],
              [-121.01501775387206, 35.410633830361384],
              [-121.01031575338438, 35.409935830156144],
              [-121.0055677519676, 35.409507830088614],
              [-121.00097075196022, 35.409657831017604],
              [-120.99750975068132, 35.40972883089138],
              [-120.99487775067925, 35.409868831676114],
              [-120.99251975031355, 35.410449831089096],
              [-120.98964475063721, 35.41114383155185],
              [-120.98506374962504, 35.40816683166615],
              [-120.98412374891846, 35.40763983182947],
              [-120.9768407466857, 35.40356183172593],
              [-120.96807874559269, 35.399591832228936],
              [-120.95968274419764, 35.39649883176663],
              [-120.95041674241617, 35.394475832593855],
              [-120.94036374098735, 35.39328883283514],
              [-120.93330473995887, 35.39275283307337],
              [-120.9310277388857, 35.38975083316334],
              [-120.92829873790095, 35.3868478327451],
              [-120.93025673823354, 35.38309183313655],
              [-120.93093873829893, 35.379732832155156],
              [-120.9309507370962, 35.37806283281539],
              [-120.93096173786515, 35.37660683182241],
              [-120.93080973752919, 35.37497883202103],
              [-120.92989473603868, 35.369082831345544],
              [-120.92949873710188, 35.36706783105437],
              [-120.92829773538108, 35.360966830585106],
              [-120.92819473634725, 35.360693830385344],
              [-120.92597273552565, 35.35482783019307],
              [-120.9257577354405, 35.35428182985298],
              [-120.92344773385707, 35.348417830183365],
              [-120.92492373324252, 35.343422829430864],
              [-120.92642673329047, 35.336645828289264],
              [-120.9276207326436, 35.33341082771318],
              [-120.92861473287853, 35.33071582792741],
              [-120.9323067332378, 35.323185827392564],
              [-120.93624173237295, 35.31569182568938],
              [-120.94018373297745, 35.307727824791314],
              [-120.94077273315644, 35.30675782443569],
              [-120.94469073257319, 35.300305824142335],
              [-120.94817173214692, 35.295462823279706],
              [-120.95129073222073, 35.29014482242135],
              [-120.95334273226467, 35.284851821883954],
              [-120.95334573263771, 35.28483882218717],
              [-120.95512373214696, 35.278480821323406],
              [-120.95557973135823, 35.27552682129499],
              [-120.95711673263968, 35.27167482053052],
              [-120.95938773117011, 35.26544181998227],
              [-120.9599837319201, 35.26271881917383],
              [-120.96040173149652, 35.26081181916585],
              [-120.96137673056654, 35.25614781877125],
              [-120.96135473082525, 35.25224781833876],
              [-120.96126573023845, 35.24997981821112],
              [-120.96025972940964, 35.24362681711555],
              [-120.95673372783347, 35.23535281765301],
              [-120.95327672765085, 35.22835981670497],
              [-120.94904472661811, 35.22102481592006],
              [-120.94386772485595, 35.213784816200146],
              [-120.93736172312313, 35.20805181541244],
              [-120.93279172198159, 35.205530815862666],
              [-120.93021472133277, 35.20463981555125],
              [-120.92793172041182, 35.19943781510977],
              [-120.92401071972371, 35.19402381500039],
              [-120.91780471756655, 35.18738281435799],
              [-120.91215471687467, 35.18252981466656],
              [-120.90536171508664, 35.17723081474753],
              [-120.89685171299044, 35.17134781485337],
              [-120.8877677116822, 35.165628814325004],
              [-120.88051071028698, 35.161639814374574],
              [-120.87602670935918, 35.15972281466197],
              [-120.87555870955401, 35.15932481444106],
              [-120.8717157077854, 35.15371381429335],
              [-120.86488470636256, 35.147848814517594],
              [-120.8569387052293, 35.142816814644924],
              [-120.84731270269941, 35.137873814504566],
              [-120.83943270079004, 35.13465881443198],
              [-120.83060669922466, 35.13187381515869],
              [-120.82532469877883, 35.13129981482999],
              [-120.82200369814035, 35.131445815750396],
              [-120.81863769729603, 35.1278558153183],
              [-120.81623869692243, 35.12595481474054],
              [-120.81460869575457, 35.124981814675884],
              [-120.80840369432059, 35.120549814422226],
              [-120.80042369285212, 35.116581815047276],
              [-120.79114269100208, 35.11386681565492],
              [-120.78293369010305, 35.11198281632928],
              [-120.77270268839902, 35.110486815959376],
              [-120.77268168848259, 35.11048381698813],
              [-120.76518568671281, 35.11047481639948],
              [-120.76072668679767, 35.111078817039434],
              [-120.75662268491315, 35.10996781739576],
              [-120.75243968518254, 35.109460817442454],
              [-120.7510226853483, 35.10943781744371],
              [-120.74632068396228, 35.10930181763794],
              [-120.7385086827233, 35.109644818668514],
              [-120.73061868166656, 35.111199819156354],
              [-120.72551568132084, 35.11358081952195],
              [-120.72231568105616, 35.1114798191635],
              [-120.71905367996892, 35.109834819674276],
              [-120.71788368000692, 35.109244819435],
              [-120.71538667882574, 35.10798481989312],
              [-120.70792467828943, 35.10465881954493],
              [-120.70710767760652, 35.10429482004282],
              [-120.70168567652028, 35.10242782041463],
              [-120.69911967574212, 35.10154382022693],
              [-120.6953596756108, 35.100470819931154],
              [-120.69018767387152, 35.09899482053803],
              [-120.68961867378404, 35.09883282002585],
              [-120.68969067465235, 35.09651281984218],
              [-120.6893776737596, 35.090521819041385],
              [-120.68920267385742, 35.087168819303436],
              [-120.68781467253888, 35.077492818376264],
              [-120.68907067181631, 35.074863817884186],
              [-120.69035567230438, 35.069075817341336],
              [-120.69166867058487, 35.06036081660332],
              [-120.69313166955156, 35.046113814469855],
              [-120.693437668975, 35.04313881483578],
              [-120.69421066927697, 35.034577813510275],
              [-120.69472766858762, 35.0288438135959],
              [-120.69565466887539, 35.02510181279089],
              [-120.69741966796585, 35.017971811916794],
              [-120.7005706678267, 35.00965181103659],
              [-120.70280766781855, 34.99997980982137],
              [-120.70802266741893, 34.98478280804435],
              [-120.71207766710302, 34.972930806637926],
              [-120.7124496666487, 34.9715728069106],
              [-120.71394566612562, 34.96677080580706],
              [-120.71445266628885, 34.96354580556],
              [-120.7148426662762, 34.962635805816326],
              [-120.71793766606055, 34.95998180524659],
              [-120.72027466561154, 34.95629780477674],
              [-120.72221366657588, 34.95315480396105],
              [-120.72426866699288, 34.94967580341281],
              [-120.7257576658988, 34.94650480349283],
              [-120.7267656654791, 34.94380980277702],
              [-120.72741466593256, 34.941588802547535],
              [-120.7281226659372, 34.938261802295706],
              [-120.72842266641118, 34.93493880145802],
              [-120.7285096655515, 34.93194980158113],
              [-120.72851866577234, 34.93165180168345],
              [-120.72836866508618, 34.928368801229965],
              [-120.72834366497183, 34.92824280064568],
              [-120.72777666453416, 34.92542580113632],
              [-120.72724266460678, 34.92332080112871],
              [-120.72883866454116, 34.92138880058341],
              [-120.73020066412381, 34.91808579979871],
              [-120.7319616639146, 34.91430779965147],
              [-120.73342966470078, 34.910165798505375],
              [-120.73433966347348, 34.90475579881121],
              [-120.73439466282672, 34.90150379865496],
              [-120.73431466335911, 34.9007827989168],
              [-120.73430466331337, 34.900693798243516],
              [-120.73409366342618, 34.898791798193585],
              [-120.73383266241194, 34.896045797409826],
              [-120.73334566234023, 34.89424179779754],
              [-120.73298466266522, 34.89260379773354],
              [-120.73203166153986, 34.89000079671115],
              [-120.73069166169853, 34.88643179665757],
              [-120.72910766056141, 34.88293179675005],
              [-120.72736266066413, 34.87953379636405],
              [-120.72562865973916, 34.87667279652515],
              [-120.72458765964859, 34.87498279652633],
              [-120.72413266026224, 34.87370779621933],
              [-120.72258665875994, 34.87184279641468],
              [-120.7203316583264, 34.869245796121845],
              [-120.71841765837472, 34.867418795288806],
              [-120.7159666572243, 34.86526079547488],
              [-120.71297965649666, 34.862906796332354],
              [-120.70950665642052, 34.86079279542954],
              [-120.70496065556844, 34.85815379536986],
              [-120.70055265480859, 34.85638579551256],
              [-120.69717765374345, 34.85517879634599],
              [-120.69561265287292, 34.85458979563008],
              [-120.69079265238446, 34.85020579582948],
              [-120.68801465189418, 34.847983795954164],
              [-120.6841106509245, 34.844530795831304],
              [-120.6811336493443, 34.84267979572425],
              [-120.677622648735, 34.84066679582863],
              [-120.67469564918014, 34.839319795713116],
              [-120.6732936476179, 34.83862879630326],
              [-120.67925264720793, 34.81873779395251],
              [-120.68080364693647, 34.81381579258958],
              [-120.68251964652144, 34.8089577919892],
              [-120.6844326466482, 34.80366179176709],
              [-120.6863206466606, 34.79937379178889],
              [-120.6884446475729, 34.79444479050566],
              [-120.69075964648428, 34.78884178999727],
              [-120.69239564660161, 34.78415278908752],
              [-120.69290164604159, 34.78266878917931],
              [-120.69465064613685, 34.779860788512046],
              [-120.69556764637886, 34.77856378865586],
              [-120.69668564646234, 34.77698278848289],
              [-120.69819164688334, 34.77427778774084],
              [-120.69980764690919, 34.77086578731632],
              [-120.70099964661252, 34.76655178722897],
              [-120.70184064668658, 34.76321578708593],
              [-120.7022386452732, 34.76021978607265],
              [-120.70235464562414, 34.75749678589536],
              [-120.70231764491591, 34.75537978547202],
              [-120.7023086455934, 34.754875785879555],
              [-120.70210164500587, 34.75235778551082],
              [-120.7020346450587, 34.749984785372696],
              [-120.70210564520379, 34.74833378505054],
              [-120.70144664470463, 34.745580784754786],
              [-120.70071064421258, 34.74319778494422],
              [-120.69960464382466, 34.74068478478577],
              [-120.69828864337445, 34.73783678449452],
              [-120.69714964247626, 34.735761784206225],
              [-120.69324664133151, 34.73004678435549],
              [-120.69019564102976, 34.726173783401705],
              [-120.68844364056147, 34.7242067839355],
              [-120.68748764085971, 34.723341783349305],
              [-120.68578864009486, 34.72204678400462],
              [-120.68466763963833, 34.72108278347321],
              [-120.68402663958081, 34.719439783280315],
              [-120.68301663945236, 34.71769978336047],
              [-120.68217163828204, 34.71609278314555],
              [-120.68058063837056, 34.713921782922554],
              [-120.67911763850556, 34.71205178257932],
              [-120.67732063783143, 34.70974778282587],
              [-120.67357363632229, 34.705882782980275],
              [-120.67108163606228, 34.70361978272559],
              [-120.66892063623841, 34.70158878264931],
              [-120.66705563489388, 34.700128783098506],
              [-120.66585763534277, 34.69943478202548],
              [-120.66470363437595, 34.69634878211775],
              [-120.66537963459358, 34.695162781949925],
              [-120.66837663446864, 34.68815978106543],
              [-120.67185163329627, 34.67853678034602],
              [-120.6725276344122, 34.67666578008162],
              [-120.67792363376252, 34.66377677878235],
              [-120.68249263328251, 34.65298377653178],
              [-120.68368363405926, 34.65078177659007],
              [-120.68522763321677, 34.64770177621389],
              [-120.6861006339762, 34.64604177600725],
              [-120.68649263361335, 34.64502777610964],
              [-120.69060663374697, 34.6414457755664],
              [-120.69394963412677, 34.63834477512035],
              [-120.69692563408543, 34.63528077446829],
              [-120.69929063412384, 34.63242577375876],
              [-120.70129563431212, 34.63001177339403],
              [-120.70264763384901, 34.62774077366326],
              [-120.70384863467149, 34.624987773354064],
              [-120.70532763442999, 34.621412772159466],
              [-120.70631463409391, 34.61847777230058],
              [-120.70719563435092, 34.616215772707015],
              [-120.70785363322855, 34.613186771814036],
              [-120.70838263313306, 34.609857771693065],
              [-120.70857463275368, 34.606098770822456],
              [-120.70800863303924, 34.60295576988128],
              [-120.70740763226641, 34.60004976955266],
              [-120.70710163284296, 34.59750576991374],
              [-120.70903263251309, 34.59328076960096],
              [-120.71090663228179, 34.58841976918835],
              [-120.7121466316657, 34.58420676865816],
              [-120.7125556319196, 34.581013768201316],
              [-120.71316263164194, 34.577549767217604],
              [-120.71334163174208, 34.57496476795853],
              [-120.71310763139034, 34.572084767045055],
              [-120.71276963038322, 34.568301766206076],
              [-120.71219463044797, 34.56643376623548],
              [-120.7113956302067, 34.563730766507305],
              [-120.71039162992605, 34.56096476629615],
              [-120.70901062917852, 34.557768766155654],
              [-120.70796362924015, 34.55490276591538],
              [-120.70646562831676, 34.551911765438774],
              [-120.70398062772945, 34.548499765255436],
              [-120.70151362668548, 34.54579276581162],
              [-120.69884362615025, 34.54312176529369],
              [-120.69681162529947, 34.54154676460315],
              [-120.69499962545503, 34.54063876555857],
              [-120.69430562569408, 34.538873764555355],
              [-120.69236662472973, 34.53608976465223],
              [-120.6906776240106, 34.53356976399111],
              [-120.68879362419615, 34.53135576496769],
              [-120.68666762363408, 34.529245764027415],
              [-120.68454162307195, 34.527135764389115],
              [-120.68221862286636, 34.525330764841335],
              [-120.67825162124917, 34.52274876413781],
              [-120.6757346208748, 34.52128276430033],
              [-120.67376461994833, 34.52051076472443],
              [-120.67240962003838, 34.51999776413855],
              [-120.67132461956686, 34.51884176485945],
              [-120.6682586191965, 34.51651276439135],
              [-120.66585861899802, 34.51480976432457],
              [-120.66345861879952, 34.513072764223836],
              [-120.66081561713014, 34.51140676426405],
              [-120.65817361708231, 34.509808764080475],
              [-120.65607061698475, 34.50860276473036],
              [-120.65274161595035, 34.50714976443511],
              [-120.65056861553258, 34.50638176460105],
              [-120.64819161579861, 34.50561676468837],
              [-120.64544961439505, 34.50485776514289],
              [-120.64237261415403, 34.503769764091984],
              [-120.63760061334614, 34.50314576472349],
              [-120.63258761251382, 34.50269176511596],
              [-120.62783261232268, 34.50277076558576],
              [-120.626012611184, 34.50276676574178],
              [-120.626012611184, 34.50264876544728],
              [-120.62191561076881, 34.5030877653778],
              [-120.62106261099919, 34.50310176588727],
              [-120.61951061054745, 34.50275776516688],
              [-120.61645360949959, 34.50237076543562],
              [-120.60949360910364, 34.501914766476666],
              [-120.60401060791803, 34.502071767179096],
              [-120.60048660778827, 34.502565766488885],
              [-120.59737660703699, 34.50332176649896],
              [-120.59434660665164, 34.50407676766524],
              [-120.58817760520272, 34.49999176723425],
              [-120.58152260350694, 34.49663676716847],
              [-120.57542760257616, 34.493983767148364],
              [-120.57146260240543, 34.49254776758781],
              [-120.56889560180235, 34.492199768131506],
              [-120.56663460152103, 34.49028476782],
              [-120.56389660031542, 34.4893047675795],
              [-120.56128560022972, 34.48875776783734],
              [-120.5594515997457, 34.488470768258075],
              [-120.5583155992205, 34.482622767389884],
              [-120.55608059798016, 34.476682766822854],
              [-120.55311759754197, 34.471014766317836],
              [-120.54905459566532, 34.465152766622445],
              [-120.54459859522493, 34.460225765922445],
              [-120.54150759384191, 34.45708576540205],
              [-120.53821859388877, 34.45431276630158],
              [-120.53567659250174, 34.45269976531526],
              [-120.53592359237395, 34.44674276573345],
              [-120.53558459244024, 34.43952576501854],
              [-120.53294059094597, 34.43318776406752],
              [-120.53020158991545, 34.428881763912],
              [-120.5268065896571, 34.424079763389145],
              [-120.52365858837268, 34.41950976313084],
              [-120.51938658715699, 34.41604476318219],
              [-120.51417458613302, 34.4120527636417],
              [-120.50815358482205, 34.40829976302742],
              [-120.50405558458198, 34.40553076283958],
              [-120.50101158395293, 34.40314076314187],
              [-120.49520058270427, 34.401137762863186],
              [-120.48810358114262, 34.39828276345831],
              [-120.47883057968849, 34.39671076351976],
              [-120.47523057939077, 34.39666776336539],
              [-120.46870157719339, 34.393941763767096],
              [-120.46214057610727, 34.3924837644079],
              [-120.4560275747348, 34.391489764637086],
              [-120.45101057460286, 34.3911887643305],
              [-120.44365357364853, 34.391969764669795],
              [-120.43625857216105, 34.39318376572435],
              [-120.43104857168528, 34.39465076660527],
              [-120.42604457107376, 34.39674976614024],
              [-120.41820256969756, 34.397498767400755],
              [-120.41771056960296, 34.39755776740026],
              [-120.40854056808101, 34.39865776728714],
              [-120.39799456673268, 34.40102276826047],
              [-120.39060456616637, 34.403301768958144],
              [-120.38693456554846, 34.40565776918844],
              [-120.38086756420675, 34.40592677052009],
              [-120.37731056446505, 34.40638077028498],
              [-120.37600156368752, 34.406676770238256],
              [-120.36932956317168, 34.40784977139963],
              [-120.3673475634479, 34.4084907712575],
              [-120.360405561697, 34.407851771743296],
              [-120.35549456007358, 34.40726977199904],
              [-120.34888355965707, 34.407328772520465],
              [-120.34686355940019, 34.40843677275041],
              [-120.34187755923035, 34.40892177309335],
              [-120.3400155582589, 34.40942877325122],
              [-120.33287555703956, 34.40922277335597],
              [-120.32452355602543, 34.40975277326881],
              [-120.3169925549938, 34.41157977482822],
              [-120.31229555452899, 34.412795774717104],
              [-120.30633555331742, 34.41321677552755],
              [-120.29705955238856, 34.414980775658094],
              [-120.29041655128668, 34.41653677731932],
              [-120.2871375513793, 34.41761377651776],
              [-120.28023454998643, 34.41630277739118],
              [-120.2735445490289, 34.41689077691619],
              [-120.26924754769884, 34.41720477781235],
              [-120.26474754777581, 34.417684778546125],
              [-120.25959654685121, 34.417700778671374],
              [-120.25399754531465, 34.417584778991],
              [-120.25099454559182, 34.417918779053515],
              [-120.24945254518582, 34.41798877891967],
              [-120.24827754430261, 34.41806077882681],
              [-120.24584354376893, 34.41757177938091],
              [-120.24280354423615, 34.417418779257986],
              [-120.24061654357467, 34.41746077943585],
              [-120.23660754302301, 34.4179107801237],
              [-120.23162554215287, 34.41819978006738],
              [-120.22781954109246, 34.41874778016434],
              [-120.22550354145787, 34.418992780716],
              [-120.2238925414549, 34.41916378084203],
              [-120.22033354026672, 34.420343780815955],
              [-120.21588253984919, 34.42129478155468],
              [-120.2099695393916, 34.421651781407625],
              [-120.20555553788567, 34.42210278214372],
              [-120.20284053804289, 34.42221278296632],
              [-120.19817253699208, 34.42079978239374],
              [-120.1917665357167, 34.419992782207615],
              [-120.18418953465435, 34.419988783583044],
              [-120.18046453468313, 34.42050278312081],
              [-120.17641453322528, 34.42095078371042],
              [-120.17017153215649, 34.42034178373517],
              [-120.16364853160354, 34.42036578427083],
              [-120.15838453070104, 34.4210167846861],
              [-120.15453752963276, 34.421363784883205],
              [-120.15081152983666, 34.421876785227006],
              [-120.14729252972977, 34.42292078521514],
              [-120.14275152800225, 34.42230578625694],
              [-120.13946652824708, 34.42178478628102],
              [-120.13715752738686, 34.42185878663329],
              [-120.13513252710712, 34.42206578615933],
              [-120.13119552652546, 34.420514786330514],
              [-120.1272555255708, 34.41872978608433],
              [-120.1259895253493, 34.418350786820454],
              [-120.12095952479854, 34.41671378730941],
              [-120.11546852321702, 34.41510178641657],
              [-120.108321522325, 34.41289578666863],
              [-120.09903552045206, 34.4106957873689],
              [-120.09068251871469, 34.40929078760288],
              [-120.08309851708132, 34.40937678825602],
              [-120.07963151685298, 34.41001678849536],
              [-120.07644751648186, 34.411120788163906],
              [-120.07031351609133, 34.40977378862562],
              [-120.06329451434748, 34.40962478892058],
              [-120.05680051410687, 34.40993978945177],
              [-120.05123551290546, 34.410749789605525],
              [-120.04809151181901, 34.411686790227506],
              [-120.04482651215534, 34.41245879052832],
              [-120.04167851087091, 34.41143579047243],
              [-120.03614851072795, 34.40995279098926],
              [-120.03118550922603, 34.40936579064212],
              [-120.02731250911681, 34.40897579129789],
              [-120.02436850894519, 34.40934779157897],
              [-120.02235850783573, 34.40835179093683],
              [-120.01895850665622, 34.406668791726645],
              [-120.01459750665035, 34.40411979138903],
              [-120.00942850528413, 34.40153979207945],
              [-120.0053935047932, 34.40035179228945],
              [-120.00098450420849, 34.39949479173544],
              [-119.95686349480572, 34.38470479262481],
              [-119.95234749498918, 34.38319079309392],
              [-119.92791149029121, 34.37499979396847],
              [-119.92340748927191, 34.37345779394799],
              [-119.92033748870361, 34.3727647938472],
              [-119.91654148768896, 34.372614794017416],
              [-119.9156434877135, 34.37182179349376],
              [-119.91289848773351, 34.36939579396183],
              [-119.90543248610093, 34.36437579368722],
              [-119.89851448374112, 34.36036279336446],
              [-119.89153348253045, 34.357461793971694],
              [-119.88388648114793, 34.356148794290036],
              [-119.87598248074573, 34.355645794976326],
              [-119.87248847985491, 34.35595379471979],
              [-119.86764347835376, 34.356695795386784],
              [-119.86591047815203, 34.3571907955311],
              [-119.86024147809191, 34.35566679573644],
              [-119.85712047746996, 34.35482879547129],
              [-119.85528247678793, 34.354334795167006],
              [-119.85370847659487, 34.354242796127814],
              [-119.84565147513352, 34.353773796135485],
              [-119.83948047493305, 34.35421279622585],
              [-119.83793347450417, 34.354322796555586],
              [-119.83022247264924, 34.3556087970499],
              [-119.8231604712477, 34.35705179826222],
              [-119.81909647134275, 34.35857579882856],
              [-119.81590947059857, 34.35977079783039],
              [-119.81036047018905, 34.36273279961704],
              [-119.80581746971002, 34.365344799878564],
              [-119.80160346911897, 34.36473479973895],
              [-119.79707946890649, 34.365335800063136],
              [-119.78755846685692, 34.36085880039242],
              [-119.78553746677511, 34.35990780022402],
              [-119.77734346504639, 34.357577800605505],
              [-119.76894146290522, 34.35451480083031],
              [-119.76358646176615, 34.35291480071606],
              [-119.75601146035362, 34.349414800700714],
              [-119.75570846040492, 34.34927480116131],
              [-119.75098145980286, 34.34709080106898],
              [-119.75033045969963, 34.34685080110228],
              [-119.74049845730543, 34.34322180119916],
              [-119.73924745715256, 34.34275980145545],
              [-119.73538845638872, 34.34112280187254],
              [-119.73203545596321, 34.339700801969975],
              [-119.72194245435139, 34.33733880166685],
              [-119.71863445323339, 34.33663980235237],
              [-119.7161414531485, 34.33611280224161],
              [-119.71365645166287, 34.33603380215779],
              [-119.71048845208357, 34.33671180250314],
              [-119.70760545201132, 34.337328802651584],
              [-119.69779545025675, 34.34087180417361],
              [-119.68940344905963, 34.34407080501012],
              [-119.68932644906673, 34.34409980427035],
              [-119.68414744855306, 34.34629980481896],
              [-119.6796454471836, 34.34821180495219],
              [-119.6661224460517, 34.35446880661346],
              [-119.66003344586699, 34.359522807407366],
              [-119.6593714458931, 34.36007280762155],
              [-119.65136944468331, 34.36671280877646],
              [-119.64296544289232, 34.36584080930233],
              [-119.63628144268087, 34.3657268095251],
              [-119.63625144254365, 34.36573081000123],
              [-119.62597444080885, 34.36622081089977],
              [-119.62250844040541, 34.36674481072059],
              [-119.61747443965668, 34.36873481111991],
              [-119.61434443881392, 34.36767381090152],
              [-119.61235043849628, 34.36741481108054],
              [-119.61085843831899, 34.36722181086222],
              [-119.61003443796336, 34.366887810870914],
              [-119.60207343676147, 34.36365881140898],
              [-119.59030643539754, 34.36121381118053],
              [-119.58480743431839, 34.3616648121326],
              [-119.5772354323806, 34.35586981195886],
              [-119.57455743144946, 34.35382081268727],
              [-119.56332342928964, 34.3481398124495],
              [-119.56068142924182, 34.347039812008454],
              [-119.55584142776355, 34.3450238124065],
              [-119.54786242611996, 34.34436681238494],
              [-119.54602942635914, 34.34338581268778],
              [-119.53977242504664, 34.3410578126677],
              [-119.53928742462476, 34.34090181255819],
              [-119.53467342310229, 34.33941981262178],
              [-119.5326664232642, 34.33877481255452],
              [-119.53031342292137, 34.338774813296226],
              [-119.52793042244133, 34.3387758131806],
              [-119.52609042210948, 34.33705381294535],
              [-119.52292242163186, 34.33592381269646],
              [-119.51948442081752, 34.33607381366485],
              [-119.51080941886487, 34.330854813131666],
              [-119.50096541767341, 34.32692681351639],
              [-119.48423641283583, 34.306783811693144],
              [-119.46700740930433, 34.293664811550805],
              [-119.4489944056002, 34.284689811453504],
              [-119.42863240175122, 34.27778581238353],
              [-119.41140239749652, 34.27364281308135],
              [-119.40200639601872, 34.27226281340791],
              [-119.3949583948609, 34.26536181381484],
              [-119.38634539283252, 34.257078812610004],
              [-119.37617639105275, 34.25001481203535],
              [-119.3759483905488, 34.25001581223413],
              [-119.37594738982558, 34.24988481282408],
              [-119.36413838862883, 34.24501781311152],
              [-119.3523253863358, 34.24072081262263],
              [-119.35073838572393, 34.24014381341249],
              [-119.34008138404755, 34.2382598131824],
              [-119.33593838270328, 34.237527813985274],
              [-119.33568838335633, 34.23734481337721],
              [-119.3348993822625, 34.236869813931875],
              [-119.33489738261267, 34.23686181331948],
              [-119.33479638322866, 34.236782813450716],
              [-119.33468238252752, 34.236702813150906],
              [-119.33447438301337, 34.236534813907596],
              [-119.33335338255687, 34.234677813759326],
              [-119.33185338108531, 34.23219281275119],
              [-119.33098838162014, 34.23075981305414],
              [-119.33002238097431, 34.22915881289022],
              [-119.32939538116051, 34.2281188128776],
              [-119.32931438096966, 34.2279848129161],
              [-119.32925838179146, 34.227891813111285],
              [-119.32922838075594, 34.22784281275751],
              [-119.32866638123947, 34.226910812772424],
              [-119.31684237638082, 34.20252981036157],
              [-119.31523737712395, 34.19889881077622],
              [-119.31117237469917, 34.189698809988904],
              [-119.31068337497761, 34.18859281008244],
              [-119.31019437435776, 34.18748581033637],
              [-119.30388737281653, 34.17425080797885],
              [-119.30147237165113, 34.16891680851448],
              [-119.29758137020194, 34.16032080821705],
              [-119.28916136851741, 34.14642980636577],
              [-119.2857553665918, 34.14080980575404],
              [-119.27121036294095, 34.125008805813984],
              [-119.26774636218732, 34.12125680545789],
              [-119.26111736132916, 34.115222804527534],
              [-119.25513735912777, 34.109297804394686],
              [-119.25095435849883, 34.10620580450612],
              [-119.24556735667441, 34.099058803961704],
              [-119.24250735615182, 34.09499980387693],
              [-119.23351335345862, 34.0830698029299],
              [-119.23293635387354, 34.08230380301283],
              [-119.22694035177867, 34.07434880220863],
              [-119.21800534863667, 34.062495802058635],
              [-119.15897533733163, 34.04025780232723],
              [-119.11680932968507, 34.029827804063274],
              [-119.05790531967502, 34.01941580633934],
              [-119.05777931927832, 34.01939380587504],
              [-119.02741931425211, 34.014923807235895],
              [-119.00043330956782, 34.007471808547486],
              [-118.98532430675064, 34.000012808476555],
              [-118.98321830628002, 33.99946180779935],
              [-118.9799873051549, 33.99881080858782],
              [-118.97243730385675, 33.99774880907468],
              [-118.96634230292597, 33.9970138090748],
              [-118.9640413024617, 33.99675880918495],
              [-118.95825830170041, 33.994709809360636],
              [-118.95243830023092, 33.992963808867],
              [-118.951733299701, 33.992862809620156],
              [-118.94565629921188, 33.991996809476014],
              [-118.94045029803571, 33.99145680981899],
              [-118.93525129653226, 33.991790810428256],
              [-118.93255629678097, 33.9920338100041],
              [-118.9316652964782, 33.99211481070135],
              [-118.92621329615304, 33.991003810964486],
              [-118.91927329495024, 33.99050781048329],
              [-118.91544229377553, 33.99042881107789],
              [-118.91047529297394, 33.98941581120349],
              [-118.90224129106227, 33.98848781213026],
              [-118.89727729063377, 33.98780981240766],
              [-118.89227428984718, 33.987434812429534],
              [-118.88772428879713, 33.98724481285184],
              [-118.8873132888934, 33.987227813162924],
              [-118.88484528802452, 33.98606481200072],
              [-118.8814092877583, 33.98497381259761],
              [-118.87593728644337, 33.98382781299351],
              [-118.87401028697121, 33.98331881263957],
              [-118.87371128632216, 33.98305281289267],
              [-118.87100528580191, 33.98064681227473],
              [-118.87047328552434, 33.98006781290413],
              [-118.8640092836243, 33.97302481262282],
              [-118.85929428271783, 33.9682468121937],
              [-118.85685828163598, 33.965974811196055],
              [-118.85279928085563, 33.96256981176374],
              [-118.84777328050285, 33.95933881199149],
              [-118.8411282788528, 33.95537581140989],
              [-118.83477327763103, 33.952386811534254],
              [-118.82939327637759, 33.95039981202458],
              [-118.82490527615013, 33.94904681163393],
              [-118.82094427527905, 33.94819381214157],
              [-118.81476427395947, 33.947218812039246],
              [-118.80983927299069, 33.94690981224642],
              [-118.8053842723752, 33.94714981323911],
              [-118.8036252722342, 33.94724481279304],
              [-118.7977402713657, 33.94821681320449],
              [-118.79213827035441, 33.949523813466506],
              [-118.78654026954109, 33.95143481420609],
              [-118.77905126834229, 33.95453181474636],
              [-118.77394226814883, 33.95751481565502],
              [-118.76814926734183, 33.960804816870365],
              [-118.764290266578, 33.963613816689886],
              [-118.7625992671074, 33.96436181682487],
              [-118.76058326615015, 33.96497681788906],
              [-118.75687826537208, 33.96640681732849],
              [-118.75442326582034, 33.96779681797706],
              [-118.75093126547763, 33.97107581881912],
              [-118.74961826450216, 33.971808818631686],
              [-118.74640326506719, 33.975505819171545],
              [-118.74597126434877, 33.9755608196903],
              [-118.74345526379932, 33.975881819353695],
              [-118.73994226354021, 33.97652681939921],
              [-118.73776826329754, 33.97677981949574],
              [-118.73554026262816, 33.97703981977042],
              [-118.73073826168304, 33.97886182114901],
              [-118.72747126236955, 33.98031182034234],
              [-118.72261726154588, 33.97941682078987],
              [-118.71675425952037, 33.97869182074888],
              [-118.7102722589753, 33.978127821359735],
              [-118.70959825840751, 33.97806882148616],
              [-118.7045862574001, 33.97784482168159],
              [-118.6985262566294, 33.97819182189598],
              [-118.69670825603889, 33.97857282205432],
              [-118.69400325624187, 33.979139822008555],
              [-118.68915625598923, 33.97995482311288],
              [-118.68402025513325, 33.97922582297462],
              [-118.6808272545413, 33.97916482300864],
              [-118.67702925297853, 33.97927282363905],
              [-118.67242425347351, 33.979918823703414],
              [-118.6665262521862, 33.980566824149655],
              [-118.66139925155107, 33.98215182494935],
              [-118.65647525040721, 33.98380282528295],
              [-118.65287925030745, 33.98441282544474],
              [-118.6501732497872, 33.985120825743],
              [-118.64836024921951, 33.98673382632632],
              [-118.64395224935801, 33.98580182636419],
              [-118.63974824791438, 33.98574082664806],
              [-118.63307924687324, 33.98564982679481],
              [-118.62887424650299, 33.98615782625176],
              [-118.62633224601427, 33.98646482730495],
              [-118.62592824578324, 33.987237826913415],
              [-118.62084924482869, 33.986803826876205],
              [-118.62008424402433, 33.98697482777506],
              [-118.61597024389066, 33.98641782763776],
              [-118.61133324280198, 33.98619782737624],
              [-118.60440124199509, 33.98628782853391],
              [-118.59972724109649, 33.986672828768796],
              [-118.59409124064834, 33.98806982885044],
              [-118.59098324044517, 33.987239829067484],
              [-118.58658923903077, 33.98701782877452],
              [-118.5809882378444, 33.98730482977829],
              [-118.57603023726364, 33.987521830656746],
              [-118.57011123695825, 33.9887318304043],
              [-118.5696992363313, 33.988815830721066],
              [-118.5692502358944, 33.98871683015281],
              [-118.56639923560923, 33.98808883050499],
              [-118.56273023481619, 33.98779683052093],
              [-118.5626452353257, 33.98779483135937],
              [-118.55916523467856, 33.98771783082979],
              [-118.55736823400443, 33.98767783191046],
              [-118.55687623480816, 33.98725383073739],
              [-118.55135223271634, 33.98249383096935],
              [-118.54842923246112, 33.979974831468894],
              [-118.54789323198561, 33.97932283076805],
              [-118.54545023123109, 33.976351830652064],
              [-118.54157723022357, 33.97164083048989],
              [-118.53749822935171, 33.96667882939057],
              [-118.53348622842701, 33.961798829778026],
              [-118.52642822632512, 33.95594883015185],
              [-118.5257652265263, 33.955399829866735],
              [-118.52358322588768, 33.953179829367784],
              [-118.52345922603914, 33.953053829326436],
              [-118.52086622459848, 33.949161829147066],
              [-118.52057522524366, 33.948744829189714],
              [-118.5181522236823, 33.94526982833793],
              [-118.51368422264804, 33.9390558288621],
              [-118.51361722359921, 33.93896282867664],
              [-118.50863922202866, 33.93252182812812],
              [-118.50648822045387, 33.9280568276617],
              [-118.50092421997576, 33.918625826297685],
              [-118.49900121890494, 33.91630382660352],
              [-118.48488121450318, 33.89924382550362],
              [-118.47683221253942, 33.88951782462998],
              [-118.47581421291338, 33.88819182518041],
              [-118.45964520794243, 33.86712382300531],
              [-118.45821620841265, 33.865260823221995],
              [-118.45564520671327, 33.861387822736425],
              [-118.44837020577472, 33.85042782201904],
              [-118.44726620503664, 33.84876482244581],
              [-118.4453432039658, 33.84308782177505],
              [-118.44398020365992, 33.839061820922254],
              [-118.44691620343563, 33.83602582088846],
              [-118.45055020406856, 33.83226982049564],
              [-118.45707420444643, 33.82750781981819],
              [-118.4691652056755, 33.818683817743924],
              [-118.47181920631722, 33.81599481680724],
              [-118.48321920726008, 33.8044498148819],
              [-118.48449520752727, 33.80315881494447],
              [-118.48528820702244, 33.797534814826506],
              [-118.48778020638412, 33.77986981168849],
              [-118.48558920372805, 33.75366880972596],
              [-118.48229620267864, 33.74869080908853],
              [-118.47371420061243, 33.73571880766842],
              [-118.46697419852786, 33.725528807244565],
              [-118.42864919030515, 33.701270806938915],
              [-118.38594318198511, 33.68671680747363],
              [-118.37718317964365, 33.678957807216285],
              [-118.35202017467445, 33.66665380735818],
              [-118.34542717290297, 33.663431806868786],
              [-118.33513217072648, 33.66191180741999],
              [-118.3191471685735, 33.659551808422556],
              [-118.29341116421718, 33.66177680995321],
              [-118.27430616126715, 33.66342881093473],
              [-118.27425116101557, 33.663433811385616],
              [-118.25454015906647, 33.67507481310026],
              [-118.25128815802498, 33.67795681379543],
              [-118.25110415880025, 33.67812081388619],
              [-118.25091915795403, 33.6782838141952],
              [-118.24723815836373, 33.68154481396745],
              [-118.24355815770004, 33.68480681502204],
              [-118.23702015707849, 33.69059981618593],
              [-118.22676715563313, 33.690599816933386],
              [-118.22528815497628, 33.690599816933386],
              [-118.19212314879731, 33.690597818281795],
              [-118.17598714703159, 33.69119382024458],
              [-118.17232614573616, 33.691328820118805],
              [-118.16866614516397, 33.69146382052834],
              [-118.16584214554126, 33.691567819558735],
              [-118.15580514400598, 33.69296882166835],
              [-118.1259121380617, 33.697155823290394],
              [-118.1259121380617, 33.69714382257927],
              [-118.12473313877713, 33.69532782295005],
              [-118.12119613733027, 33.68988282274502],
              [-118.12001713714743, 33.68806782225186],
              [-118.11203413440758, 33.675777821209806],
              [-118.10749013320533, 33.66878282115402],
              [-118.09648513047607, 33.65365581949911],
              [-118.08234312812965, 33.644373818889285],
              [-118.07508612583612, 33.63961081940592],
              [-118.07035212466309, 33.63596681952043],
              [-118.06851412487937, 33.63455281952673],
              [-118.06300212248313, 33.630310819375],
              [-118.06116512342265, 33.62889681927297],
              [-118.06030912238167, 33.62823781930422],
              [-118.05774212177859, 33.6262628184686],
              [-118.05688712146087, 33.625604818627295],
              [-118.05673612184812, 33.62548881889131],
              [-118.05628312121327, 33.62514081949425],
              [-118.05613312232379, 33.62502481913352],
              [-118.04986012021944, 33.62001981871979],
              [-118.04202011849306, 33.614908817879005],
              [-118.03362311637473, 33.60935881872885],
              [-118.02498011420913, 33.6046808185064],
              [-118.01533511320932, 33.599491817993865],
              [-118.00500811034748, 33.594633818462555],
              [-118.00090311043468, 33.593133818493364],
              [-118.0009051100845, 33.593170818207746],
              [-118.00090311043468, 33.59316981849879],
              [-118.0002371093645, 33.59275281763946],
              [-117.9998361095065, 33.59250181802913],
              [-117.9986331090342, 33.59174981828295],
              [-117.99823310989943, 33.59149981847563],
              [-117.99797710890807, 33.59133981839837],
              [-117.99721210900202, 33.59086181810221],
              [-117.9969571087339, 33.59070281882409],
              [-117.9953881076654, 33.589721818546714],
              [-117.99068210787807, 33.586778818134334],
              [-117.98911410663446, 33.585797818138595],
              [-117.98904110683952, 33.58575181785665],
              [-117.98882510692945, 33.58561681774978],
              [-117.98875310695942, 33.58557181866504],
              [-117.98262610624158, 33.58174081762596],
              [-117.97381910314616, 33.57623381720464],
              [-117.96447810102163, 33.56989581727194],
              [-117.95850010026669, 33.565839817051476],
              [-117.94958109791656, 33.5597898171915],
              [-117.93405809482265, 33.54925881727358],
              [-117.9218640927631, 33.54329981644707],
              [-117.91218209015673, 33.53857081749996],
              [-117.91087309027753, 33.53793081760304],
              [-117.90694708866825, 33.53601381680095],
              [-117.90563908951229, 33.535375817448625],
              [-117.89886408816592, 33.532065816972576],
              [-117.89076908617142, 33.52811081709028],
              [-117.8785420836016, 33.52213681663632],
              [-117.87589908372888, 33.52084581742103],
              [-117.8737070821462, 33.51977481729002],
              [-117.87179608256756, 33.51877281706585],
              [-117.8714210817505, 33.51857581682619],
              [-117.87029808164418, 33.517986816821114],
              [-117.86992408155037, 33.51779081687102],
              [-117.86340608012196, 33.51437381759855],
              [-117.84385407638486, 33.50412281678466],
              [-117.83733707478139, 33.50070581633951],
              [-117.83707907503852, 33.50057081665547],
              [-117.83630607473654, 33.500165816340285],
              [-117.83604907481858, 33.500030816563196],
              [-117.8342140745096, 33.499441816165906],
              [-117.82871107323251, 33.49767481714739],
              [-117.82687707274846, 33.497086816523534],
              [-117.8266050727619, 33.49699981621052],
              [-117.82632807185416, 33.496784816732486],
              [-117.82482207233147, 33.49561481641648],
              [-117.82432007219114, 33.49522681623069],
              [-117.823516071927, 33.49460281633974],
              [-117.8228560716029, 33.494257816878964],
              [-117.81817007100875, 33.49181581678656],
              [-117.81660907033618, 33.49100181643471],
              [-117.81636807031175, 33.49087681654134],
              [-117.81485206984503, 33.48721081593915],
              [-117.81456207031512, 33.48678881656321],
              [-117.81128906935719, 33.482023815647715],
              [-117.80463806785939, 33.4767838159564],
              [-117.80443006744693, 33.476620815305154],
              [-117.80064506630295, 33.47421781583275],
              [-117.80013406684012, 33.47389281539917],
              [-117.79860206558153, 33.472919815729256],
              [-117.79857106651768, 33.472900815801005],
              [-117.79808206589783, 33.47261381566797],
              [-117.79455606521995, 33.47054081562467],
              [-117.79327406420664, 33.46978681543773],
              [-117.7923650643605, 33.46535081485257],
              [-117.79049006386857, 33.461245814615566],
              [-117.78938106400591, 33.45990381477076],
              [-117.78700706284837, 33.45703181437493],
              [-117.78676906319701, 33.45675781440148],
              [-117.78356706148591, 33.45306581427278],
              [-117.78148206182996, 33.45066081408992],
              [-117.77607406008914, 33.445295814074626],
              [-117.77378606004365, 33.44218781354131],
              [-117.77235405924249, 33.440241813427804],
              [-117.77077905922452, 33.4383388124248],
              [-117.76722805753396, 33.43405081243391],
              [-117.76515205720057, 33.43154381309985],
              [-117.75742305580224, 33.42428781239712],
              [-117.75521705487418, 33.422492812026654],
              [-117.75089905362776, 33.41897981166831],
              [-117.74359205200383, 33.4121508117368],
              [-117.74142105123586, 33.41012281111719],
              [-117.73534805094471, 33.40744081146921],
              [-117.7257310486357, 33.40744081221912],
              [-117.71502304690564, 33.408621812683116],
              [-117.71358304660691, 33.40878181264564],
              [-117.70671204500107, 33.40369281280111],
              [-117.70364304425766, 33.401418812555086],
              [-117.69443504310085, 33.39459981174823],
              [-117.69136704218234, 33.392327812359426],
              [-117.69068304156882, 33.39182081271481],
              [-117.6886320413498, 33.3903028126993],
              [-117.6879490405612, 33.38979681230342],
              [-117.68519904055832, 33.38775981194091],
              [-117.68422403969166, 33.387107811910425],
              [-117.68130203926134, 33.38515181248341],
              [-117.68032803911791, 33.38450081151665],
              [-117.67807103903453, 33.38298881202284],
              [-117.67130003698783, 33.37845781151449],
              [-117.66904303690447, 33.3769488110848],
              [-117.66619303644418, 33.37503581104556],
              [-117.65975603430833, 33.36957981088468],
              [-117.6580300337793, 33.36819881097126],
              [-117.65380703296739, 33.36482281123853],
              [-117.64987703205844, 33.364011811596924],
              [-117.64787203187016, 33.363639811141006],
              [-117.6444100316647, 33.35938881106398],
              [-117.64118302983923, 33.35574481073685],
              [-117.63896002919276, 33.352236810826135],
              [-117.63621302866461, 33.34913281014029],
              [-117.63466602823573, 33.34813981010034],
              [-117.63157802812408, 33.346161810050724],
              [-117.62589202654888, 33.3421138103987],
              [-117.6229320255854, 33.340489809626405],
              [-117.61405202449167, 33.335618809917015],
              [-117.61109302335312, 33.33399680977224],
              [-117.58878101866912, 33.3217598093528],
              [-117.57154301491681, 33.31230680941082],
              [-117.54961301072252, 33.294422808473],
              [-117.52844500516298, 33.275516808142115],
              [-117.52101100331747, 33.26887680708486],
              [-117.51210100028985, 33.25621980612459],
              [-117.51123000097688, 33.25498280654652],
              [-117.50861899999288, 33.25127380620072],
              [-117.50774899960652, 33.25003880553991],
              [-117.5063759992549, 33.24846180543309],
              [-117.50225899784992, 33.24373180490576],
              [-117.5008869973232, 33.242155804448615],
              [-117.50044999837851, 33.241763804414965],
              [-117.5000129976372, 33.24137080561812],
              [-117.48760999444198, 33.23022580450255],
              [-117.46788298990438, 33.212498803097084],
              [-117.44954798508668, 33.192645801860415],
              [-117.43743798269274, 33.17953480046856],
              [-117.43557498189634, 33.177516800833345],
              [-117.43158598053786, 33.170618800448736],
              [-117.43074598028875, 33.16916680046569],
              [-117.42043797769347, 33.15134479921504],
              [-117.4154929757349, 33.142795797789596],
              [-117.41012897437501, 33.133521797164725],
              [-117.40914797455886, 33.13182579693566],
              [-117.40620497241551, 33.12673779675265],
              [-117.40522497332263, 33.125042796954325],
              [-117.40520397340623, 33.12500779596343],
              [-117.39927397143356, 33.11512679559848],
              [-117.39915897090752, 33.1149357956271],
              [-117.39224996876852, 33.10342279464729],
              [-117.38168796573007, 33.085221792795295],
              [-117.37588396415411, 33.07522179157814],
              [-117.37576096413045, 33.07481979257336],
              [-117.37539296388442, 33.07361479248508],
              [-117.37527096368568, 33.073213791831144],
              [-117.37514096309101, 33.072787792171596],
              [-117.37507796424013, 33.07258079189988],
              [-117.37501396376774, 33.072373791893874],
              [-117.37286096254313, 33.06532779142295],
              [-117.36937996117277, 33.053933790010866],
              [-117.36832496083849, 33.05047978975128],
              [-117.36602496019908, 33.04295078883956],
              [-117.36374695930103, 33.035493787912884],
              [-117.36372295901157, 33.03541578760834],
              [-117.36365195886646, 33.03518378799365],
              [-117.36362895930024, 33.035106787519126],
              [-117.36235895888079, 33.03095278759089],
              [-117.35855195709719, 33.01849078646053],
              [-117.35728395632758, 33.014337785607346],
              [-117.35632695590259, 33.01120578571726],
              [-117.35345595462756, 33.00181078512733],
              [-117.3524999540275, 32.99867978390882],
              [-117.35158895363324, 32.99569878381259],
              [-117.34885795299864, 32.98675778265253],
              [-117.34794795242931, 32.98377778291328],
              [-117.34750995186307, 32.98234678341704],
              [-117.34619895143574, 32.978053782160266],
              [-117.34576195159273, 32.976622781828794],
              [-117.34349795093836, 32.9692137816168],
              [-117.33670894755166, 32.94698877922814],
              [-117.33444594672223, 32.93958077849134],
              [-117.32813794445777, 32.918934775943015],
              [-117.32329094240849, 32.90306877509535],
              [-117.33201694261813, 32.88358277173223],
              [-117.33265194282785, 32.88216577162532],
              [-117.33967194170165, 32.85917176856954],
              [-117.33982294131441, 32.85795276845154],
              [-117.34201194072739, 32.84035876712746],
              [-117.34078294031582, 32.83670176612062],
              [-117.34004994019682, 32.83452176603279],
              [-117.3378539393145, 32.827980765247176],
              [-117.33712293974361, 32.825801764886066],
              [-117.33628593896923, 32.823308764800565],
              [-117.33499193826032, 32.819454763763986],
              [-117.33382893797099, 32.81581876397578],
              [-117.33302893790486, 32.813315763351554],
              [-117.33221293794517, 32.81076576355084],
              [-117.3303119366156, 32.80482176326653],
              [-117.33019693608958, 32.80303476242649],
              [-117.33002693621027, 32.800364761682964],
              [-117.32990193563847, 32.798416761809506],
              [-117.32952793554468, 32.792578761829475],
              [-117.32940393569612, 32.790632760991215],
              [-117.32892793459675, 32.78319376033725],
              [-117.32858693501322, 32.777862759775886],
              [-117.32776993253366, 32.765093758341955],
              [-117.32749993309521, 32.760879757702725],
              [-117.32739693316306, 32.75926775789736],
              [-117.32702493271906, 32.75344175625588],
              [-117.32699393185862, 32.752968756931686],
              [-117.32690393234525, 32.75154975597557],
              [-117.32687393130969, 32.7510767571809],
              [-117.32672293169695, 32.74872575646167],
              [-117.32627193071194, 32.74167175563722],
              [-117.32612193092412, 32.739322754656094],
              [-117.32578193026717, 32.73401375519972],
              [-117.32563193047937, 32.731657754323244],
              [-117.32411892948734, 32.718148752319934],
              [-117.32352792876024, 32.71286375179365],
              [-117.32181292720354, 32.69755475034665],
              [-117.3209509263148, 32.68985174916058]
            ]
          ],
          [
            [
              [-120.57830056846667, 34.08420972642992],
              [-120.5738205668385, 34.07597072604046],
              [-120.56700756585732, 34.06864272559256],
              [-120.55939756428471, 34.062380725096155],
              [-120.55006356183287, 34.0572907250281],
              [-120.53556855930906, 34.052959725754974],
              [-120.53107555816041, 34.051691726027315],
              [-120.52339955736387, 34.05113772563566],
              [-120.52646455611269, 34.04145972532226],
              [-120.52586455606308, 34.03299872434452],
              [-120.5231515549718, 34.02282372316855],
              [-120.51879655391544, 34.01408472193712],
              [-120.5114195519713, 34.00569472275534],
              [-120.50621455062004, 34.000000722138736],
              [-120.50309654947287, 33.99735172166359],
              [-120.50100454924593, 33.99630772212018],
              [-120.50100454924593, 33.995506721734124],
              [-120.49773854796072, 33.99120372157443],
              [-120.48816354548447, 33.984287720826345],
              [-120.48077854494106, 33.98026672200782],
              [-120.47438454336123, 33.97843172198164],
              [-120.46678954185722, 33.97612072176995],
              [-120.45580654066589, 33.97627772206189],
              [-120.44620453932377, 33.97737772314011],
              [-120.43999753734168, 33.975542723330875],
              [-120.43219353649862, 33.9747077239755],
              [-120.42260653522513, 33.974949724240936],
              [-120.41877753459853, 33.97577772465502],
              [-120.41177853294619, 33.97704972521526],
              [-120.40569953190892, 33.97311172491653],
              [-120.39564853012993, 33.96743172493544],
              [-120.38480752833051, 33.964623725883044],
              [-120.37599252663578, 33.96292172541191],
              [-120.36708552487953, 33.96104072544844],
              [-120.35864252362879, 33.961399726619064],
              [-120.34688652213548, 33.963498727069386],
              [-120.33226552101159, 33.96842972892282],
              [-120.32704751924153, 33.96673372907972],
              [-120.31739851804377, 33.96637572939267],
              [-120.30821051608012, 33.96641072948889],
              [-120.29898551520488, 33.9684617309844],
              [-120.29893851534919, 33.96841973083708],
              [-120.29188451344528, 33.96224173064329],
              [-120.28560151219351, 33.95750673047252],
              [-120.28004551031465, 33.953943730150485],
              [-120.27939651075955, 33.948662729751334],
              [-120.27771751008619, 33.94336672949453],
              [-120.27310850768828, 33.9295817281443],
              [-120.26450750535547, 33.918920727221554],
              [-120.25640250421354, 33.91167772720883],
              [-120.25098150295221, 33.90844072735121],
              [-120.24753650156684, 33.9066987273384],
              [-120.23873250064109, 33.904110727983664],
              [-120.23638749979587, 33.90014272675909],
              [-120.22964649788638, 33.892333727132154],
              [-120.22114049598812, 33.88419172588151],
              [-120.21496549469141, 33.88078872641886],
              [-120.20764149334903, 33.878912726576075],
              [-120.20238949214212, 33.87598472626338],
              [-120.19952649126307, 33.87500672638741],
              [-120.19340348984485, 33.868532726394],
              [-120.18822848863083, 33.86636472606046],
              [-120.18301248830723, 33.866291726376126],
              [-120.17695848648603, 33.8615497265986],
              [-120.17033248600089, 33.857420726387716],
              [-120.16552348538306, 33.85564572649529],
              [-120.15709148310467, 33.85342972605751],
              [-120.1495634815478, 33.847966727258886],
              [-120.13993948046438, 33.84480372704629],
              [-120.13121647883113, 33.84320272711914],
              [-120.12597647821812, 33.84235272713581],
              [-120.11727847669923, 33.84158472811696],
              [-120.10410047355221, 33.842400728524055],
              [-120.09046747191714, 33.84632372998095],
              [-120.08011847111062, 33.85051073080944],
              [-120.07066247025669, 33.85649473185761],
              [-120.0584564685016, 33.859648733278014],
              [-120.04792146702394, 33.86359673397848],
              [-120.04254446614354, 33.86432373453723],
              [-120.03455046532967, 33.864480735100976],
              [-120.02782246383899, 33.86651673500186],
              [-120.01935146299914, 33.87055973590713],
              [-120.01554746248692, 33.87500873714835],
              [-120.01548546256265, 33.875080736677766],
              [-120.01542346263835, 33.87515273763808],
              [-120.0086334621217, 33.87884073699175],
              [-120.00097246139377, 33.88525273940392],
              [-119.98085445794226, 33.89232174032926],
              [-119.97239945699596, 33.89138274078113],
              [-119.96269345499846, 33.892444741624615],
              [-119.95030645439168, 33.89438074337226],
              [-119.93920245192821, 33.89864774400839],
              [-119.92881145128891, 33.90547574510648],
              [-119.91894245088145, 33.91435874613071],
              [-119.9110354492079, 33.92390274827441],
              [-119.90674244987243, 33.93238174879317],
              [-119.90568745043646, 33.93649974938451],
              [-119.90482344989786, 33.939508750468704],
              [-119.90477444949407, 33.93967875018574],
              [-119.89625644790027, 33.935746749309246],
              [-119.8907064476658, 33.93080774978096],
              [-119.88406544531546, 33.92598874971678],
              [-119.87824144454632, 33.92265874997167],
              [-119.87597244386907, 33.92138875020622],
              [-119.86960844332476, 33.91658674993582],
              [-119.86196444141697, 33.91084074954384],
              [-119.8552314399034, 33.90749174945696],
              [-119.84744943790334, 33.90422974953985],
              [-119.83443243531308, 33.900792749855185],
              [-119.82322043379291, 33.89939475065317],
              [-119.81023643171294, 33.90132875075143],
              [-119.7970144299816, 33.90634775253179],
              [-119.78938442921584, 33.91013575358077],
              [-119.78366442910207, 33.909987753503636],
              [-119.77832742750635, 33.910616753920316],
              [-119.772841426846, 33.91241875480285],
              [-119.76766542580707, 33.91143775446756],
              [-119.75857042372985, 33.910802755706136],
              [-119.75097342347433, 33.911403756100164],
              [-119.74550842183208, 33.91141375566527],
              [-119.74135642206363, 33.91262375625758],
              [-119.73143141978301, 33.91027875616151],
              [-119.7188384184136, 33.909636757199614],
              [-119.70750341597147, 33.9103927584537],
              [-119.69319441411879, 33.91368575943412],
              [-119.68760841300102, 33.915643759456415],
              [-119.68240441237302, 33.918446760866125],
              [-119.68059941309956, 33.91949176024665],
              [-119.67576141216945, 33.920587761254026],
              [-119.66914741137988, 33.923132761473845],
              [-119.66397141034093, 33.92640676155914],
              [-119.66117341065751, 33.92834276274368],
              [-119.65356840910775, 33.930096763178675],
              [-119.64743540854212, 33.93281676367933],
              [-119.64055440778888, 33.93626276438799],
              [-119.63674240688071, 33.93828176450455],
              [-119.63018540599258, 33.936994765109766],
              [-119.62596940485336, 33.93604076517359],
              [-119.61854340430206, 33.935885765530024],
              [-119.61371640324258, 33.93644876533883],
              [-119.6103804025355, 33.9372037662645],
              [-119.60209740111831, 33.936772767058535],
              [-119.59595740088, 33.93808676681781],
              [-119.59070239930003, 33.93958276812458],
              [-119.5815983979003, 33.939674768231725],
              [-119.57245939723876, 33.94114276932326],
              [-119.56330339506219, 33.944959769965166],
              [-119.5504793937141, 33.94495777054163],
              [-119.53896139187218, 33.94766077160949],
              [-119.53283739062907, 33.94987877221508],
              [-119.52332438987375, 33.95492977356047],
              [-119.51225638919189, 33.96220377463567],
              [-119.5057733879236, 33.96733577566352],
              [-119.5009643882041, 33.97148877654459],
              [-119.49696638752309, 33.97634977684033],
              [-119.49454838778126, 33.98006977798154],
              [-119.49230238756857, 33.9832197773622],
              [-119.48533538570327, 33.977725777850445],
              [-119.47265938269656, 33.97065177804332],
              [-119.46520338200804, 33.967430778011796],
              [-119.45449138008007, 33.963312777777645],
              [-119.44083437725723, 33.95893877784181],
              [-119.43297337561442, 33.955909778985585],
              [-119.4229033744672, 33.95411677846382],
              [-119.41700937247953, 33.95377577900281],
              [-119.41135637231295, 33.95541977991931],
              [-119.40294036992807, 33.95378977947738],
              [-119.39618836994455, 33.95386878014291],
              [-119.39338236896688, 33.9546907803201],
              [-119.38940936840022, 33.95327478046259],
              [-119.38467836760022, 33.9533227805531],
              [-119.38046836720711, 33.953615781186144],
              [-119.37717736580754, 33.954395781206266],
              [-119.37595936616495, 33.95490778173069],
              [-119.36976936479961, 33.956361781595334],
              [-119.3628413641907, 33.95876678247326],
              [-119.35667136381515, 33.96149478328233],
              [-119.35186836304511, 33.96445878346285],
              [-119.34155236095224, 33.96543478405399],
              [-119.33280636065112, 33.967725785568376],
              [-119.31845535896565, 33.97490378722007],
              [-119.31162735791584, 33.9800277880372],
              [-119.3040983574324, 33.986543789428374],
              [-119.29878035610322, 33.99345178921597],
              [-119.2964683566666, 33.99691579072003],
              [-119.2962503562084, 33.997244790396195],
              [-119.29648435656013, 34.000009790802146],
              [-119.29405935714558, 34.01108579199804],
              [-119.2931243573602, 34.02015679306068],
              [-119.2944103585715, 34.02750779383482],
              [-119.2976543601154, 34.03658779525011],
              [-119.30516536195384, 34.047453794960525],
              [-119.31209936330885, 34.054392796177694],
              [-119.32115836629934, 34.06061579519402],
              [-119.3309383679167, 34.0650687956267],
              [-119.34247437020029, 34.0689687951494],
              [-119.35640037263666, 34.07081279497431],
              [-119.36788937506458, 34.07042079465329],
              [-119.37595937604642, 34.068670792863294],
              [-119.38976637775878, 34.06603979221089],
              [-119.39701837823277, 34.06379679178865],
              [-119.40936438062828, 34.066793791696334],
              [-119.42374238387457, 34.067696790325705],
              [-119.4373303853038, 34.067720789680884],
              [-119.45127338745857, 34.06643978939025],
              [-119.46004838897035, 34.064742788454716],
              [-119.46785439036155, 34.06293578689151],
              [-119.46807639011938, 34.063143787802474],
              [-119.47732039215953, 34.071830787522416],
              [-119.48876439438163, 34.07919978867983],
              [-119.49750239608348, 34.082759788348696],
              [-119.5009673975603, 34.085845788316924],
              [-119.51211839987944, 34.09346478809974],
              [-119.5199924010427, 34.09722878823229],
              [-119.52460040181906, 34.09871378857263],
              [-119.52895040285256, 34.10120378797352],
              [-119.53843140561749, 34.10541778810263],
              [-119.54826340621504, 34.10778778793473],
              [-119.55743840775988, 34.108607788021295],
              [-119.5655344095793, 34.10881378681562],
              [-119.5741284104428, 34.10811778643993],
              [-119.58198541188763, 34.105736785994615],
              [-119.58347341186696, 34.10588378554871],
              [-119.59056841288047, 34.10564278561457],
              [-119.59990441408378, 34.10401178425739],
              [-119.61428041678191, 34.09943678303676],
              [-119.62598141802364, 34.09270178129577],
              [-119.62671341831773, 34.09167578196179],
              [-119.62812441740587, 34.09007178152104],
              [-119.62947841838921, 34.08971478092339],
              [-119.63524141816067, 34.086736780677334],
              [-119.6393664190633, 34.0838787805825],
              [-119.6451814205099, 34.08005977860877],
              [-119.65121242006997, 34.07526477811532],
              [-119.65494342078728, 34.071222777929044],
              [-119.6593664216157, 34.07399377784156],
              [-119.6701604244578, 34.080901778160204],
              [-119.67896642593168, 34.086508778565076],
              [-119.68607942738683, 34.09031377879233],
              [-119.69301942948795, 34.094858778309636],
              [-119.70111943060704, 34.09826777823062],
              [-119.70947543181914, 34.100667777848166],
              [-119.71805443351232, 34.10175477720747],
              [-119.72598543457701, 34.102094776381435],
              [-119.72850743497422, 34.103329776731236],
              [-119.73676643700027, 34.10734377639285],
              [-119.74523443836536, 34.110921777182334],
              [-119.7509934397355, 34.11258677595746],
              [-119.75099443956042, 34.11172077668705],
              [-119.76085144117066, 34.112621776759276],
              [-119.76904444217615, 34.11194777524132],
              [-119.77802444372733, 34.1099737742213],
              [-119.78301844519135, 34.10908777475109],
              [-119.78919644506452, 34.10760477429319],
              [-119.79261344596247, 34.10637977355266],
              [-119.79813844698087, 34.10876777348754],
              [-119.81158044971853, 34.113414773088714],
              [-119.82923245284933, 34.11870677324994],
              [-119.83796945472625, 34.12019977271125],
              [-119.84538245575706, 34.120585771611424],
              [-119.85209945647878, 34.12096177152775],
              [-119.85907845803966, 34.12290377083817],
              [-119.86884045921532, 34.1250067712167],
              [-119.87599746105143, 34.126238770413174],
              [-119.87599746105143, 34.125571770908806],
              [-119.87989046125213, 34.126087770554726],
              [-119.8883284633783, 34.126375769731304],
              [-119.89419046378228, 34.12577676984382],
              [-119.89854046481578, 34.12707377041468],
              [-119.90558746614872, 34.12935976936683],
              [-119.91337646692315, 34.13015276935681],
              [-119.92000146848169, 34.12999376870985],
              [-119.92880746995556, 34.129906767990704],
              [-119.93616747128294, 34.1286627676325],
              [-119.94268847128777, 34.126569767007254],
              [-119.94784747260827, 34.12500376691352],
              [-119.95866347339503, 34.117560764547875],
              [-119.9654834740489, 34.112564764714804],
              [-119.96919047447675, 34.10807876434297],
              [-119.97237347412467, 34.103354763464395],
              [-119.9741784742964, 34.09942176292935],
              [-119.97439847440444, 34.09674776270977],
              [-119.98195947467494, 34.089381760878915],
              [-119.98545447449239, 34.08024376028012],
              [-119.98996347463624, 34.07037875860756],
              [-119.99165547393176, 34.06487275747533],
              [-120.00097547613986, 34.07682375828676],
              [-120.00097547613986, 34.07867575824996],
              [-120.00448447709933, 34.080431758576445],
              [-120.01022247855306, 34.084047758649355],
              [-120.019515480997, 34.087722758649],
              [-120.02650448170527, 34.08901575848267],
              [-120.03619848310889, 34.09003075806852],
              [-120.04516648496453, 34.09061075715065],
              [-120.0528794864693, 34.09035375761023],
              [-120.0633394885022, 34.08971875659024],
              [-120.0710124889257, 34.08845175553406],
              [-120.0802974900754, 34.086405755429446],
              [-120.0858664905764, 34.08420275442415],
              [-120.092483491739, 34.080517753660764],
              [-120.09865449283777, 34.07663075261149],
              [-120.10293049245482, 34.07449875299184],
              [-120.10620349341274, 34.07553075308993],
              [-120.10891149448109, 34.07612675225262],
              [-120.1122634950817, 34.07648575289676],
              [-120.11497349490162, 34.07805675233512],
              [-120.12014449591767, 34.07894675150874],
              [-120.12597949655748, 34.078819751986366],
              [-120.12990249689538, 34.07881575125429],
              [-120.13501849855818, 34.078814751257234],
              [-120.13993149893307, 34.07858075088075],
              [-120.14524749971412, 34.07774375062352],
              [-120.15011950097944, 34.07607074987808],
              [-120.15901950126636, 34.07570174936982],
              [-120.17114050353095, 34.07332274864502],
              [-120.17919350479438, 34.06947274731315],
              [-120.18547350567307, 34.06622474718003],
              [-120.19110850629633, 34.061369746196014],
              [-120.19412650608778, 34.05872574577205],
              [-120.19758850719158, 34.05815474557817],
              [-120.19984350672681, 34.05885574560315],
              [-120.20612550815366, 34.060223745464405],
              [-120.21039550882124, 34.06085774491133],
              [-120.21655551004935, 34.061221744305236],
              [-120.22489051134505, 34.061316745096065],
              [-120.23101051239021, 34.06114474339027],
              [-120.23729251291874, 34.0602697435038],
              [-120.24268651351758, 34.05983074356222],
              [-120.25098351517846, 34.05891674265578],
              [-120.25285851477209, 34.058035742872804],
              [-120.25296251542747, 34.05809974198452],
              [-120.25581451643589, 34.05985374269172],
              [-120.25788551674641, 34.062211742501184],
              [-120.26242051682952, 34.06508874225415],
              [-120.26639851831737, 34.06913674332266],
              [-120.27159151997306, 34.074145743495265],
              [-120.2724615194611, 34.07811074296907],
              [-120.27429752049329, 34.08180374325797],
              [-120.27869052208283, 34.08781774460219],
              [-120.2846635237132, 34.0947547446971],
              [-120.29115252482929, 34.099655745133276],
              [-120.29779952612911, 34.10412074473195],
              [-120.30492352745492, 34.10704874376161],
              [-120.31172352891562, 34.10951074391097],
              [-120.32109953030191, 34.110454743898835],
              [-120.3243495307953, 34.11380474402515],
              [-120.32787653219641, 34.11605274447586],
              [-120.33318753295458, 34.119222744141105],
              [-120.33857453388072, 34.12169174409137],
              [-120.33918953489726, 34.12328874453736],
              [-120.3398325346046, 34.1249977441778],
              [-120.34272453489767, 34.131506744486444],
              [-120.34651353623961, 34.136680744839445],
              [-120.3505025375981, 34.14145474523407],
              [-120.35517353902198, 34.14502574531166],
              [-120.36199053930281, 34.14878474494247],
              [-120.36875854097647, 34.15104574453213],
              [-120.37599654210507, 34.15242874467684],
              [-120.3872575449274, 34.1548657446544],
              [-120.38863154420558, 34.15505874508164],
              [-120.39195754576527, 34.15671174426253],
              [-120.4011815468156, 34.15873374358073],
              [-120.41104354844872, 34.16008274351034],
              [-120.4187995496112, 34.160573743241684],
              [-120.42661555104813, 34.15925774273271],
              [-120.43273255172024, 34.157482741505895],
              [-120.44101455241419, 34.15449174137313],
              [-120.44908655394417, 34.15059774052803],
              [-120.45702455468154, 34.14576773919198],
              [-120.46530755520038, 34.13929673851657],
              [-120.47166655572184, 34.13410673780393],
              [-120.47732155643656, 34.13818573741207],
              [-120.48144155821461, 34.14217273721904],
              [-120.4869235595753, 34.145080737783346],
              [-120.49195055975301, 34.14712273841466],
              [-120.49739056128091, 34.14989673742004],
              [-120.50100656237048, 34.15052773764335],
              [-120.5071825625938, 34.15134773731473],
              [-120.5160515638169, 34.152802736278964],
              [-120.52687356624806, 34.15203073657687],
              [-120.53813056797408, 34.15034873505817],
              [-120.54871356913233, 34.14642073477752],
              [-120.56101057022573, 34.140668733136835],
              [-120.56785957119192, 34.13562273162292],
              [-120.57252157149665, 34.130254731663136],
              [-120.57510157162018, 34.126478730821816],
              [-120.5757495713504, 34.12499773079234],
              [-120.57906657179092, 34.11859572913429],
              [-120.58227657120301, 34.10752172834313],
              [-120.58190956988356, 34.098561727903764],
              [-120.58156056990411, 34.09149272677765],
              [-120.57830056846667, 34.08420972642992]
            ]
          ],
          [
            [
              [-118.6550692073245, 33.445314766084785],
              [-118.64292520459537, 33.43432776508625],
              [-118.63695520333805, 33.42868376560096],
              [-118.63074620170615, 33.4232077645208],
              [-118.6259292006924, 33.415073763992524],
              [-118.6259292006924, 33.41426976483516],
              [-118.61858619818516, 33.40619576374509],
              [-118.60724019587235, 33.39829876381116],
              [-118.59109219261444, 33.39087676337687],
              [-118.57320918950498, 33.38348376333006],
              [-118.56364318814788, 33.38103476400645],
              [-118.5573451868275, 33.380700764077524],
              [-118.55338818525605, 33.38023076416524],
              [-118.54794118495379, 33.37680376465034],
              [-118.54858918468396, 33.3750327645971],
              [-118.54962118545204, 33.3750327645971],
              [-118.55120518389421, 33.3693567637266],
              [-118.55097818411352, 33.36161476237943],
              [-118.54961818328239, 33.350651761357064],
              [-118.54748818162399, 33.34048476046536],
              [-118.54253117996984, 33.33105075949103],
              [-118.54086117951732, 33.32509275817763],
              [-118.53489717810781, 33.31518075852942],
              [-118.51804917344451, 33.296654756967264],
              [-118.510398171864, 33.28966375643501],
              [-118.50369217011462, 33.28531875636648],
              [-118.50092617021822, 33.28407475699834],
              [-118.48670016640959, 33.27690975643547],
              [-118.47147116394184, 33.272895756475506],
              [-118.45508416030933, 33.26902375775109],
              [-118.44047215850794, 33.26746175800393],
              [-118.43766615753027, 33.26702275785853],
              [-118.42753115608569, 33.26596775849953],
              [-118.41206115359351, 33.2662797590775],
              [-118.40256915185624, 33.26794175969574],
              [-118.39414915107004, 33.265913760337476],
              [-118.38914314991042, 33.265201760528726],
              [-118.38560114844068, 33.26536276025485],
              [-118.38149914890091, 33.26230276000648],
              [-118.37592014745587, 33.260078759938324],
              [-118.36332314499016, 33.2550787610153],
              [-118.34996214244335, 33.25168676133183],
              [-118.34378414077355, 33.25003476081894],
              [-118.34147914100966, 33.25003476081894],
              [-118.33476513976267, 33.24861676131788],
              [-118.32800513848491, 33.24808776187098],
              [-118.31863413622317, 33.248476762304115],
              [-118.3137851363207, 33.24914276230515],
              [-118.30873413495523, 33.25003476307268],
              [-118.30968313498433, 33.25003476232146],
              [-118.30284913498502, 33.25100976303392],
              [-118.292470133143, 33.2540827642149],
              [-118.2807151314746, 33.2590967656174],
              [-118.26919012906164, 33.26568476707904],
              [-118.2591901282346, 33.27250976834567],
              [-118.25090912826386, 33.28144876926071],
              [-118.25091512811166, 33.28046976984743],
              [-118.24908712747536, 33.28414676985409],
              [-118.24595212750805, 33.2910657705501],
              [-118.24271312778363, 33.30311777222864],
              [-118.2410631283209, 33.31303377391561],
              [-118.24129812939587, 33.32302777455341],
              [-118.24511413140031, 33.338345776547555],
              [-118.25091513350155, 33.35165477724756],
              [-118.25139113280429, 33.353401777994435],
              [-118.25382313368816, 33.35722677859418],
              [-118.25772613483291, 33.364135778133694],
              [-118.26276013647994, 33.37044477912729],
              [-118.26818913813717, 33.375028779683305],
              [-118.27133513797517, 33.37669077972029],
              [-118.27722214029012, 33.380747779531596],
              [-118.27964114075519, 33.38319177925957],
              [-118.2858221418997, 33.38984678026329],
              [-118.29467814450064, 33.397597780829585],
              [-118.3041141461614, 33.40363678065759],
              [-118.30660314694666, 33.407159780600395],
              [-118.30714014634879, 33.40972178088437],
              [-118.30859914781242, 33.41636878188543],
              [-118.30868814750089, 33.4166987817159],
              [-118.31095914872627, 33.4251417826687],
              [-118.31636315116745, 33.43414178319058],
              [-118.32466515285121, 33.44198778311164],
              [-118.33278515406178, 33.44804878402332],
              [-118.34206915538657, 33.45388078339004],
              [-118.35093015801037, 33.45782278382752],
              [-118.35256015827993, 33.45938478387307],
              [-118.35940515994649, 33.46492678454451],
              [-118.36922916194476, 33.46900978459402],
              [-118.37592016362554, 33.47110378411544],
              [-118.37799416341076, 33.471574784211015],
              [-118.38606116581622, 33.47345778412566],
              [-118.38940016509973, 33.474498783929135],
              [-118.39513916637836, 33.47671878327484],
              [-118.40324216876878, 33.47927178289627],
              [-118.41188416931284, 33.480782783254554],
              [-118.42085317189171, 33.481786783257576],
              [-118.42288217147109, 33.48387078344003],
              [-118.42710717283114, 33.48716578358075],
              [-118.43244217387874, 33.488944782549154],
              [-118.43684717426552, 33.489447782936566],
              [-118.44756217746489, 33.50002978356521],
              [-118.45221517844708, 33.503392783795],
              [-118.45683717946714, 33.506879783921846],
              [-118.46286518045079, 33.51043178429064],
              [-118.46897318180038, 33.51300378405379],
              [-118.4772881839029, 33.51543878358077],
              [-118.48262918479828, 33.51606378365632],
              [-118.48788818477959, 33.51614978292988],
              [-118.49334718567573, 33.51573078263221],
              [-118.49672518711395, 33.518379783010815],
              [-118.50092418853471, 33.52163478281435],
              [-118.50262618787599, 33.52267278302974],
              [-118.50676918922024, 33.52491578319731],
              [-118.5123971901708, 33.52692078295437],
              [-118.51766319072311, 33.52869078224431],
              [-118.52324819201597, 33.530157782168764],
              [-118.5293941938987, 33.53118678183162],
              [-118.53365119414745, 33.53144678230953],
              [-118.53894919538513, 33.531265781808926],
              [-118.54661419631104, 33.53084578166992],
              [-118.55094619690288, 33.53019678129426],
              [-118.55503719747028, 33.52921178140446],
              [-118.5577621973588, 33.5283327808998],
              [-118.56318519916825, 33.529294779738926],
              [-118.5672001995677, 33.52948678029039],
              [-118.57153520053257, 33.52947577987251],
              [-118.57530720035945, 33.52926477975465],
              [-118.57915620107754, 33.528414779619226],
              [-118.58583220268969, 33.530884779736255],
              [-118.58973120363648, 33.53198277936437],
              [-118.59366620366997, 33.532241778531734],
              [-118.59976820517178, 33.532325778864106],
              [-118.60502620622648, 33.53221077840628],
              [-118.61217020674545, 33.531854778246185],
              [-118.61894720863994, 33.530659776998434],
              [-118.62592820985064, 33.52898277624861],
              [-118.63251721052585, 33.52647077648279],
              [-118.63841621073973, 33.52403077565851],
              [-118.64407021162954, 33.5212887752312],
              [-118.64787121266706, 33.51821477487526],
              [-118.65202721173517, 33.51409777452701],
              [-118.65574721258184, 33.51082277373565],
              [-118.65826221330636, 33.50788977315935],
              [-118.65993621305854, 33.50576477244712],
              [-118.66216121335486, 33.50172177136731],
              [-118.6637222131291, 33.5000297715797],
              [-118.66673121269977, 33.493494770370624],
              [-118.66821521248112, 33.48594176983391],
              [-118.66761421170825, 33.47749376912354],
              [-118.66593121083694, 33.467338767378834],
              [-118.6617622095534, 33.45632176702848],
              [-118.6550692073245, 33.445314766084785]
            ]
          ],
          [
            [
              [-118.67018517657668, 33.000038715273135],
              [-118.64474417267145, 33.00003771778444],
              [-118.6443391726155, 32.99777871670706],
              [-118.64389117200352, 32.99489371592949],
              [-118.6434451719397, 32.99284771605216],
              [-118.64187017012509, 32.98704371572528],
              [-118.64049817049673, 32.982615715114626],
              [-118.63920616943766, 32.97811971417647],
              [-118.63771816945834, 32.975368715268665],
              [-118.63711116883766, 32.97244971395809],
              [-118.63650316839214, 32.969094714101765],
              [-118.63553416827159, 32.96560471362705],
              [-118.63388516773543, 32.962218713607136],
              [-118.63151316622772, 32.95715371324895],
              [-118.62958516603234, 32.95363271274392],
              [-118.62757816529592, 32.9503147124128],
              [-118.62592816583319, 32.94723071197279],
              [-118.62212916444551, 32.94143871155214],
              [-118.61860916361539, 32.9368567109551],
              [-118.61470016172453, 32.932815711275865],
              [-118.61080116077774, 32.92931271041465],
              [-118.60881416103112, 32.92769471049932],
              [-118.60818616139241, 32.92612571120827],
              [-118.60669215976866, 32.92097870987186],
              [-118.60548315944858, 32.918208710328216],
              [-118.60571315960235, 32.91562070948451],
              [-118.6055341595022, 32.912434709575024],
              [-118.6053011589754, 32.90854470852055],
              [-118.6043471580251, 32.90660970814729],
              [-118.6038591581285, 32.90479170874841],
              [-118.60353115806542, 32.903568708078076],
              [-118.60087115757594, 32.89786670845119],
              [-118.5969421564919, 32.89047070706006],
              [-118.59209415551604, 32.88506570683867],
              [-118.59115315498457, 32.883838707158134],
              [-118.58951315466923, 32.88144370686183],
              [-118.58794915362363, 32.878847706668786],
              [-118.58444315303721, 32.87504070615094],
              [-118.58133015281119, 32.87152670560536],
              [-118.57722215072872, 32.86802670615878],
              [-118.5750671507526, 32.86573770586961],
              [-118.5713941497616, 32.8593067051603],
              [-118.56736514911849, 32.854560704639376],
              [-118.5640951476353, 32.85139570468909],
              [-118.56254014770883, 32.84944270481296],
              [-118.55946614694254, 32.84348370373375],
              [-118.55714914658472, 32.83735470370169],
              [-118.55547214556118, 32.833178703133136],
              [-118.55319814396275, 32.82880170217503],
              [-118.55052714360261, 32.825333702140455],
              [-118.54673814226066, 32.82068570171915],
              [-118.54251414162387, 32.81657870214978],
              [-118.53820914079621, 32.812774701756204],
              [-118.53510214041795, 32.810585701341246],
              [-118.53179613984811, 32.80876970133297],
              [-118.52984413936325, 32.807893700932226],
              [-118.52482613850808, 32.804728701441206],
              [-118.52044513751244, 32.80196770140289],
              [-118.5158251370405, 32.79957570120596],
              [-118.51025013489509, 32.79782470136791],
              [-118.50766213437561, 32.79688170155305],
              [-118.50475513401392, 32.79455770083368],
              [-118.50092213318933, 32.79203070128034],
              [-118.49967913343237, 32.79104870120659],
              [-118.49422313111266, 32.78550670030648],
              [-118.48880813059742, 32.781375700881014],
              [-118.48498612964353, 32.77916270126194],
              [-118.48438912996697, 32.77862370065668],
              [-118.48168112800025, 32.77472570048945],
              [-118.4779381275874, 32.7706256998325],
              [-118.47391812626675, 32.766828699632846],
              [-118.46838612557566, 32.76259869991984],
              [-118.46472412535364, 32.76018069968778],
              [-118.45903312375559, 32.7576996992996],
              [-118.45382012290673, 32.755115699425886],
              [-118.44749212234743, 32.7531416996927],
              [-118.44092712016506, 32.751030699825215],
              [-118.43885811950436, 32.750394699871556],
              [-118.4365501202657, 32.750044700129024],
              [-118.41981111717897, 32.75004470088456],
              [-118.4162151161809, 32.75059570059364],
              [-118.41263311542647, 32.75110670102222],
              [-118.4083341144466, 32.75191870157204],
              [-118.40415511491393, 32.75330570164773],
              [-118.39953711409183, 32.75523070225959],
              [-118.39591311260635, 32.75715470258779],
              [-118.39256911329996, 32.758505703445614],
              [-118.38894511271276, 32.76113570318654],
              [-118.38536111141025, 32.76356370319446],
              [-118.38297111125749, 32.765856704414844],
              [-118.3812171120377, 32.76808070445517],
              [-118.3789871108202, 32.76959770502249],
              [-118.37838911131871, 32.77023670478281],
              [-118.3759191108, 32.76939870506699],
              [-118.37387311060385, 32.76885170499623],
              [-118.37100910989986, 32.768206704503356],
              [-118.36428510860712, 32.767080705361444],
              [-118.35911410759107, 32.766160705035894],
              [-118.35350610673197, 32.76581170544234],
              [-118.34320410488283, 32.76706670678246],
              [-118.33198610351488, 32.770574707353134],
              [-118.32383110304252, 32.773518707948924],
              [-118.31854010147752, 32.776804708686065],
              [-118.31280910149313, 32.78082970943244],
              [-118.30286009982142, 32.788850711438855],
              [-118.2984811002722, 32.79426171187276],
              [-118.29585309956977, 32.79826071195848],
              [-118.29282509973257, 32.80380871362579],
              [-118.28991709954596, 32.8105347144027],
              [-118.28895809947113, 32.81615471500964],
              [-118.28879609998772, 32.82083371536605],
              [-118.2899061005736, 32.82938771602779],
              [-118.29241010142749, 32.83639871762867],
              [-118.29726210349966, 32.845098717518695],
              [-118.30490210520948, 32.853469717891436],
              [-118.31035510625786, 32.85950971823673],
              [-118.31740210759078, 32.86376971865691],
              [-118.32034810831055, 32.86626871885413],
              [-118.32572311043943, 32.871736719482556],
              [-118.32973111026787, 32.875041719385145],
              [-118.32891011028528, 32.875041719385145],
              [-118.33197811120377, 32.87678672007969],
              [-118.33746911188699, 32.879752718972405],
              [-118.34359611350314, 32.88443271906832],
              [-118.35031911497097, 32.889685719563275],
              [-118.35640511657924, 32.894499719823294],
              [-118.36253111747216, 32.900121720313926],
              [-118.36993412025386, 32.905071720331286],
              [-118.37591912157981, 32.908691721132286],
              [-118.37762812149208, 32.90960072052787],
              [-118.38157912141908, 32.91185772090772],
              [-118.38644812320966, 32.91508772157239],
              [-118.39079912406808, 32.917845720909625],
              [-118.39694712470232, 32.92255272137058],
              [-118.40605512719833, 32.93179672186551],
              [-118.40960912836364, 32.93455472141464],
              [-118.41128712921211, 32.93646972195693],
              [-118.41396312959512, 32.93862172255633],
              [-118.41875613031942, 32.94211772282431],
              [-118.42335013175038, 32.94648772253032],
              [-118.42770413208352, 32.94958072312755],
              [-118.4344151338558, 32.95321172285756],
              [-118.44216413534558, 32.95795372314501],
              [-118.44591913635232, 32.960274722317195],
              [-118.44887513711785, 32.96175472362288],
              [-118.45031513741658, 32.96370272369231],
              [-118.4545531382971, 32.96796972326926],
              [-118.45731313924402, 32.970924723244124],
              [-118.46019413966644, 32.97525872414169],
              [-118.46583714158393, 32.98244372494464],
              [-118.47119914239569, 32.98912772475915],
              [-118.47488014378261, 32.993092725382574],
              [-118.47780014366481, 32.995779725225475],
              [-118.48020114458653, 32.99860072564891],
              [-118.48142514587352, 33.000037726071696],
              [-118.47996414476006, 33.000037726071696],
              [-118.48475814620757, 33.00462372547619],
              [-118.48547214605999, 33.00599672580577],
              [-118.48714914708354, 33.00818072605259],
              [-118.48950914709907, 33.01063472608032],
              [-118.4911441482898, 33.01792772668216],
              [-118.49559414978073, 33.02634072785586],
              [-118.50092315098057, 33.03059072821952],
              [-118.50478115191949, 33.03462772867629],
              [-118.5076751527607, 33.03788772897693],
              [-118.50928515293876, 33.04157172900102],
              [-118.51497815418665, 33.04989372950433],
              [-118.52373915725137, 33.0599767304636],
              [-118.53419815856105, 33.06786273083269],
              [-118.5421151602803, 33.07379273078816],
              [-118.55263916278562, 33.07863773079438],
              [-118.56142316451825, 33.08106573117777],
              [-118.56493516495242, 33.08222372999913],
              [-118.57834916720269, 33.08624773064513],
              [-118.58954516882935, 33.087115729747005],
              [-118.60227417153949, 33.086054729064834],
              [-118.60835417240169, 33.086324728544554],
              [-118.61963317476733, 33.086723727595995],
              [-118.62592917553955, 33.085668728396826],
              [-118.6326541766572, 33.084543726739184],
              [-118.64131317781802, 33.081886726234735],
              [-118.65437517971579, 33.0749567254102],
              [-118.66385818033388, 33.066850724021755],
              [-118.67079418044041, 33.05797072207781],
              [-118.67561718130194, 33.049353721462985],
              [-118.67821618079374, 33.03973071968257],
              [-118.67856318022505, 33.026360718374434],
              [-118.67595317906597, 33.01542571652825],
              [-118.67485517817565, 33.01214771718634],
              [-118.67102817719886, 33.00585571638155],
              [-118.67018517657668, 33.000038715273135]
            ]
          ],
          [
            [
              [-119.62595535071073, 33.23455669060308],
              [-119.62520034905378, 33.23247469099168],
              [-119.62357134950746, 33.230411690233005],
              [-119.62193434866691, 33.22874169062359],
              [-119.62093234893436, 33.22786468997007],
              [-119.61993234795334, 33.22683069045457],
              [-119.61950134885645, 33.22501669030705],
              [-119.61825034780524, 33.2224866900978],
              [-119.61482634633629, 33.21725768947671],
              [-119.61148334595649, 33.21273768956629],
              [-119.60529434441607, 33.20692368940738],
              [-119.60027134353801, 33.203244689472974],
              [-119.59396234234697, 33.19900068850578],
              [-119.58909934040415, 33.19673768825898],
              [-119.58727034084127, 33.195535689052384],
              [-119.58098333939158, 33.19018968876631],
              [-119.57833133929799, 33.188506687868475],
              [-119.57420433784725, 33.18648868888203],
              [-119.56933533695496, 33.18461968915209],
              [-119.56224933526399, 33.18248468836315],
              [-119.55495833443192, 33.18152668895886],
              [-119.55320533413871, 33.181267688342196],
              [-119.55155233430294, 33.18061768883095],
              [-119.55007833366899, 33.18028368878211],
              [-119.5467753334722, 33.17882568967844],
              [-119.54126833199713, 33.17647568921808],
              [-119.53225033081111, 33.17392068907775],
              [-119.52902332988396, 33.17324968992964],
              [-119.52672132959475, 33.17266768884816],
              [-119.52287032922686, 33.170889689692],
              [-119.5168933273985, 33.16900268955526],
              [-119.51201332663561, 33.16775968995324],
              [-119.51026232599222, 33.16742168936257],
              [-119.50804332644199, 33.16739068989944],
              [-119.50095132490324, 33.16739269010772],
              [-119.49143032375197, 33.167016690758444],
              [-119.48945732335075, 33.166605690356924],
              [-119.47960232049203, 33.16391869119348],
              [-119.47875732111834, 33.16367469112267],
              [-119.47649832048683, 33.16349769132753],
              [-119.47527031990019, 33.16364469123352],
              [-119.47224032041315, 33.16440769169212],
              [-119.46837131870527, 33.164610691682334],
              [-119.44497931626756, 33.165274693649735],
              [-119.43372931421423, 33.16699169330842],
              [-119.3945483085438, 33.180840696911346],
              [-119.38615430769684, 33.186287698741964],
              [-119.38147730732354, 33.18947969894192],
              [-119.37900330660688, 33.19071869935035],
              [-119.37594930593208, 33.19219069950097],
              [-119.373873306497, 33.19503070024051],
              [-119.37197630626376, 33.197632700390436],
              [-119.36846330600466, 33.20260070167713],
              [-119.36541330642615, 33.208516701489465],
              [-119.36245430528759, 33.214825703160244],
              [-119.3607143063115, 33.22145670386376],
              [-119.36019330590459, 33.228323704444634],
              [-119.36014530712232, 33.234877704928934],
              [-119.3609383075158, 33.24206470582617],
              [-119.36213730868843, 33.24522570610302],
              [-119.36473430853044, 33.25003470597783],
              [-119.36723930920922, 33.2534047064802],
              [-119.3690953103329, 33.2557827063505],
              [-119.3759503111469, 33.26323970729745],
              [-119.3759503120452, 33.26476070747441],
              [-119.37974231286191, 33.26763670819603],
              [-119.38522931334712, 33.270928707996035],
              [-119.39099531528825, 33.27437970797008],
              [-119.39991831693803, 33.280071707742735],
              [-119.40540431849668, 33.28351770763506],
              [-119.41338232031534, 33.28951370846985],
              [-119.42250932217961, 33.29623570807065],
              [-119.42595232211849, 33.29877070840732],
              [-119.42618932284329, 33.298945708477156],
              [-119.42817632258989, 33.30003370795047],
              [-119.4287323231569, 33.30033770846917],
              [-119.43000832342415, 33.30103570817505],
              [-119.44328532630539, 33.30574670778485],
              [-119.47131733110311, 33.31683270800962],
              [-119.49055633574406, 33.325143708307095],
              [-119.49513233583508, 33.327158707659656],
              [-119.50095333623116, 33.32911170706747],
              [-119.50856433852701, 33.331001707207776],
              [-119.5191503400583, 33.333704707661],
              [-119.52532534135503, 33.33486670680767],
              [-119.52966534234278, 33.33522170647473],
              [-119.53419634312627, 33.335263706796255],
              [-119.53818234321338, 33.334824705544186],
              [-119.54355734444395, 33.33416370552541],
              [-119.54940834497725, 33.332794704641415],
              [-119.55461634580324, 33.33118270477968],
              [-119.55973534604249, 33.329331704228146],
              [-119.56494334686846, 33.32764170454987],
              [-119.56918934724659, 33.32807370459104],
              [-119.57491934920269, 33.32828170343002],
              [-119.57834434959824, 33.32807570262646],
              [-119.58269635028158, 33.32779770356085],
              [-119.5881663510484, 33.32697570291707],
              [-119.59253235107711, 33.32582770297315],
              [-119.59923435262851, 33.32328070168329],
              [-119.60483135361693, 33.3204067013488],
              [-119.60930735325051, 33.31823370066165],
              [-119.61454335456392, 33.314803699980345],
              [-119.61847635494757, 33.31191369938643],
              [-119.62166535534158, 33.309256698703386],
              [-119.62595635592555, 33.305040698973954],
              [-119.62908835551983, 33.299341697809915],
              [-119.63383235584031, 33.289326695939735],
              [-119.63480735580865, 33.28596069547909],
              [-119.63608035480452, 33.28071769495381],
              [-119.63631435425793, 33.27304469441747],
              [-119.63473135384406, 33.2654466937327],
              [-119.63285435280397, 33.259023692478934],
              [-119.63105735212982, 33.25549769275177],
              [-119.63154835239953, 33.25322869184937],
              [-119.6318363522796, 33.25003269188101],
              [-119.63164135228594, 33.24891169218018],
              [-119.63174935134263, 33.24749669155782],
              [-119.6312953517812, 33.24497869147564],
              [-119.6278403503501, 33.23695069110531],
              [-119.62595535071073, 33.23455669060308]
            ]
          ],
          [
            [
              [-123.16671232229955, 37.74993488749913],
              [-123.16276432094897, 37.74353788683139],
              [-123.15677031940218, 37.7378448873285],
              [-123.1491403186364, 37.7322838866949],
              [-123.14150831642415, 37.72616488709748],
              [-123.13261031399043, 37.71939788734405],
              [-123.12612731272212, 37.716734888041536],
              [-123.1196583116975, 37.71544588844754],
              [-123.11558831104651, 37.714049887743364],
              [-123.1049343088448, 37.71265288928268],
              [-123.09966030879492, 37.71359588963699],
              [-123.09481430746885, 37.71407188966277],
              [-123.09286330770725, 37.713692890214304],
              [-123.09181330739582, 37.71187689011525],
              [-123.08879730635587, 37.70579689009373],
              [-123.0860703050209, 37.70075488924422],
              [-123.08189330423978, 37.696844890120815],
              [-123.07716830238923, 37.6923288894475],
              [-123.07493430277039, 37.690070889753265],
              [-123.07307630109858, 37.68258788896173],
              [-123.0686022993182, 37.67304588852196],
              [-123.0635912972374, 37.66732088865022],
              [-123.05359329516182, 37.65865288835839],
              [-123.04070929264098, 37.65033288923268],
              [-123.02716628962098, 37.645225889778125],
              [-123.011618287311, 37.64151088976314],
              [-123.00112328601631, 37.641779890993114],
              [-123.00112328601631, 37.639834891030134],
              [-123.00092528564959, 37.639934891083165],
              [-122.99260228404943, 37.64102089156956],
              [-122.98676028373694, 37.64178789198787],
              [-122.98052628378731, 37.6439048923484],
              [-122.97302528199464, 37.64658589379353],
              [-122.9630192813198, 37.65198889460992],
              [-122.95488928096181, 37.65835289512383],
              [-122.94908128098452, 37.66338189662099],
              [-122.94502228020414, 37.669777897316656],
              [-122.94137728059887, 37.67658489823093],
              [-122.9396742814327, 37.68235789896589],
              [-122.93903928212129, 37.6865488996125],
              [-122.93735228284866, 37.6909349000622],
              [-122.93572328240398, 37.69762290042506],
              [-122.935878283113, 37.70246390065677],
              [-122.9376922844039, 37.70924590097565],
              [-122.9379302849536, 37.70996090083579],
              [-122.93972428525467, 37.71535490201864],
              [-122.94230728575126, 37.72106190144831],
              [-122.94553628722657, 37.7253189020561],
              [-122.94999828841306, 37.732191902148834],
              [-122.9546532899434, 37.73683190156621],
              [-122.9584042907522, 37.73973890207213],
              [-122.96107029108947, 37.74195990155595],
              [-122.96411229206869, 37.74428590207302],
              [-122.96728429364258, 37.74630790167151],
              [-122.97046229416594, 37.74782290205804],
              [-122.9732692940702, 37.74865690148845],
              [-122.97407429505755, 37.7499339016178],
              [-122.97546129475455, 37.752589901435435],
              [-122.97760929505796, 37.75498090222918],
              [-122.98144229678086, 37.75892090243103],
              [-122.98742729810677, 37.76387490239722],
              [-122.99510329980164, 37.769135901722926],
              [-122.99755130057902, 37.77078890143911],
              [-123.00112330128768, 37.77205790113897],
              [-123.00616730208213, 37.77352890138279],
              [-123.01060130278121, 37.77493090105782],
              [-123.01698330376718, 37.77607390024472],
              [-123.02586330486093, 37.77709490040621],
              [-123.03144930597868, 37.77715789906697],
              [-123.03385430620007, 37.77837990000973],
              [-123.03511030727411, 37.7804358996326],
              [-123.03873930878251, 37.78888590027134],
              [-123.04883031074445, 37.79982089958439],
              [-123.07050731611706, 37.813834899843854],
              [-123.08165931826109, 37.818155899346465],
              [-123.09527432125113, 37.82188189876075],
              [-123.10826932230341, 37.82254689765808],
              [-123.11830232453907, 37.82306289738724],
              [-123.12612732529854, 37.821668896293346],
              [-123.13228532597851, 37.81968089589731],
              [-123.13945432661185, 37.81672389550232],
              [-123.14722232746992, 37.81195589403816],
              [-123.15334832746453, 37.807448893142876],
              [-123.15387632754414, 37.80706989346176],
              [-123.16094932791798, 37.80200689194801],
              [-123.1660253284995, 37.796889891666396],
              [-123.16912032828385, 37.79236989053781],
              [-123.17372832726359, 37.77611788922701],
              [-123.17383832686843, 37.77573188968295],
              [-123.17377632604585, 37.77183588820911],
              [-123.17293932527144, 37.76360488806609],
              [-123.16999832367627, 37.755934887857514],
              [-123.16671232229955, 37.74993488749913]
            ]
          ],
          [
            [
              [-119.10379328110565, 33.44044874127208],
              [-119.10077328076606, 33.435246740905825],
              [-119.09414027881161, 33.426876739829055],
              [-119.08652527631781, 33.42139373960268],
              [-119.07852327510801, 33.41676973943742],
              [-119.07190527412051, 33.41380374061862],
              [-119.06413427288939, 33.412550740475254],
              [-119.05308327012939, 33.41102874064009],
              [-119.03964326793984, 33.412224741084934],
              [-119.02705626641823, 33.41287874222895],
              [-119.01801126546802, 33.41505774319863],
              [-119.0095362635319, 33.41677174368443],
              [-119.00094326249335, 33.42130674502514],
              [-119.00094326249335, 33.41849774458139],
              [-118.99599726160821, 33.419967744214986],
              [-118.98873826146146, 33.42344574582026],
              [-118.98052425964126, 33.42859774695349],
              [-118.97849325951373, 33.43111074717502],
              [-118.97269225920911, 33.443174748108625],
              [-118.96984126072056, 33.45289374953427],
              [-118.96677726000003, 33.45791975003959],
              [-118.9637632595082, 33.466834751347186],
              [-118.96274026075757, 33.47330575180704],
              [-118.96277126161804, 33.48520975393441],
              [-118.96491626244674, 33.4953067547507],
              [-118.96603026323055, 33.5000277550237],
              [-118.96831926399929, 33.505567755322055],
              [-118.97101926467175, 33.51065975625985],
              [-118.97289826536165, 33.51383975610007],
              [-118.9765522669844, 33.51768075656007],
              [-118.97911226701645, 33.52065475629405],
              [-118.98216126766836, 33.52426475677176],
              [-118.98621126822789, 33.52742975718335],
              [-118.99005826929617, 33.53029375709634],
              [-118.99280827019734, 33.53185375686033],
              [-118.99446527023107, 33.53271575730188],
              [-118.99785727101465, 33.53420375781929],
              [-119.00094427219975, 33.53582775660639],
              [-119.00094427219975, 33.53589975722587],
              [-119.00807927339619, 33.5375597570835],
              [-119.01213827417656, 33.53834075742117],
              [-119.01736227489609, 33.53919075656097],
              [-119.02395527576925, 33.54000775610279],
              [-119.03074927648385, 33.540120756024436],
              [-119.03625827760872, 33.53962675586786],
              [-119.04140627816025, 33.538626755726916],
              [-119.04707727876851, 33.53722575535439],
              [-119.04848427945532, 33.53729475449022],
              [-119.05081627988173, 33.5371637549228],
              [-119.0539522805723, 33.53676575396755],
              [-119.05656728085594, 33.5360307542161],
              [-119.06042628161977, 33.53643975434473],
              [-119.06617428222093, 33.53671675417854],
              [-119.07015528318348, 33.53642075338022],
              [-119.07650928368206, 33.53515275303015],
              [-119.0837482855339, 33.53291175263274],
              [-119.09050528554029, 33.53030075191821],
              [-119.09871228678946, 33.52644675070041],
              [-119.10422328756418, 33.522892750765074],
              [-119.1087302880582, 33.51926875027497],
              [-119.11166828838203, 33.515475749181036],
              [-119.11509128822945, 33.5098687485964],
              [-119.11718628793112, 33.50560474761077],
              [-119.11896128796562, 33.50002674674569],
              [-119.10722728621361, 33.50002774753276],
              [-119.10795628523634, 33.4951887467469],
              [-119.10748228648175, 33.49541974640589],
              [-119.10792128507626, 33.49119174661392],
              [-119.10837728518582, 33.48578874573394],
              [-119.10921428506194, 33.48007574470639],
              [-119.1095812845847, 33.47428074406751],
              [-119.10909728398775, 33.46894674387426],
              [-119.1096662840752, 33.462291743147],
              [-119.10881428233388, 33.456327742553626],
              [-119.10889128232678, 33.451155741850314],
              [-119.10616628153996, 33.44501674142341],
              [-119.10379328110565, 33.44044874127208]
            ]
          ]
        ]
      },
      "properties": {
        "OBJECTID": 56,
        "REGION": "4",
        "DIVISION": "9",
        "STATEFP": "06",
        "STATENS": "01779778",
        "GEOID": "06",
        "STUSPS": "CA",
        "NAME": "California",
        "LSAD": "00",
        "MTFCC": "G4000",
        "FUNCSTAT": "A",
        "ALAND": 403467168329,
        "AWATER": 20499799756,
        "INTPTLAT": "+37.1551773",
        "INTPTLON": "-119.5434183",
        "Shape_Leng": 5258040.97667,
        "Shape_Le_1": 5258040.97667,
        "Shape_Area": 671892661618
      }
    }
  ]
}
